[14:23:26] [main/INFO] (FabricLoader/GameProvider) Loading Minecraft 1.21.7 with Fabric Loader 0.16.14
[14:23:26] [main/DEBUG] (FabricLoader/GamePatch) Found game constructor: net.minecraft.server.Main -> net/minecraft/server/Main
[14:23:26] [main/DEBUG] (FabricLoader/GamePatch) Patching game constructor main([Ljava/lang/String;)V
[14:23:26] [main/DEBUG] (FabricLoader/GamePatch) 20w22a+ detected, patching main method...
[14:23:26] [main/DEBUG] (FabricLoader/GamePatch) Detected version above 20w22a
[14:23:26] [main/DEBUG] (FabricLoader/GamePatch) Applying brand name hook to net/minecraft/server/MinecraftServer::getServerModName
[14:23:26] [main/DEBUG] (FabricLoader/GamePatch) Patched 2 classs
[14:23:26] [main/DEBUG] (FabricLoader/Discovery) Skipping class path group with no effect: C:\Users\ms928\Documents\temp\PVDTime\.gradle\loom-cache\remapped_mods\net_fabricmc_yarn_1_21_7_1_21_7_build_6_v2\net\fabricmc\fabric-api\fabric-block-view-api-v2-common\1.0.31+946bf4c308\fabric-block-view-api-v2-common-1.0.31+946bf4c308.jar;C:\Users\ms928\Documents\temp\PVDTime\.gradle\loom-cache\remapped_mods\net_fabricmc_yarn_1_21_7_1_21_7_build_6_v2\net\fabricmc\fabric-api\fabric-block-view-api-v2-client\1.0.31+946bf4c308\fabric-block-view-api-v2-client-1.0.31+946bf4c308.jar
[14:23:26] [main/DEBUG] (FabricLoader/Discovery) Skipping class path group with no effect: C:\Users\ms928\Documents\temp\PVDTime\.gradle\loom-cache\remapped_mods\net_fabricmc_yarn_1_21_7_1_21_7_build_6_v2\net\fabricmc\fabric-api\fabric-command-api-v2-common\2.2.53+946bf4c308\fabric-command-api-v2-common-2.2.53+946bf4c308.jar;C:\Users\ms928\Documents\temp\PVDTime\.gradle\loom-cache\remapped_mods\net_fabricmc_yarn_1_21_7_1_21_7_build_6_v2\net\fabricmc\fabric-api\fabric-command-api-v2-client\2.2.53+946bf4c308\fabric-command-api-v2-client-2.2.53+946bf4c308.jar
[14:23:26] [main/DEBUG] (FabricLoader/Discovery) Skipping class path group with no effect: C:\Users\ms928\Documents\temp\PVDTime\.gradle\loom-cache\remapped_mods\net_fabricmc_yarn_1_21_7_1_21_7_build_6_v2\net\fabricmc\fabric-api\fabric-data-attachment-api-v1-common\1.8.10+946bf4c308\fabric-data-attachment-api-v1-common-1.8.10+946bf4c308.jar;C:\Users\ms928\Documents\temp\PVDTime\.gradle\loom-cache\remapped_mods\net_fabricmc_yarn_1_21_7_1_21_7_build_6_v2\net\fabricmc\fabric-api\fabric-data-attachment-api-v1-client\1.8.10+946bf4c308\fabric-data-attachment-api-v1-client-1.8.10+946bf4c308.jar
[14:23:26] [main/DEBUG] (FabricLoader/Discovery) Skipping class path group with no effect: C:\Users\ms928\Documents\temp\PVDTime\.gradle\loom-cache\remapped_mods\net_fabricmc_yarn_1_21_7_1_21_7_build_6_v2\net\fabricmc\fabric-api\fabric-data-generation-api-v1-common\23.2.3+55e55d2908\fabric-data-generation-api-v1-common-23.2.3+55e55d2908.jar;C:\Users\ms928\Documents\temp\PVDTime\.gradle\loom-cache\remapped_mods\net_fabricmc_yarn_1_21_7_1_21_7_build_6_v2\net\fabricmc\fabric-api\fabric-data-generation-api-v1-client\23.2.3+55e55d2908\fabric-data-generation-api-v1-client-23.2.3+55e55d2908.jar
[14:23:26] [main/DEBUG] (FabricLoader/Discovery) Skipping class path group with no effect: C:\Users\ms928\Documents\temp\PVDTime\.gradle\loom-cache\remapped_mods\net_fabricmc_yarn_1_21_7_1_21_7_build_6_v2\net\fabricmc\fabric-api\fabric-events-interaction-v0-common\4.0.23+946bf4c308\fabric-events-interaction-v0-common-4.0.23+946bf4c308.jar;C:\Users\ms928\Documents\temp\PVDTime\.gradle\loom-cache\remapped_mods\net_fabricmc_yarn_1_21_7_1_21_7_build_6_v2\net\fabricmc\fabric-api\fabric-events-interaction-v0-client\4.0.23+946bf4c308\fabric-events-interaction-v0-client-4.0.23+946bf4c308.jar
[14:23:26] [main/DEBUG] (FabricLoader/Discovery) Skipping class path group with no effect: C:\Users\ms928\Documents\temp\PVDTime\.gradle\loom-cache\remapped_mods\net_fabricmc_yarn_1_21_7_1_21_7_build_6_v2\net\fabricmc\fabric-api\fabric-game-rule-api-v1-common\1.0.72+946bf4c308\fabric-game-rule-api-v1-common-1.0.72+946bf4c308.jar;C:\Users\ms928\Documents\temp\PVDTime\.gradle\loom-cache\remapped_mods\net_fabricmc_yarn_1_21_7_1_21_7_build_6_v2\net\fabricmc\fabric-api\fabric-game-rule-api-v1-client\1.0.72+946bf4c308\fabric-game-rule-api-v1-client-1.0.72+946bf4c308.jar
[14:23:26] [main/DEBUG] (FabricLoader/Discovery) Skipping class path group with no effect: C:\Users\ms928\Documents\temp\PVDTime\.gradle\loom-cache\remapped_mods\net_fabricmc_yarn_1_21_7_1_21_7_build_6_v2\net\fabricmc\fabric-api\fabric-item-api-v1-common\11.4.3+946bf4c308\fabric-item-api-v1-common-11.4.3+946bf4c308.jar;C:\Users\ms928\Documents\temp\PVDTime\.gradle\loom-cache\remapped_mods\net_fabricmc_yarn_1_21_7_1_21_7_build_6_v2\net\fabricmc\fabric-api\fabric-item-api-v1-client\11.4.3+946bf4c308\fabric-item-api-v1-client-11.4.3+946bf4c308.jar
[14:23:26] [main/DEBUG] (FabricLoader/Discovery) Skipping class path group with no effect: C:\Users\ms928\Documents\temp\PVDTime\.gradle\loom-cache\remapped_mods\net_fabricmc_yarn_1_21_7_1_21_7_build_6_v2\net\fabricmc\fabric-api\fabric-item-group-api-v1-common\4.2.13+946bf4c308\fabric-item-group-api-v1-common-4.2.13+946bf4c308.jar;C:\Users\ms928\Documents\temp\PVDTime\.gradle\loom-cache\remapped_mods\net_fabricmc_yarn_1_21_7_1_21_7_build_6_v2\net\fabricmc\fabric-api\fabric-item-group-api-v1-client\4.2.13+946bf4c308\fabric-item-group-api-v1-client-4.2.13+946bf4c308.jar
[14:23:26] [main/DEBUG] (FabricLoader/Discovery) Skipping class path group with no effect: C:\Users\ms928\Documents\temp\PVDTime\.gradle\loom-cache\remapped_mods\net_fabricmc_yarn_1_21_7_1_21_7_build_6_v2\net\fabricmc\fabric-api\fabric-lifecycle-events-v1-common\2.6.3+db4dfd8508\fabric-lifecycle-events-v1-common-2.6.3+db4dfd8508.jar;C:\Users\ms928\Documents\temp\PVDTime\.gradle\loom-cache\remapped_mods\net_fabricmc_yarn_1_21_7_1_21_7_build_6_v2\net\fabricmc\fabric-api\fabric-lifecycle-events-v1-client\2.6.3+db4dfd8508\fabric-lifecycle-events-v1-client-2.6.3+db4dfd8508.jar
[14:23:26] [main/DEBUG] (FabricLoader/Discovery) Skipping class path group with no effect: C:\Users\ms928\Documents\temp\PVDTime\.gradle\loom-cache\remapped_mods\net_fabricmc_yarn_1_21_7_1_21_7_build_6_v2\net\fabricmc\fabric-api\fabric-message-api-v1-common\6.1.1+946bf4c308\fabric-message-api-v1-common-6.1.1+946bf4c308.jar;C:\Users\ms928\Documents\temp\PVDTime\.gradle\loom-cache\remapped_mods\net_fabricmc_yarn_1_21_7_1_21_7_build_6_v2\net\fabricmc\fabric-api\fabric-message-api-v1-client\6.1.1+946bf4c308\fabric-message-api-v1-client-6.1.1+946bf4c308.jar
[14:23:26] [main/DEBUG] (FabricLoader/Discovery) Skipping class path group with no effect: C:\Users\ms928\Documents\temp\PVDTime\.gradle\loom-cache\remapped_mods\net_fabricmc_yarn_1_21_7_1_21_7_build_6_v2\net\fabricmc\fabric-api\fabric-networking-api-v1-common\5.0.1+946bf4c308\fabric-networking-api-v1-common-5.0.1+946bf4c308.jar;C:\Users\ms928\Documents\temp\PVDTime\.gradle\loom-cache\remapped_mods\net_fabricmc_yarn_1_21_7_1_21_7_build_6_v2\net\fabricmc\fabric-api\fabric-networking-api-v1-client\5.0.1+946bf4c308\fabric-networking-api-v1-client-5.0.1+946bf4c308.jar
[14:23:26] [main/DEBUG] (FabricLoader/Discovery) Skipping class path group with no effect: C:\Users\ms928\Documents\temp\PVDTime\.gradle\loom-cache\remapped_mods\net_fabricmc_yarn_1_21_7_1_21_7_build_6_v2\net\fabricmc\fabric-api\fabric-object-builder-api-v1-common\21.1.7+946bf4c308\fabric-object-builder-api-v1-common-21.1.7+946bf4c308.jar;C:\Users\ms928\Documents\temp\PVDTime\.gradle\loom-cache\remapped_mods\net_fabricmc_yarn_1_21_7_1_21_7_build_6_v2\net\fabricmc\fabric-api\fabric-object-builder-api-v1-client\21.1.7+946bf4c308\fabric-object-builder-api-v1-client-21.1.7+946bf4c308.jar
[14:23:26] [main/DEBUG] (FabricLoader/Discovery) Skipping class path group with no effect: C:\Users\ms928\Documents\temp\PVDTime\.gradle\loom-cache\remapped_mods\net_fabricmc_yarn_1_21_7_1_21_7_build_6_v2\net\fabricmc\fabric-api\fabric-particles-v1-common\4.1.7+946bf4c308\fabric-particles-v1-common-4.1.7+946bf4c308.jar;C:\Users\ms928\Documents\temp\PVDTime\.gradle\loom-cache\remapped_mods\net_fabricmc_yarn_1_21_7_1_21_7_build_6_v2\net\fabricmc\fabric-api\fabric-particles-v1-client\4.1.7+946bf4c308\fabric-particles-v1-client-4.1.7+946bf4c308.jar
[14:23:26] [main/DEBUG] (FabricLoader/Discovery) Skipping class path group with no effect: C:\Users\ms928\Documents\temp\PVDTime\.gradle\loom-cache\remapped_mods\net_fabricmc_yarn_1_21_7_1_21_7_build_6_v2\net\fabricmc\fabric-api\fabric-recipe-api-v1-common\8.1.14+946bf4c308\fabric-recipe-api-v1-common-8.1.14+946bf4c308.jar;C:\Users\ms928\Documents\temp\PVDTime\.gradle\loom-cache\remapped_mods\net_fabricmc_yarn_1_21_7_1_21_7_build_6_v2\net\fabricmc\fabric-api\fabric-recipe-api-v1-client\8.1.14+946bf4c308\fabric-recipe-api-v1-client-8.1.14+946bf4c308.jar
[14:23:26] [main/DEBUG] (FabricLoader/Discovery) Skipping class path group with no effect: C:\Users\ms928\Documents\temp\PVDTime\.gradle\loom-cache\remapped_mods\net_fabricmc_yarn_1_21_7_1_21_7_build_6_v2\net\fabricmc\fabric-api\fabric-registry-sync-v0-common\6.1.27+946bf4c308\fabric-registry-sync-v0-common-6.1.27+946bf4c308.jar;C:\Users\ms928\Documents\temp\PVDTime\.gradle\loom-cache\remapped_mods\net_fabricmc_yarn_1_21_7_1_21_7_build_6_v2\net\fabricmc\fabric-api\fabric-registry-sync-v0-client\6.1.27+946bf4c308\fabric-registry-sync-v0-client-6.1.27+946bf4c308.jar
[14:23:26] [main/DEBUG] (FabricLoader/Discovery) Skipping class path group with no effect: C:\Users\ms928\Documents\temp\PVDTime\.gradle\loom-cache\remapped_mods\net_fabricmc_yarn_1_21_7_1_21_7_build_6_v2\net\fabricmc\fabric-api\fabric-rendering-fluids-v1-common\3.1.30+fa6cb72b08\fabric-rendering-fluids-v1-common-3.1.30+fa6cb72b08.jar;C:\Users\ms928\Documents\temp\PVDTime\.gradle\loom-cache\remapped_mods\net_fabricmc_yarn_1_21_7_1_21_7_build_6_v2\net\fabricmc\fabric-api\fabric-rendering-fluids-v1-client\3.1.30+fa6cb72b08\fabric-rendering-fluids-v1-client-3.1.30+fa6cb72b08.jar
[14:23:26] [main/DEBUG] (FabricLoader/Discovery) Skipping class path group with no effect: C:\Users\ms928\Documents\temp\PVDTime\.gradle\loom-cache\remapped_mods\net_fabricmc_yarn_1_21_7_1_21_7_build_6_v2\net\fabricmc\fabric-api\fabric-resource-loader-v0-common\3.1.11+946bf4c308\fabric-resource-loader-v0-common-3.1.11+946bf4c308.jar;C:\Users\ms928\Documents\temp\PVDTime\.gradle\loom-cache\remapped_mods\net_fabricmc_yarn_1_21_7_1_21_7_build_6_v2\net\fabricmc\fabric-api\fabric-resource-loader-v0-client\3.1.11+946bf4c308\fabric-resource-loader-v0-client-3.1.11+946bf4c308.jar
[14:23:26] [main/DEBUG] (FabricLoader/Discovery) Skipping class path group with no effect: C:\Users\ms928\Documents\temp\PVDTime\.gradle\loom-cache\remapped_mods\net_fabricmc_yarn_1_21_7_1_21_7_build_6_v2\net\fabricmc\fabric-api\fabric-screen-handler-api-v1-common\1.3.136+946bf4c308\fabric-screen-handler-api-v1-common-1.3.136+946bf4c308.jar;C:\Users\ms928\Documents\temp\PVDTime\.gradle\loom-cache\remapped_mods\net_fabricmc_yarn_1_21_7_1_21_7_build_6_v2\net\fabricmc\fabric-api\fabric-screen-handler-api-v1-client\1.3.136+946bf4c308\fabric-screen-handler-api-v1-client-1.3.136+946bf4c308.jar
[14:23:26] [main/DEBUG] (FabricLoader/Discovery) Skipping class path group with no effect: C:\Users\ms928\Documents\temp\PVDTime\.gradle\loom-cache\remapped_mods\net_fabricmc_yarn_1_21_7_1_21_7_build_6_v2\net\fabricmc\fabric-api\fabric-tag-api-v1-common\1.2.1+946bf4c308\fabric-tag-api-v1-common-1.2.1+946bf4c308.jar;C:\Users\ms928\Documents\temp\PVDTime\.gradle\loom-cache\remapped_mods\net_fabricmc_yarn_1_21_7_1_21_7_build_6_v2\net\fabricmc\fabric-api\fabric-tag-api-v1-client\1.2.1+946bf4c308\fabric-tag-api-v1-client-1.2.1+946bf4c308.jar
[14:23:26] [main/DEBUG] (FabricLoader/Discovery) Skipping class path group with no effect: C:\Users\ms928\Documents\temp\PVDTime\.gradle\loom-cache\remapped_mods\net_fabricmc_yarn_1_21_7_1_21_7_build_6_v2\net\fabricmc\fabric-api\fabric-transfer-api-v1-common\6.0.5+946bf4c308\fabric-transfer-api-v1-common-6.0.5+946bf4c308.jar;C:\Users\ms928\Documents\temp\PVDTime\.gradle\loom-cache\remapped_mods\net_fabricmc_yarn_1_21_7_1_21_7_build_6_v2\net\fabricmc\fabric-api\fabric-transfer-api-v1-client\6.0.5+946bf4c308\fabric-transfer-api-v1-client-6.0.5+946bf4c308.jar
[14:23:26] [main/DEBUG] (FabricLoader/Discovery) Skipping missing class path group entry C:\Users\ms928\Documents\temp\PVDTime\out\production\PVDTime.main
[14:23:26] [main/DEBUG] (FabricLoader/Discovery) Skipping missing class path group entry C:\Users\ms928\Documents\temp\PVDTime\out\production\classes
[14:23:26] [main/DEBUG] (FabricLoader/Discovery) Skipping missing class path group entry C:\Users\ms928\Documents\temp\PVDTime\out\production\resources
[14:23:26] [main/DEBUG] (FabricLoader/Discovery) Skipping missing class path group entry C:\Users\ms928\Documents\temp\PVDTime\build\resources\client
[14:23:26] [main/DEBUG] (FabricLoader/Discovery) Skipping missing class path group entry C:\Users\ms928\Documents\temp\PVDTime\out\production\PVDTime.client
[14:23:26] [main/DEBUG] (FabricLoader/Discovery) Skipping missing class path group entry C:\Users\ms928\Documents\temp\PVDTime\out\client\classes
[14:23:26] [main/DEBUG] (FabricLoader/Discovery) Skipping missing class path group entry C:\Users\ms928\Documents\temp\PVDTime\out\client\resources
[14:23:26] [main/DEBUG] (FabricLoader/Discovery) Mod discovery time: 57,0 ms
[14:23:26] [main/DEBUG] (FabricLoader/Resolution) Mod resolution time: 62,5 ms
[14:23:26] [main/INFO] (FabricLoader) Loading 41 mods:
	- fabric-api 0.128.1+1.21.7
	- fabric-api-base 0.4.64+9ec45cd808
	- fabric-api-lookup-api-v1 1.6.100+946bf4c308
	- fabric-biome-api-v1 16.0.11+946bf4c308
	- fabric-block-api-v1 1.1.3+946bf4c308
	- fabric-block-view-api-v2 1.0.31+946bf4c308
	- fabric-command-api-v2 2.2.53+946bf4c308
	- fabric-content-registries-v0 10.0.18+946bf4c308
	- fabric-convention-tags-v1 2.1.39+7f945d5b08
	- fabric-convention-tags-v2 2.15.4+3110759608
	- fabric-crash-report-info-v1 0.3.15+946bf4c308
	- fabric-data-attachment-api-v1 1.8.10+946bf4c308
	- fabric-data-generation-api-v1 23.2.3+55e55d2908
	- fabric-dimensions-v1 4.0.19+946bf4c308
	- fabric-entity-events-v1 2.1.1+c9e4727308
	- fabric-events-interaction-v0 4.0.23+946bf4c308
	- fabric-game-rule-api-v1 1.0.72+946bf4c308
	- fabric-gametest-api-v1 3.1.9+39ce47f508
	- fabric-item-api-v1 11.4.3+946bf4c308
	- fabric-item-group-api-v1 4.2.13+946bf4c308
	- fabric-lifecycle-events-v1 2.6.3+db4dfd8508
	- fabric-loot-api-v2 3.0.55+3f89f5a508
	- fabric-loot-api-v3 2.0.2+946bf4c308
	- fabric-message-api-v1 6.1.1+946bf4c308
	- fabric-networking-api-v1 5.0.1+946bf4c308
	- fabric-object-builder-api-v1 21.1.7+946bf4c308
	- fabric-particles-v1 4.1.7+946bf4c308
	- fabric-recipe-api-v1 8.1.14+946bf4c308
	- fabric-registry-sync-v0 6.1.27+946bf4c308
	- fabric-rendering-fluids-v1 3.1.30+fa6cb72b08
	- fabric-resource-conditions-api-v1 5.0.24+946bf4c308
	- fabric-resource-loader-v0 3.1.11+946bf4c308
	- fabric-screen-handler-api-v1 1.3.136+946bf4c308
	- fabric-tag-api-v1 1.2.1+946bf4c308
	- fabric-transfer-api-v1 6.0.5+946bf4c308
	- fabric-transitive-access-wideners-v1 6.4.1+ac3e15d108
	- fabricloader 0.16.14
	- java 21
	- minecraft 1.21.7
	- mixinextras 0.4.1
	- pvdtime 1.1.5
[14:23:26] [main/DEBUG] (FabricLoader/Knot) Adding C:\Users\ms928\Documents\temp\PVDTime\.gradle\loom-cache\remapped_mods\net_fabricmc_yarn_1_21_7_1_21_7_build_6_v2\net\fabricmc\fabric-api\fabric-resource-conditions-api-v1-common\5.0.24+946bf4c308\fabric-resource-conditions-api-v1-common-5.0.24+946bf4c308.jar to classpath.
[14:23:26] [main/DEBUG] (FabricLoader/Knot) Adding C:\Users\ms928\Documents\temp\PVDTime\.gradle\loom-cache\remapped_mods\net_fabricmc_yarn_1_21_7_1_21_7_build_6_v2\net\fabricmc\fabric-api\fabric-entity-events-v1-common\2.1.1+c9e4727308\fabric-entity-events-v1-common-2.1.1+c9e4727308.jar to classpath.
[14:23:26] [main/DEBUG] (FabricLoader/Knot) Adding C:\Users\ms928\Documents\temp\PVDTime\.gradle\loom-cache\remapped_mods\net_fabricmc_yarn_1_21_7_1_21_7_build_6_v2\net\fabricmc\fabric-api\fabric-particles-v1-common\4.1.7+946bf4c308\fabric-particles-v1-common-4.1.7+946bf4c308.jar to classpath.
[14:23:26] [main/DEBUG] (FabricLoader/Knot) Adding C:\Users\ms928\Documents\temp\PVDTime\.gradle\loom-cache\remapped_mods\net_fabricmc_yarn_1_21_7_1_21_7_build_6_v2\net\fabricmc\fabric-api\fabric-loot-api-v3-common\2.0.2+946bf4c308\fabric-loot-api-v3-common-2.0.2+946bf4c308.jar to classpath.
[14:23:26] [main/DEBUG] (FabricLoader/Knot) Adding C:\Users\ms928\Documents\temp\PVDTime\.gradle\loom-cache\remapped_mods\net_fabricmc_yarn_1_21_7_1_21_7_build_6_v2\net\fabricmc\fabric-api\fabric-block-api-v1-common\1.1.3+946bf4c308\fabric-block-api-v1-common-1.1.3+946bf4c308.jar to classpath.
[14:23:26] [main/DEBUG] (FabricLoader/Knot) Adding C:\Users\ms928\Documents\temp\PVDTime\.gradle\loom-cache\remapped_mods\net_fabricmc_yarn_1_21_7_1_21_7_build_6_v2\net\fabricmc\fabric-api\fabric-loot-api-v2-common\3.0.55+3f89f5a508\fabric-loot-api-v2-common-3.0.55+3f89f5a508.jar to classpath.
[14:23:26] [main/DEBUG] (FabricLoader/Knot) Adding C:\Users\ms928\Documents\temp\PVDTime\.gradle\loom-cache\remapped_mods\net_fabricmc_yarn_1_21_7_1_21_7_build_6_v2\net\fabricmc\fabric-api\fabric-crash-report-info-v1-common\0.3.15+946bf4c308\fabric-crash-report-info-v1-common-0.3.15+946bf4c308.jar to classpath.
[14:23:26] [main/DEBUG] (FabricLoader/Knot) Adding C:\Users\ms928\Documents\temp\PVDTime\.gradle\loom-cache\remapped_mods\net_fabricmc_yarn_1_21_7_1_21_7_build_6_v2\net\fabricmc\fabric-api\fabric-screen-handler-api-v1-common\1.3.136+946bf4c308\fabric-screen-handler-api-v1-common-1.3.136+946bf4c308.jar to classpath.
[14:23:26] [main/DEBUG] (FabricLoader/Knot) Adding C:\Users\ms928\Documents\temp\PVDTime\.gradle\loom-cache\remapped_mods\net_fabricmc_yarn_1_21_7_1_21_7_build_6_v2\net\fabricmc\fabric-api\fabric-recipe-api-v1-common\8.1.14+946bf4c308\fabric-recipe-api-v1-common-8.1.14+946bf4c308.jar to classpath.
[14:23:26] [main/DEBUG] (FabricLoader/Knot) Adding C:\Users\ms928\Documents\temp\PVDTime\.gradle\loom-cache\remapped_mods\net_fabricmc_yarn_1_21_7_1_21_7_build_6_v2\net\fabricmc\fabric-api\fabric-message-api-v1-common\6.1.1+946bf4c308\fabric-message-api-v1-common-6.1.1+946bf4c308.jar to classpath.
[14:23:26] [main/DEBUG] (FabricLoader/Knot) Adding C:\Users\ms928\Documents\temp\PVDTime\.gradle\loom-cache\remapped_mods\net_fabricmc_yarn_1_21_7_1_21_7_build_6_v2\net\fabricmc\fabric-api\fabric-convention-tags-v1-common\2.1.39+7f945d5b08\fabric-convention-tags-v1-common-2.1.39+7f945d5b08.jar to classpath.
[14:23:26] [main/DEBUG] (FabricLoader/Knot) Adding C:\Users\ms928\Documents\temp\PVDTime\.gradle\loom-cache\remapped_mods\net_fabricmc_yarn_1_21_7_1_21_7_build_6_v2\net\fabricmc\fabric-api\fabric-data-attachment-api-v1-common\1.8.10+946bf4c308\fabric-data-attachment-api-v1-common-1.8.10+946bf4c308.jar to classpath.
[14:23:26] [main/DEBUG] (FabricLoader/Knot) Adding C:\Users\ms928\Documents\temp\PVDTime\.gradle\loom-cache\remapped_mods\net_fabricmc_yarn_1_21_7_1_21_7_build_6_v2\net\fabricmc\fabric-api\fabric-networking-api-v1-common\5.0.1+946bf4c308\fabric-networking-api-v1-common-5.0.1+946bf4c308.jar to classpath.
[14:23:26] [main/DEBUG] (FabricLoader/Knot) Adding C:\Users\ms928\Documents\temp\PVDTime\.gradle\loom-cache\remapped_mods\net_fabricmc_yarn_1_21_7_1_21_7_build_6_v2\net\fabricmc\fabric-api\fabric-api-common\0.128.1+1.21.7\fabric-api-common-0.128.1+1.21.7.jar to classpath.
[14:23:26] [main/DEBUG] (FabricLoader/Knot) Adding C:\Users\ms928\Documents\temp\PVDTime\.gradle\loom-cache\remapped_mods\net_fabricmc_yarn_1_21_7_1_21_7_build_6_v2\net\fabricmc\fabric-api\fabric-gametest-api-v1-common\3.1.9+39ce47f508\fabric-gametest-api-v1-common-3.1.9+39ce47f508.jar to classpath.
[14:23:26] [main/DEBUG] (FabricLoader/Knot) Adding C:\Users\ms928\Documents\temp\PVDTime\.gradle\loom-cache\remapped_mods\net_fabricmc_yarn_1_21_7_1_21_7_build_6_v2\net\fabricmc\fabric-api\fabric-data-generation-api-v1-common\23.2.3+55e55d2908\fabric-data-generation-api-v1-common-23.2.3+55e55d2908.jar to classpath.
[14:23:26] [main/DEBUG] (FabricLoader/Knot) Adding C:\Users\ms928\Documents\temp\PVDTime\.gradle\loom-cache\remapped_mods\net_fabricmc_yarn_1_21_7_1_21_7_build_6_v2\net\fabricmc\fabric-api\fabric-command-api-v2-common\2.2.53+946bf4c308\fabric-command-api-v2-common-2.2.53+946bf4c308.jar to classpath.
[14:23:26] [main/DEBUG] (FabricLoader/Knot) Adding C:\Users\ms928\Documents\temp\PVDTime\.gradle\loom-cache\remapped_mods\net_fabricmc_yarn_1_21_7_1_21_7_build_6_v2\net\fabricmc\fabric-api\fabric-transitive-access-wideners-v1-common\6.4.1+ac3e15d108\fabric-transitive-access-wideners-v1-common-6.4.1+ac3e15d108.jar to classpath.
[14:23:26] [main/DEBUG] (FabricLoader/Knot) Adding C:\Users\ms928\Documents\temp\PVDTime\.gradle\loom-cache\remapped_mods\net_fabricmc_yarn_1_21_7_1_21_7_build_6_v2\net\fabricmc\fabric-api\fabric-object-builder-api-v1-common\21.1.7+946bf4c308\fabric-object-builder-api-v1-common-21.1.7+946bf4c308.jar to classpath.
[14:23:26] [main/DEBUG] (FabricLoader/Knot) Adding C:\Users\ms928\Documents\temp\PVDTime\build\classes\java\main to classpath.
[14:23:26] [main/DEBUG] (FabricLoader/Knot) Adding C:\Users\ms928\Documents\temp\PVDTime\build\resources\main to classpath.
[14:23:26] [main/DEBUG] (FabricLoader/Knot) Adding C:\Users\ms928\Documents\temp\PVDTime\.gradle\loom-cache\remapped_mods\net_fabricmc_yarn_1_21_7_1_21_7_build_6_v2\net\fabricmc\fabric-api\fabric-convention-tags-v2-common\2.15.4+3110759608\fabric-convention-tags-v2-common-2.15.4+3110759608.jar to classpath.
[14:23:26] [main/DEBUG] (FabricLoader/Knot) Adding C:\Users\ms928\Documents\temp\PVDTime\.gradle\loom-cache\remapped_mods\net_fabricmc_yarn_1_21_7_1_21_7_build_6_v2\net\fabricmc\fabric-api\fabric-transfer-api-v1-common\6.0.5+946bf4c308\fabric-transfer-api-v1-common-6.0.5+946bf4c308.jar to classpath.
[14:23:26] [main/DEBUG] (FabricLoader/Knot) Adding C:\Users\ms928\Documents\temp\PVDTime\.gradle\loom-cache\remapped_mods\net_fabricmc_yarn_1_21_7_1_21_7_build_6_v2\net\fabricmc\fabric-api\fabric-item-api-v1-common\11.4.3+946bf4c308\fabric-item-api-v1-common-11.4.3+946bf4c308.jar to classpath.
[14:23:26] [main/DEBUG] (FabricLoader/Knot) Adding C:\Users\ms928\Documents\temp\PVDTime\.gradle\loom-cache\remapped_mods\net_fabricmc_yarn_1_21_7_1_21_7_build_6_v2\net\fabricmc\fabric-api\fabric-registry-sync-v0-common\6.1.27+946bf4c308\fabric-registry-sync-v0-common-6.1.27+946bf4c308.jar to classpath.
[14:23:26] [main/DEBUG] (FabricLoader/Knot) Adding C:\Users\ms928\.gradle\caches\modules-2\files-2.1\io.github.llamalad7\mixinextras-fabric\0.4.1\8d1a9e96afb990367fa1f904d17580d164da72e3\mixinextras-fabric-0.4.1.jar to classpath.
[14:23:26] [main/DEBUG] (FabricLoader/Knot) Adding C:\Users\ms928\Documents\temp\PVDTime\.gradle\loom-cache\remapped_mods\net_fabricmc_yarn_1_21_7_1_21_7_build_6_v2\net\fabricmc\fabric-api\fabric-lifecycle-events-v1-common\2.6.3+db4dfd8508\fabric-lifecycle-events-v1-common-2.6.3+db4dfd8508.jar to classpath.
[14:23:26] [main/DEBUG] (FabricLoader/Knot) Adding C:\Users\ms928\Documents\temp\PVDTime\.gradle\loom-cache\remapped_mods\net_fabricmc_yarn_1_21_7_1_21_7_build_6_v2\net\fabricmc\fabric-api\fabric-events-interaction-v0-common\4.0.23+946bf4c308\fabric-events-interaction-v0-common-4.0.23+946bf4c308.jar to classpath.
[14:23:26] [main/DEBUG] (FabricLoader/Knot) Adding C:\Users\ms928\Documents\temp\PVDTime\.gradle\loom-cache\remapped_mods\net_fabricmc_yarn_1_21_7_1_21_7_build_6_v2\net\fabricmc\fabric-api\fabric-game-rule-api-v1-common\1.0.72+946bf4c308\fabric-game-rule-api-v1-common-1.0.72+946bf4c308.jar to classpath.
[14:23:26] [main/DEBUG] (FabricLoader/Knot) Adding C:\Users\ms928\Documents\temp\PVDTime\.gradle\loom-cache\remapped_mods\net_fabricmc_yarn_1_21_7_1_21_7_build_6_v2\net\fabricmc\fabric-api\fabric-api-base-common\0.4.64+9ec45cd808\fabric-api-base-common-0.4.64+9ec45cd808.jar to classpath.
[14:23:26] [main/DEBUG] (FabricLoader/Knot) Adding C:\Users\ms928\Documents\temp\PVDTime\.gradle\loom-cache\remapped_mods\net_fabricmc_yarn_1_21_7_1_21_7_build_6_v2\net\fabricmc\fabric-api\fabric-resource-loader-v0-common\3.1.11+946bf4c308\fabric-resource-loader-v0-common-3.1.11+946bf4c308.jar to classpath.
[14:23:26] [main/DEBUG] (FabricLoader/Knot) Adding C:\Users\ms928\Documents\temp\PVDTime\.gradle\loom-cache\remapped_mods\net_fabricmc_yarn_1_21_7_1_21_7_build_6_v2\net\fabricmc\fabric-api\fabric-block-view-api-v2-common\1.0.31+946bf4c308\fabric-block-view-api-v2-common-1.0.31+946bf4c308.jar to classpath.
[14:23:26] [main/DEBUG] (FabricLoader/Knot) Adding C:\Users\ms928\Documents\temp\PVDTime\.gradle\loom-cache\remapped_mods\net_fabricmc_yarn_1_21_7_1_21_7_build_6_v2\net\fabricmc\fabric-api\fabric-content-registries-v0-common\10.0.18+946bf4c308\fabric-content-registries-v0-common-10.0.18+946bf4c308.jar to classpath.
[14:23:26] [main/DEBUG] (FabricLoader/Knot) Adding C:\Users\ms928\Documents\temp\PVDTime\.gradle\loom-cache\remapped_mods\net_fabricmc_yarn_1_21_7_1_21_7_build_6_v2\net\fabricmc\fabric-api\fabric-rendering-fluids-v1-common\3.1.30+fa6cb72b08\fabric-rendering-fluids-v1-common-3.1.30+fa6cb72b08.jar to classpath.
[14:23:26] [main/DEBUG] (FabricLoader/Knot) Adding C:\Users\ms928\Documents\temp\PVDTime\.gradle\loom-cache\remapped_mods\net_fabricmc_yarn_1_21_7_1_21_7_build_6_v2\net\fabricmc\fabric-api\fabric-item-group-api-v1-common\4.2.13+946bf4c308\fabric-item-group-api-v1-common-4.2.13+946bf4c308.jar to classpath.
[14:23:26] [main/DEBUG] (FabricLoader/Knot) Adding C:\Users\ms928\Documents\temp\PVDTime\.gradle\loom-cache\remapped_mods\net_fabricmc_yarn_1_21_7_1_21_7_build_6_v2\net\fabricmc\fabric-api\fabric-api-lookup-api-v1-common\1.6.100+946bf4c308\fabric-api-lookup-api-v1-common-1.6.100+946bf4c308.jar to classpath.
[14:23:26] [main/DEBUG] (FabricLoader/Knot) Adding C:\Users\ms928\Documents\temp\PVDTime\.gradle\loom-cache\remapped_mods\net_fabricmc_yarn_1_21_7_1_21_7_build_6_v2\net\fabricmc\fabric-api\fabric-biome-api-v1-common\16.0.11+946bf4c308\fabric-biome-api-v1-common-16.0.11+946bf4c308.jar to classpath.
[14:23:26] [main/DEBUG] (FabricLoader/Knot) Adding C:\Users\ms928\Documents\temp\PVDTime\.gradle\loom-cache\remapped_mods\net_fabricmc_yarn_1_21_7_1_21_7_build_6_v2\net\fabricmc\fabric-api\fabric-dimensions-v1-common\4.0.19+946bf4c308\fabric-dimensions-v1-common-4.0.19+946bf4c308.jar to classpath.
[14:23:26] [main/DEBUG] (FabricLoader/Knot) Adding C:\Users\ms928\Documents\temp\PVDTime\.gradle\loom-cache\remapped_mods\net_fabricmc_yarn_1_21_7_1_21_7_build_6_v2\net\fabricmc\fabric-api\fabric-tag-api-v1-common\1.2.1+946bf4c308\fabric-tag-api-v1-common-1.2.1+946bf4c308.jar to classpath.
[14:23:26] [main/DEBUG] (FabricLoader/Entrypoint) Registering new-style initializer net.fabricmc.fabric.impl.resource.conditions.ResourceConditionsImpl for mod fabric-resource-conditions-api-v1 (key main)
[14:23:26] [main/DEBUG] (FabricLoader/Entrypoint) Registering new-style initializer net.fabricmc.fabric.impl.client.particle.ExtendedBlockStateParticleEffectSyncClient for mod fabric-particles-v1 (key client)
[14:23:26] [main/DEBUG] (FabricLoader/Entrypoint) Registering new-style initializer net.fabricmc.fabric.impl.particle.ExtendedBlockStateParticleEffectSync for mod fabric-particles-v1 (key main)
[14:23:26] [main/DEBUG] (FabricLoader/Entrypoint) Registering new-style initializer net.fabricmc.fabric.impl.loot.v2.LootInitializer for mod fabric-loot-api-v2 (key main)
[14:23:26] [main/DEBUG] (FabricLoader/Entrypoint) Registering new-style initializer net.fabricmc.fabric.impl.screenhandler.client.ClientNetworking for mod fabric-screen-handler-api-v1 (key client)
[14:23:26] [main/DEBUG] (FabricLoader/Entrypoint) Registering new-style initializer net.fabricmc.fabric.impl.screenhandler.Networking for mod fabric-screen-handler-api-v1 (key main)
[14:23:26] [main/DEBUG] (FabricLoader/Entrypoint) Registering new-style initializer net.fabricmc.fabric.impl.recipe.ingredient.client.CustomIngredientSyncClient for mod fabric-recipe-api-v1 (key client)
[14:23:26] [main/DEBUG] (FabricLoader/Entrypoint) Registering new-style initializer net.fabricmc.fabric.impl.recipe.ingredient.CustomIngredientInit for mod fabric-recipe-api-v1 (key main)
[14:23:26] [main/DEBUG] (FabricLoader/Entrypoint) Registering new-style initializer net.fabricmc.fabric.impl.recipe.ingredient.CustomIngredientSync for mod fabric-recipe-api-v1 (key main)
[14:23:26] [main/DEBUG] (FabricLoader/Entrypoint) Registering new-style initializer net.fabricmc.fabric.impl.tag.convention.ConventionLogWarnings for mod fabric-convention-tags-v1 (key main)
[14:23:26] [main/DEBUG] (FabricLoader/Entrypoint) Registering new-style initializer net.fabricmc.fabric.impl.attachment.client.AttachmentSyncClient for mod fabric-data-attachment-api-v1 (key client)
[14:23:26] [main/DEBUG] (FabricLoader/Entrypoint) Registering new-style initializer net.fabricmc.fabric.impl.attachment.AttachmentEntrypoint for mod fabric-data-attachment-api-v1 (key main)
[14:23:26] [main/DEBUG] (FabricLoader/Entrypoint) Registering new-style initializer net.fabricmc.fabric.impl.attachment.sync.AttachmentSync for mod fabric-data-attachment-api-v1 (key main)
[14:23:26] [main/DEBUG] (FabricLoader/Entrypoint) Registering new-style initializer net.fabricmc.fabric.impl.networking.client.ClientNetworkingImpl::clientInit for mod fabric-networking-api-v1 (key client)
[14:23:26] [main/DEBUG] (FabricLoader/Entrypoint) Registering new-style initializer net.fabricmc.fabric.impl.networking.CommonPacketsImpl::init for mod fabric-networking-api-v1 (key main)
[14:23:26] [main/DEBUG] (FabricLoader/Entrypoint) Registering new-style initializer net.fabricmc.fabric.impl.networking.NetworkingImpl::init for mod fabric-networking-api-v1 (key main)
[14:23:26] [main/DEBUG] (FabricLoader/Entrypoint) Registering new-style initializer net.fabricmc.fabric.impl.gametest.FabricGameTestModInitializer for mod fabric-gametest-api-v1 (key main)
[14:23:26] [main/DEBUG] (FabricLoader/Entrypoint) Registering new-style initializer org.example.pvdtime.client.PvdtimeClient for mod pvdtime (key client)
[14:23:26] [main/DEBUG] (FabricLoader/Entrypoint) Registering new-style initializer org.example.pvdtime.PvdTime for mod pvdtime (key main)
[14:23:26] [main/DEBUG] (FabricLoader/Entrypoint) Registering new-style initializer net.fabricmc.fabric.impl.tag.convention.v2.TranslationConventionLogWarnings for mod fabric-convention-tags-v2 (key main)
[14:23:26] [main/DEBUG] (FabricLoader/Entrypoint) Registering new-style initializer net.fabricmc.fabric.impl.client.registry.sync.FabricRegistryClientInit for mod fabric-registry-sync-v0 (key client)
[14:23:26] [main/DEBUG] (FabricLoader/Entrypoint) Registering new-style initializer net.fabricmc.fabric.impl.registry.sync.FabricRegistryInit for mod fabric-registry-sync-v0 (key main)
[14:23:26] [main/DEBUG] (FabricLoader/Entrypoint) Registering new-style initializer net.fabricmc.fabric.impl.client.event.lifecycle.ClientLifecycleEventsImpl for mod fabric-lifecycle-events-v1 (key client)
[14:23:26] [main/DEBUG] (FabricLoader/Entrypoint) Registering new-style initializer net.fabricmc.fabric.impl.event.lifecycle.LifecycleEventsImpl for mod fabric-lifecycle-events-v1 (key main)
[14:23:26] [main/DEBUG] (FabricLoader/Entrypoint) Registering new-style initializer net.fabricmc.fabric.impl.event.interaction.InteractionEventsRouter for mod fabric-events-interaction-v0 (key main)
[14:23:26] [main/DEBUG] (FabricLoader/Entrypoint) Registering new-style initializer net.fabricmc.fabric.impl.lookup.ApiLookupImpl for mod fabric-api-lookup-api-v1 (key main)
[14:23:26] [main/DEBUG] (FabricLoader/Entrypoint) Registering new-style initializer net.fabricmc.fabric.impl.tag.TagInit for mod fabric-tag-api-v1 (key main)
[14:23:26] [main/INFO] (FabricLoader/Mixin) SpongePowered MIXIN Subsystem Version=0.8.7 Source=file:/C:/Users/ms928/.gradle/caches/modules-2/files-2.1/net.fabricmc/sponge-mixin/0.15.5+mixin.0.8.7/22f9eb729e216a091673a574a5906dc1b9027fb3/sponge-mixin-0.15.5+mixin.0.8.7.jar Service=Knot/Fabric Env=SERVER
[14:23:26] [main/DEBUG] (FabricLoader/Mixin) Initialising Mixin Platform Manager
[14:23:26] [main/DEBUG] (FabricLoader/Mixin) Adding mixin platform agents for container ContainerHandleURI(file:///C:/Users/ms928/.gradle/caches/modules-2/files-2.1/net.fabricmc/fabric-loader/0.16.14/5778d47f536bf2c63ed2abc1a56f5a1c129e34a/fabric-loader-0.16.14.jar)
[14:23:26] [main/DEBUG] (FabricLoader/Mixin) Instancing new MixinPlatformAgentDefault for ContainerHandleURI(file:///C:/Users/ms928/.gradle/caches/modules-2/files-2.1/net.fabricmc/fabric-loader/0.16.14/5778d47f536bf2c63ed2abc1a56f5a1c129e34a/fabric-loader-0.16.14.jar)
[14:23:26] [main/DEBUG] (FabricLoader/Mixin) MixinPlatformAgentDefault accepted container ContainerHandleURI(file:///C:/Users/ms928/.gradle/caches/modules-2/files-2.1/net.fabricmc/fabric-loader/0.16.14/5778d47f536bf2c63ed2abc1a56f5a1c129e34a/fabric-loader-0.16.14.jar)
[14:23:26] [main/DEBUG] (FabricLoader/Mixin) Instancing new MixinPlatformAgentDefault for ContainerHandleURI(file:///C:/Users/ms928/.gradle/caches/modules-2/files-2.1/net.fabricmc/fabric-loader/0.16.14/5778d47f536bf2c63ed2abc1a56f5a1c129e34a/fabric-loader-0.16.14.jar)
[14:23:26] [main/DEBUG] (FabricLoader/Mixin) MixinPlatformAgentDefault accepted container ContainerHandleURI(file:///C:/Users/ms928/.gradle/caches/modules-2/files-2.1/net.fabricmc/fabric-loader/0.16.14/5778d47f536bf2c63ed2abc1a56f5a1c129e34a/fabric-loader-0.16.14.jar)
[14:23:26] [main/DEBUG] (FabricLoader/Mixin) Processing prepare() for PlatformAgent[MixinPlatformAgentDefault:ContainerHandleURI(file:///C:/Users/ms928/.gradle/caches/modules-2/files-2.1/net.fabricmc/fabric-loader/0.16.14/5778d47f536bf2c63ed2abc1a56f5a1c129e34a/fabric-loader-0.16.14.jar)]
[14:23:26] [main/DEBUG] (FabricLoader/Mixin) Processing prepare() for PlatformAgent[MixinPlatformAgentDefault:ContainerHandleURI(file:///C:/Users/ms928/.gradle/caches/modules-2/files-2.1/net.fabricmc/fabric-loader/0.16.14/5778d47f536bf2c63ed2abc1a56f5a1c129e34a/fabric-loader-0.16.14.jar)]
[14:23:26] [main/DEBUG] (FabricLoader/Mappings) Loading mappings took 129 ms
[14:23:26] [main/INFO] (FabricLoader/Mixin) Loaded Fabric development mappings for mixin remapper!
[14:23:27] [main/DEBUG] (FabricLoader/Mixin) Compatibility level JAVA_21 specified by fabric-resource-conditions-api-v1.mixins.json is higher than the maximum level supported by this version of mixin (JAVA_13).
[14:23:27] [main/INFO] (FabricLoader/Mixin) Compatibility level set to JAVA_21
[14:23:27] [main/DEBUG] (FabricLoader/Mixin) Mixin config fabric-resource-conditions-api-v1.mixins.json does not specify "minVersion" or "requiredFeatures" property
[14:23:27] [main/DEBUG] (FabricLoader/Mixin) Mixin config fabric-entity-events-v1.mixins.json does not specify "minVersion" or "requiredFeatures" property
[14:23:27] [main/DEBUG] (FabricLoader/Mixin) Mixin config fabric-particles-v1.mixins.json does not specify "minVersion" or "requiredFeatures" property
[14:23:27] [main/DEBUG] (FabricLoader/Mixin) Mixin config fabric-loot-api-v3.mixins.json does not specify "minVersion" or "requiredFeatures" property
[14:23:27] [main/DEBUG] (FabricLoader/Mixin) Mixin config fabric-block-api-v1.mixins.json does not specify "minVersion" or "requiredFeatures" property
[14:23:27] [main/DEBUG] (FabricLoader/Mixin) Mixin config fabric-loot-api-v2.mixins.json does not specify "minVersion" or "requiredFeatures" property
[14:23:27] [main/DEBUG] (FabricLoader/Mixin) Mixin config fabric-crash-report-info-v1.mixins.json does not specify "minVersion" or "requiredFeatures" property
[14:23:27] [main/DEBUG] (FabricLoader/Mixin) Mixin config fabric-screen-handler-api-v1.mixins.json does not specify "minVersion" or "requiredFeatures" property
[14:23:27] [main/DEBUG] (FabricLoader/Mixin) Mixin config fabric-recipe-api-v1.mixins.json does not specify "minVersion" or "requiredFeatures" property
[14:23:27] [main/DEBUG] (FabricLoader/Mixin) Mixin config fabric-message-api-v1.mixins.json does not specify "minVersion" or "requiredFeatures" property
[14:23:27] [main/DEBUG] (FabricLoader/Mixin) Mixin config fabric-data-attachment-api-v1.mixins.json does not specify "minVersion" or "requiredFeatures" property
[14:23:27] [main/DEBUG] (FabricLoader/Mixin) Mixin config fabric-networking-api-v1.mixins.json does not specify "minVersion" or "requiredFeatures" property
[14:23:27] [main/DEBUG] (FabricLoader/Mixin) Mixin config fabric-gametest-api-v1.mixins.json does not specify "minVersion" or "requiredFeatures" property
[14:23:27] [main/DEBUG] (FabricLoader/Mixin) Mixin config fabric-data-generation-api-v1.mixins.json does not specify "minVersion" or "requiredFeatures" property
[14:23:27] [main/DEBUG] (FabricLoader/Mixin) Mixin config fabric-command-api-v2.mixins.json does not specify "minVersion" or "requiredFeatures" property
[14:23:27] [main/DEBUG] (FabricLoader/Mixin) Mixin config fabric-object-builder-v1.mixins.json does not specify "minVersion" or "requiredFeatures" property
[14:23:27] [main/DEBUG] (FabricLoader/Mixin) Mixin config fabric-convention-tags-api-v2.mixins.json does not specify "minVersion" or "requiredFeatures" property
[14:23:27] [main/DEBUG] (FabricLoader/Mixin) Mixin config fabric-transfer-api-v1.mixins.json does not specify "minVersion" or "requiredFeatures" property
[14:23:27] [main/DEBUG] (FabricLoader/Mixin) Mixin config fabric-item-api-v1.mixins.json does not specify "minVersion" or "requiredFeatures" property
[14:23:27] [main/DEBUG] (FabricLoader/Mixin) Mixin config fabric-registry-sync-v0.mixins.json does not specify "minVersion" or "requiredFeatures" property
[14:23:27] [main/DEBUG] (FabricLoader/Mixin) Mixin config fabric-lifecycle-events-v1.mixins.json does not specify "minVersion" or "requiredFeatures" property
[14:23:27] [main/DEBUG] (FabricLoader/Mixin) Mixin config fabric-events-interaction-v0.mixins.json does not specify "minVersion" or "requiredFeatures" property
[14:23:27] [main/DEBUG] (FabricLoader/Mixin) Mixin config fabric-game-rule-api-v1.mixins.json does not specify "minVersion" or "requiredFeatures" property
[14:23:27] [main/DEBUG] (FabricLoader/Mixin) Mixin config fabric-resource-loader-v0.mixins.json does not specify "minVersion" or "requiredFeatures" property
[14:23:27] [main/DEBUG] (FabricLoader/Mixin) Mixin config fabric-block-view-api-v2.mixins.json does not specify "minVersion" or "requiredFeatures" property
[14:23:27] [main/DEBUG] (FabricLoader/Mixin) Mixin config fabric-content-registries-v0.mixins.json does not specify "minVersion" or "requiredFeatures" property
[14:23:27] [main/DEBUG] (FabricLoader/Mixin) Mixin config fabric-item-group-api-v1.mixins.json does not specify "minVersion" or "requiredFeatures" property
[14:23:27] [main/DEBUG] (FabricLoader/Mixin) Mixin config fabric-api-lookup-api-v1.mixins.json does not specify "minVersion" or "requiredFeatures" property
[14:23:27] [main/DEBUG] (FabricLoader/Mixin) Mixin config fabric-biome-api-v1.mixins.json does not specify "minVersion" or "requiredFeatures" property
[14:23:27] [main/DEBUG] (FabricLoader/Mixin) Mixin config fabric-dimensions-v1.mixins.json does not specify "minVersion" or "requiredFeatures" property
[14:23:27] [main/DEBUG] (FabricLoader/Mixin) Mixin config fabric-tag-api-v1.mixins.json does not specify "minVersion" or "requiredFeatures" property
[14:23:27] [main/DEBUG] (FabricLoader/Knot) Adding C:\Users\ms928\Documents\temp\PVDTime\.gradle\loom-cache\minecraftMaven\net\minecraft\minecraft-common-b07cf08c30\1.21.7-net.fabricmc.yarn.1_21_7.1.21.7+build.6-v2\minecraft-common-b07cf08c30-1.21.7-net.fabricmc.yarn.1_21_7.1.21.7+build.6-v2.jar to classpath.
[14:23:27] [main/DEBUG] (FabricLoader/Knot) Adding C:\Users\ms928\Documents\temp\PVDTime\build\classes\java\main to classpath.
[14:23:27] [main/DEBUG] (FabricLoader/Knot) Adding C:\Users\ms928\Documents\temp\PVDTime\build\resources\main to classpath.
[14:23:27] [main/DEBUG] (FabricLoader/Knot) Adding C:\Users\ms928\.gradle\caches\fabric-loom\1.21.7\net.fabricmc.yarn.1_21_7.1.21.7+build.6-v2\mappings.jar to classpath.
[14:23:27] [main/DEBUG] (FabricLoader/Knot) Adding C:\Users\ms928\.gradle\caches\modules-2\files-2.1\io.github.llamalad7\mixinextras-fabric\0.4.1\8d1a9e96afb990367fa1f904d17580d164da72e3\mixinextras-fabric-0.4.1.jar to classpath.
[14:23:27] [main/DEBUG] (FabricLoader/Knot) Adding C:\Users\ms928\.gradle\caches\modules-2\files-2.1\net.fabricmc\dev-launch-injector\0.2.1+build.8\da8bef7e6e2f952da707f282bdb46882a0fce5e3\dev-launch-injector-0.2.1+build.8.jar to classpath.
[14:23:27] [main/DEBUG] (FabricLoader/Knot) Adding C:\Users\ms928\.gradle\caches\modules-2\files-2.1\com.fasterxml.jackson.core\jackson-annotations\2.13.4\858c6cc78e1f08a885b1613e1d817c829df70a6e\jackson-annotations-2.13.4.jar to classpath.
[14:23:27] [main/DEBUG] (FabricLoader/Knot) Adding C:\Users\ms928\.gradle\caches\modules-2\files-2.1\com.fasterxml.jackson.core\jackson-core\2.13.4\cf934c681294b97ef6d80082faeefbe1edadf56\jackson-core-2.13.4.jar to classpath.
[14:23:27] [main/DEBUG] (FabricLoader/Knot) Adding C:\Users\ms928\.gradle\caches\modules-2\files-2.1\com.fasterxml.jackson.core\jackson-databind\2.13.4.2\325c06bdfeb628cfb80ebaaf1a26cc1eb558a585\jackson-databind-2.13.4.2.jar to classpath.
[14:23:27] [main/DEBUG] (FabricLoader/Knot) Adding C:\Users\ms928\.gradle\caches\modules-2\files-2.1\com.github.oshi\oshi-core\6.6.5\e1099981fd15dc4236c4499d82aba1276fb43a9a\oshi-core-6.6.5.jar to classpath.
[14:23:27] [main/DEBUG] (FabricLoader/Knot) Adding C:\Users\ms928\.gradle\caches\modules-2\files-2.1\com.github.stephenc.jcip\jcip-annotations\1.0-1\ef31541dd28ae2cefdd17c7ebf352d93e9058c63\jcip-annotations-1.0-1.jar to classpath.
[14:23:27] [main/DEBUG] (FabricLoader/Knot) Adding C:\Users\ms928\.gradle\caches\modules-2\files-2.1\com.google.guava\failureaccess\1.0.2\c4a06a64e650562f30b7bf9aaec1bfed43aca12b\failureaccess-1.0.2.jar to classpath.
[14:23:27] [main/DEBUG] (FabricLoader/Knot) Adding C:\Users\ms928\.gradle\caches\modules-2\files-2.1\com.google.guava\guava\33.3.1-jre\852f8b363da0111e819460021ca693cacca3e8db\guava-33.3.1-jre.jar to classpath.
[14:23:27] [main/DEBUG] (FabricLoader/Knot) Adding C:\Users\ms928\.gradle\caches\modules-2\files-2.1\com.microsoft.azure\msal4j\1.17.2\a6211e3d71d0388929babaa0ff0951b30d001852\msal4j-1.17.2.jar to classpath.
[14:23:27] [main/DEBUG] (FabricLoader/Knot) Adding C:\Users\ms928\.gradle\caches\modules-2\files-2.1\com.mojang\brigadier\1.3.10\d15b53a14cf20fdcaa98f731af5dda654452c010\brigadier-1.3.10.jar to classpath.
[14:23:27] [main/DEBUG] (FabricLoader/Knot) Adding C:\Users\ms928\.gradle\caches\modules-2\files-2.1\com.mojang\datafixerupper\8.0.16\67d4de6d7f95d89bcf5862995fb854ebaec02a34\datafixerupper-8.0.16.jar to classpath.
[14:23:27] [main/DEBUG] (FabricLoader/Knot) Adding C:\Users\ms928\.gradle\caches\modules-2\files-2.1\com.mojang\jtracy\1.0.29\6f07dcb6a2e595c7ee2ca43b67e5d1c018ca0770\jtracy-1.0.29.jar to classpath.
[14:23:27] [main/DEBUG] (FabricLoader/Knot) Adding C:\Users\ms928\.gradle\caches\modules-2\files-2.1\com.mojang\jtracy\1.0.29\e05332cb31c7ae582dc8d8bd1bffd47c2ff7636f\jtracy-1.0.29-natives-windows.jar to classpath.
[14:23:27] [main/DEBUG] (FabricLoader/Knot) Adding C:\Users\ms928\.gradle\caches\modules-2\files-2.1\com.nimbusds\content-type\2.3\e3aa0be212d7a42839a8f3f506f5b990bcce0222\content-type-2.3.jar to classpath.
[14:23:27] [main/DEBUG] (FabricLoader/Knot) Adding C:\Users\ms928\.gradle\caches\modules-2\files-2.1\com.nimbusds\lang-tag\1.7\97c73ecd70bc7e8eefb26c5eea84f251a63f1031\lang-tag-1.7.jar to classpath.
[14:23:27] [main/DEBUG] (FabricLoader/Knot) Adding C:\Users\ms928\.gradle\caches\modules-2\files-2.1\com.nimbusds\nimbus-jose-jwt\9.40\42b1dfa0360e4062951b070bac52dd8d96fd7b38\nimbus-jose-jwt-9.40.jar to classpath.
[14:23:27] [main/DEBUG] (FabricLoader/Knot) Adding C:\Users\ms928\.gradle\caches\modules-2\files-2.1\com.nimbusds\oauth2-oidc-sdk\11.18\7c7ec4f4066625ff07a711ad856fa04da1ff9de\oauth2-oidc-sdk-11.18.jar to classpath.
[14:23:27] [main/DEBUG] (FabricLoader/Knot) Adding C:\Users\ms928\.gradle\caches\modules-2\files-2.1\commons-io\commons-io\2.17.0\ddcc8433eb019fb48fe25207c0278143f3e1d7e2\commons-io-2.17.0.jar to classpath.
[14:23:27] [main/DEBUG] (FabricLoader/Knot) Adding C:\Users\ms928\.gradle\caches\modules-2\files-2.1\io.netty\netty-buffer\4.1.118.Final\7022990af1e0d449f9d5322035899745e19735c5\netty-buffer-4.1.118.Final.jar to classpath.
[14:23:27] [main/DEBUG] (FabricLoader/Knot) Adding C:\Users\ms928\.gradle\caches\modules-2\files-2.1\io.netty\netty-codec\4.1.118.Final\307f665c08ce57333121de4f460479fc0c3c94d4\netty-codec-4.1.118.Final.jar to classpath.
[14:23:27] [main/DEBUG] (FabricLoader/Knot) Adding C:\Users\ms928\.gradle\caches\modules-2\files-2.1\io.netty\netty-common\4.1.118.Final\4bb0f9899146484fa89f7b9bc27389d5b8e2ecde\netty-common-4.1.118.Final.jar to classpath.
[14:23:27] [main/DEBUG] (FabricLoader/Knot) Adding C:\Users\ms928\.gradle\caches\modules-2\files-2.1\io.netty\netty-handler\4.1.118.Final\30ebb05b6b0fb071dbfcf713017c4a767a97bb9b\netty-handler-4.1.118.Final.jar to classpath.
[14:23:27] [main/DEBUG] (FabricLoader/Knot) Adding C:\Users\ms928\.gradle\caches\modules-2\files-2.1\io.netty\netty-resolver\4.1.118.Final\28c378c19c1779eca1104b400452627f3ebc4aea\netty-resolver-4.1.118.Final.jar to classpath.
[14:23:27] [main/DEBUG] (FabricLoader/Knot) Adding C:\Users\ms928\.gradle\caches\modules-2\files-2.1\io.netty\netty-transport-classes-epoll\4.1.118.Final\376ce95507066f0e755d97c1c8bcd6c33f657617\netty-transport-classes-epoll-4.1.118.Final.jar to classpath.
[14:23:27] [main/DEBUG] (FabricLoader/Knot) Adding C:\Users\ms928\.gradle\caches\modules-2\files-2.1\io.netty\netty-transport-native-unix-common\4.1.118.Final\9da25a94e6a0edac90da0bc7894e5a54efcb866b\netty-transport-native-unix-common-4.1.118.Final.jar to classpath.
[14:23:27] [main/DEBUG] (FabricLoader/Knot) Adding C:\Users\ms928\.gradle\caches\modules-2\files-2.1\io.netty\netty-transport\4.1.118.Final\5a27232e5d08218722d94ca14f0b1b4576e7711c\netty-transport-4.1.118.Final.jar to classpath.
[14:23:27] [main/DEBUG] (FabricLoader/Knot) Adding C:\Users\ms928\.gradle\caches\modules-2\files-2.1\it.unimi.dsi\fastutil\8.5.15\1e885b40c9563ab0d3899b871fd0b30e958705dc\fastutil-8.5.15.jar to classpath.
[14:23:27] [main/DEBUG] (FabricLoader/Knot) Adding C:\Users\ms928\.gradle\caches\modules-2\files-2.1\net.java.dev.jna\jna-platform\5.15.0\86b502cad57d45da172b5e3231c537b042e296ef\jna-platform-5.15.0.jar to classpath.
[14:23:27] [main/DEBUG] (FabricLoader/Knot) Adding C:\Users\ms928\.gradle\caches\modules-2\files-2.1\net.java.dev.jna\jna\5.15.0\1ee1d80ff44f08280188f7c0e740d57207841ac\jna-5.15.0.jar to classpath.
[14:23:27] [main/DEBUG] (FabricLoader/Knot) Adding C:\Users\ms928\.gradle\caches\modules-2\files-2.1\net.minidev\accessors-smart\2.5.1\19b820261eb2e7de7d5bde11d1c06e4501dd7e5f\accessors-smart-2.5.1.jar to classpath.
[14:23:27] [main/DEBUG] (FabricLoader/Knot) Adding C:\Users\ms928\.gradle\caches\modules-2\files-2.1\net.minidev\json-smart\2.5.1\4c11d2808d009132dfbbf947ebf37de6bf266c8e\json-smart-2.5.1.jar to classpath.
[14:23:27] [main/DEBUG] (FabricLoader/Knot) Adding C:\Users\ms928\.gradle\caches\modules-2\files-2.1\net.sf.jopt-simple\jopt-simple\5.0.4\4fdac2fbe92dfad86aa6e9301736f6b4342a3f5c\jopt-simple-5.0.4.jar to classpath.
[14:23:27] [main/DEBUG] (FabricLoader/Knot) Adding C:\Users\ms928\.gradle\caches\modules-2\files-2.1\org.apache.commons\commons-lang3\3.17.0\b17d2136f0460dcc0d2016ceefca8723bdf4ee70\commons-lang3-3.17.0.jar to classpath.
[14:23:27] [main/DEBUG] (FabricLoader/Knot) Adding C:\Users\ms928\.gradle\caches\modules-2\files-2.1\org.joml\joml\1.10.8\fc0a71dad90a2cf41d82a76156a0e700af8e4f8d\joml-1.10.8.jar to classpath.
[14:23:27] [main/DEBUG] (FabricLoader/Knot) Adding C:\Users\ms928\.gradle\caches\modules-2\files-2.1\org.lwjgl\lwjgl-freetype\3.3.3\81091b006dbb43fab04c8c638e9ac87c51b4096d\lwjgl-freetype-3.3.3-natives-windows.jar to classpath.
[14:23:27] [main/DEBUG] (FabricLoader/Knot) Adding C:\Users\ms928\.gradle\caches\modules-2\files-2.1\org.lwjgl\lwjgl-freetype\3.3.3\82028265a0a2ff33523ca75137ada7dc176e5210\lwjgl-freetype-3.3.3-natives-windows-arm64.jar to classpath.
[14:23:27] [main/DEBUG] (FabricLoader/Knot) Adding C:\Users\ms928\.gradle\caches\modules-2\files-2.1\org.lwjgl\lwjgl-freetype\3.3.3\15a8c1de7f51d07a92eae7ce1222557073a0c0c3\lwjgl-freetype-3.3.3-natives-windows-x86.jar to classpath.
[14:23:27] [main/DEBUG] (FabricLoader/Knot) Adding C:\Users\ms928\.gradle\caches\modules-2\files-2.1\org.lwjgl\lwjgl-glfw\3.3.3\e449e28b4891fc423c54c85fbc5bb0b9efece67a\lwjgl-glfw-3.3.3-natives-windows.jar to classpath.
[14:23:27] [main/DEBUG] (FabricLoader/Knot) Adding C:\Users\ms928\.gradle\caches\modules-2\files-2.1\org.lwjgl\lwjgl-glfw\3.3.3\f27018dc74f6289574502b46cce55d52817554e2\lwjgl-glfw-3.3.3-natives-windows-arm64.jar to classpath.
[14:23:27] [main/DEBUG] (FabricLoader/Knot) Adding C:\Users\ms928\.gradle\caches\modules-2\files-2.1\org.lwjgl\lwjgl-glfw\3.3.3\32334f3fd5270a59bad9939a93115acb6de36dcf\lwjgl-glfw-3.3.3-natives-windows-x86.jar to classpath.
[14:23:27] [main/DEBUG] (FabricLoader/Knot) Adding C:\Users\ms928\.gradle\caches\modules-2\files-2.1\org.lwjgl\lwjgl-jemalloc\3.3.3\426222fc027602a5f21b9c0fe79cde6a4c7a011f\lwjgl-jemalloc-3.3.3-natives-windows.jar to classpath.
[14:23:27] [main/DEBUG] (FabricLoader/Knot) Adding C:\Users\ms928\.gradle\caches\modules-2\files-2.1\org.lwjgl\lwjgl-jemalloc\3.3.3\ba1f3fed0ee4be0217eaa41c5bbfb4b9b1383c33\lwjgl-jemalloc-3.3.3-natives-windows-arm64.jar to classpath.
[14:23:27] [main/DEBUG] (FabricLoader/Knot) Adding C:\Users\ms928\.gradle\caches\modules-2\files-2.1\org.lwjgl\lwjgl-jemalloc\3.3.3\f6063b6e0f23be483c5c88d84ce51b39dc69126c\lwjgl-jemalloc-3.3.3-natives-windows-x86.jar to classpath.
[14:23:27] [main/DEBUG] (FabricLoader/Knot) Adding C:\Users\ms928\.gradle\caches\modules-2\files-2.1\org.lwjgl\lwjgl-openal\3.3.3\cf83862ae95d98496b26915024c7e666d8ab1c8f\lwjgl-openal-3.3.3-natives-windows.jar to classpath.
[14:23:27] [main/DEBUG] (FabricLoader/Knot) Adding C:\Users\ms928\.gradle\caches\modules-2\files-2.1\org.lwjgl\lwjgl-openal\3.3.3\8e0615235116b9e4160dfe87bec90f5f6378bf72\lwjgl-openal-3.3.3-natives-windows-arm64.jar to classpath.
[14:23:27] [main/DEBUG] (FabricLoader/Knot) Adding C:\Users\ms928\.gradle\caches\modules-2\files-2.1\org.lwjgl\lwjgl-openal\3.3.3\87b8d5050e3adb46bb58fe1cb2669a4a48fce10d\lwjgl-openal-3.3.3-natives-windows-x86.jar to classpath.
[14:23:27] [main/DEBUG] (FabricLoader/Knot) Adding C:\Users\ms928\.gradle\caches\modules-2\files-2.1\org.lwjgl\lwjgl-opengl\3.3.3\e6c1eec8be8a71951b830a4d69efc01c6531900c\lwjgl-opengl-3.3.3-natives-windows.jar to classpath.
[14:23:27] [main/DEBUG] (FabricLoader/Knot) Adding C:\Users\ms928\.gradle\caches\modules-2\files-2.1\org.lwjgl\lwjgl-opengl\3.3.3\65e956d3735a1abdc82eff4baec1b61174697d4b\lwjgl-opengl-3.3.3-natives-windows-arm64.jar to classpath.
[14:23:27] [main/DEBUG] (FabricLoader/Knot) Adding C:\Users\ms928\.gradle\caches\modules-2\files-2.1\org.lwjgl\lwjgl-opengl\3.3.3\d32d833dcaa2f355a886eaf21f0408b5f03241d\lwjgl-opengl-3.3.3-natives-windows-x86.jar to classpath.
[14:23:27] [main/DEBUG] (FabricLoader/Knot) Adding C:\Users\ms928\.gradle\caches\modules-2\files-2.1\org.lwjgl\lwjgl-stb\3.3.3\1d9facdf6541de114b0f963be33505b7679c78cb\lwjgl-stb-3.3.3-natives-windows.jar to classpath.
[14:23:27] [main/DEBUG] (FabricLoader/Knot) Adding C:\Users\ms928\.gradle\caches\modules-2\files-2.1\org.lwjgl\lwjgl-stb\3.3.3\a584ab44de569708871f0a79561f4d8c37487f2c\lwjgl-stb-3.3.3-natives-windows-arm64.jar to classpath.
[14:23:27] [main/DEBUG] (FabricLoader/Knot) Adding C:\Users\ms928\.gradle\caches\modules-2\files-2.1\org.lwjgl\lwjgl-stb\3.3.3\b5c874687b9aac1a936501d4ed2c49567fd1b575\lwjgl-stb-3.3.3-natives-windows-x86.jar to classpath.
[14:23:27] [main/DEBUG] (FabricLoader/Knot) Adding C:\Users\ms928\.gradle\caches\modules-2\files-2.1\org.lwjgl\lwjgl-tinyfd\3.3.3\a6697981b0449a5087c1d546fc08b4f73e8f98c9\lwjgl-tinyfd-3.3.3-natives-windows.jar to classpath.
[14:23:27] [main/DEBUG] (FabricLoader/Knot) Adding C:\Users\ms928\.gradle\caches\modules-2\files-2.1\org.lwjgl\lwjgl-tinyfd\3.3.3\a88c494f3006eb91a7433b12a3a55a9a6c20788b\lwjgl-tinyfd-3.3.3-natives-windows-arm64.jar to classpath.
[14:23:27] [main/DEBUG] (FabricLoader/Knot) Adding C:\Users\ms928\.gradle\caches\modules-2\files-2.1\org.lwjgl\lwjgl-tinyfd\3.3.3\c336c84ee88cccb495c6ffa112395509e7378e8a\lwjgl-tinyfd-3.3.3-natives-windows-x86.jar to classpath.
[14:23:27] [main/DEBUG] (FabricLoader/Knot) Adding C:\Users\ms928\.gradle\caches\modules-2\files-2.1\org.lwjgl\lwjgl\3.3.3\a5ed18a2b82fc91b81f40d717cb1f64c9dcb0540\lwjgl-3.3.3-natives-windows.jar to classpath.
[14:23:27] [main/DEBUG] (FabricLoader/Knot) Adding C:\Users\ms928\.gradle\caches\modules-2\files-2.1\org.lwjgl\lwjgl\3.3.3\e9aca8c5479b520a2a7f0d542a118140e812c5e8\lwjgl-3.3.3-natives-windows-arm64.jar to classpath.
[14:23:27] [main/DEBUG] (FabricLoader/Knot) Adding C:\Users\ms928\.gradle\caches\modules-2\files-2.1\org.lwjgl\lwjgl\3.3.3\9e670718e050aeaeea0c2d5b907cffb142f2e58f\lwjgl-3.3.3-natives-windows-x86.jar to classpath.
[14:23:27] [main/DEBUG] (FabricLoader/Knot) Adding C:\Users\ms928\.gradle\caches\modules-2\files-2.1\org.lz4\lz4-java\1.8.0\4b986a99445e49ea5fbf5d149c4b63f6ed6c6780\lz4-java-1.8.0.jar to classpath.
[14:23:27] [main/DEBUG] (FabricLoader/Knot) Adding C:\Users\ms928\Documents\temp\PVDTime\.gradle\loom-cache\minecraftMaven\net\minecraft\minecraft-common-b07cf08c30\1.21.7-net.fabricmc.yarn.1_21_7.1.21.7+build.6-v2\minecraft-common-b07cf08c30-1.21.7-net.fabricmc.yarn.1_21_7.1.21.7+build.6-v2.jar to classpath.
[14:23:27] [main/DEBUG] (FabricLoader/Knot) Adding C:\Users\ms928\.gradle\caches\modules-2\files-2.1\io.netty\netty-transport-native-epoll\4.1.118.Final\7e6b89e3746acb7cf6f0aad993bbd058fc6d912e\netty-transport-native-epoll-4.1.118.Final-linux-x86_64.jar to classpath.
[14:23:27] [main/DEBUG] (FabricLoader/Knot) Adding C:\Users\ms928\.gradle\caches\modules-2\files-2.1\io.netty\netty-transport-native-epoll\4.1.118.Final\82f94d0a9d837f6b6a580379373310ff7288c0f8\netty-transport-native-epoll-4.1.118.Final-linux-aarch_64.jar to classpath.
[14:23:27] [main/DEBUG] (FabricLoader/Knot) Adding C:\Users\ms928\Documents\temp\PVDTime\.gradle\loom-cache\remapped_mods\net_fabricmc_yarn_1_21_7_1_21_7_build_6_v2\net\fabricmc\fabric-api\fabric-api-common\0.128.1+1.21.7\fabric-api-common-0.128.1+1.21.7.jar to classpath.
[14:23:27] [main/DEBUG] (FabricLoader/Knot) Adding C:\Users\ms928\Documents\temp\PVDTime\.gradle\loom-cache\remapped_mods\net_fabricmc_yarn_1_21_7_1_21_7_build_6_v2\net\fabricmc\fabric-api\fabric-transfer-api-v1-common\6.0.5+946bf4c308\fabric-transfer-api-v1-common-6.0.5+946bf4c308.jar to classpath.
[14:23:27] [main/DEBUG] (FabricLoader/Knot) Adding C:\Users\ms928\Documents\temp\PVDTime\.gradle\loom-cache\remapped_mods\net_fabricmc_yarn_1_21_7_1_21_7_build_6_v2\net\fabricmc\fabric-api\fabric-api-lookup-api-v1-common\1.6.100+946bf4c308\fabric-api-lookup-api-v1-common-1.6.100+946bf4c308.jar to classpath.
[14:23:27] [main/DEBUG] (FabricLoader/Knot) Adding C:\Users\ms928\Documents\temp\PVDTime\.gradle\loom-cache\remapped_mods\net_fabricmc_yarn_1_21_7_1_21_7_build_6_v2\net\fabricmc\fabric-api\fabric-command-api-v2-common\2.2.53+946bf4c308\fabric-command-api-v2-common-2.2.53+946bf4c308.jar to classpath.
[14:23:27] [main/DEBUG] (FabricLoader/Knot) Adding C:\Users\ms928\Documents\temp\PVDTime\.gradle\loom-cache\remapped_mods\net_fabricmc_yarn_1_21_7_1_21_7_build_6_v2\net\fabricmc\fabric-api\fabric-content-registries-v0-common\10.0.18+946bf4c308\fabric-content-registries-v0-common-10.0.18+946bf4c308.jar to classpath.
[14:23:27] [main/DEBUG] (FabricLoader/Knot) Adding C:\Users\ms928\Documents\temp\PVDTime\.gradle\loom-cache\remapped_mods\net_fabricmc_yarn_1_21_7_1_21_7_build_6_v2\net\fabricmc\fabric-api\fabric-data-generation-api-v1-common\23.2.3+55e55d2908\fabric-data-generation-api-v1-common-23.2.3+55e55d2908.jar to classpath.
[14:23:27] [main/DEBUG] (FabricLoader/Knot) Adding C:\Users\ms928\Documents\temp\PVDTime\.gradle\loom-cache\remapped_mods\net_fabricmc_yarn_1_21_7_1_21_7_build_6_v2\net\fabricmc\fabric-api\fabric-convention-tags-v1-common\2.1.39+7f945d5b08\fabric-convention-tags-v1-common-2.1.39+7f945d5b08.jar to classpath.
[14:23:27] [main/DEBUG] (FabricLoader/Knot) Adding C:\Users\ms928\Documents\temp\PVDTime\.gradle\loom-cache\remapped_mods\net_fabricmc_yarn_1_21_7_1_21_7_build_6_v2\net\fabricmc\fabric-api\fabric-convention-tags-v2-common\2.15.4+3110759608\fabric-convention-tags-v2-common-2.15.4+3110759608.jar to classpath.
[14:23:27] [main/DEBUG] (FabricLoader/Knot) Adding C:\Users\ms928\Documents\temp\PVDTime\.gradle\loom-cache\remapped_mods\net_fabricmc_yarn_1_21_7_1_21_7_build_6_v2\net\fabricmc\fabric-api\fabric-data-attachment-api-v1-common\1.8.10+946bf4c308\fabric-data-attachment-api-v1-common-1.8.10+946bf4c308.jar to classpath.
[14:23:27] [main/DEBUG] (FabricLoader/Knot) Adding C:\Users\ms928\Documents\temp\PVDTime\.gradle\loom-cache\remapped_mods\net_fabricmc_yarn_1_21_7_1_21_7_build_6_v2\net\fabricmc\fabric-api\fabric-entity-events-v1-common\2.1.1+c9e4727308\fabric-entity-events-v1-common-2.1.1+c9e4727308.jar to classpath.
[14:23:27] [main/DEBUG] (FabricLoader/Knot) Adding C:\Users\ms928\Documents\temp\PVDTime\.gradle\loom-cache\remapped_mods\net_fabricmc_yarn_1_21_7_1_21_7_build_6_v2\net\fabricmc\fabric-api\fabric-events-interaction-v0-common\4.0.23+946bf4c308\fabric-events-interaction-v0-common-4.0.23+946bf4c308.jar to classpath.
[14:23:27] [main/DEBUG] (FabricLoader/Knot) Adding C:\Users\ms928\Documents\temp\PVDTime\.gradle\loom-cache\remapped_mods\net_fabricmc_yarn_1_21_7_1_21_7_build_6_v2\net\fabricmc\fabric-api\fabric-gametest-api-v1-common\3.1.9+39ce47f508\fabric-gametest-api-v1-common-3.1.9+39ce47f508.jar to classpath.
[14:23:27] [main/DEBUG] (FabricLoader/Knot) Adding C:\Users\ms928\Documents\temp\PVDTime\.gradle\loom-cache\remapped_mods\net_fabricmc_yarn_1_21_7_1_21_7_build_6_v2\net\fabricmc\fabric-api\fabric-item-api-v1-common\11.4.3+946bf4c308\fabric-item-api-v1-common-11.4.3+946bf4c308.jar to classpath.
[14:23:27] [main/DEBUG] (FabricLoader/Knot) Adding C:\Users\ms928\Documents\temp\PVDTime\.gradle\loom-cache\remapped_mods\net_fabricmc_yarn_1_21_7_1_21_7_build_6_v2\net\fabricmc\fabric-api\fabric-item-group-api-v1-common\4.2.13+946bf4c308\fabric-item-group-api-v1-common-4.2.13+946bf4c308.jar to classpath.
[14:23:27] [main/DEBUG] (FabricLoader/Knot) Adding C:\Users\ms928\Documents\temp\PVDTime\.gradle\loom-cache\remapped_mods\net_fabricmc_yarn_1_21_7_1_21_7_build_6_v2\net\fabricmc\fabric-api\fabric-lifecycle-events-v1-common\2.6.3+db4dfd8508\fabric-lifecycle-events-v1-common-2.6.3+db4dfd8508.jar to classpath.
[14:23:27] [main/DEBUG] (FabricLoader/Knot) Adding C:\Users\ms928\Documents\temp\PVDTime\.gradle\loom-cache\remapped_mods\net_fabricmc_yarn_1_21_7_1_21_7_build_6_v2\net\fabricmc\fabric-api\fabric-loot-api-v2-common\3.0.55+3f89f5a508\fabric-loot-api-v2-common-3.0.55+3f89f5a508.jar to classpath.
[14:23:27] [main/DEBUG] (FabricLoader/Knot) Adding C:\Users\ms928\Documents\temp\PVDTime\.gradle\loom-cache\remapped_mods\net_fabricmc_yarn_1_21_7_1_21_7_build_6_v2\net\fabricmc\fabric-api\fabric-loot-api-v3-common\2.0.2+946bf4c308\fabric-loot-api-v3-common-2.0.2+946bf4c308.jar to classpath.
[14:23:27] [main/DEBUG] (FabricLoader/Knot) Adding C:\Users\ms928\Documents\temp\PVDTime\.gradle\loom-cache\remapped_mods\net_fabricmc_yarn_1_21_7_1_21_7_build_6_v2\net\fabricmc\fabric-api\fabric-message-api-v1-common\6.1.1+946bf4c308\fabric-message-api-v1-common-6.1.1+946bf4c308.jar to classpath.
[14:23:27] [main/DEBUG] (FabricLoader/Knot) Adding C:\Users\ms928\Documents\temp\PVDTime\.gradle\loom-cache\remapped_mods\net_fabricmc_yarn_1_21_7_1_21_7_build_6_v2\net\fabricmc\fabric-api\fabric-particles-v1-common\4.1.7+946bf4c308\fabric-particles-v1-common-4.1.7+946bf4c308.jar to classpath.
[14:23:27] [main/DEBUG] (FabricLoader/Knot) Adding C:\Users\ms928\Documents\temp\PVDTime\.gradle\loom-cache\remapped_mods\net_fabricmc_yarn_1_21_7_1_21_7_build_6_v2\net\fabricmc\fabric-api\fabric-recipe-api-v1-common\8.1.14+946bf4c308\fabric-recipe-api-v1-common-8.1.14+946bf4c308.jar to classpath.
[14:23:27] [main/DEBUG] (FabricLoader/Knot) Adding C:\Users\ms928\Documents\temp\PVDTime\.gradle\loom-cache\remapped_mods\net_fabricmc_yarn_1_21_7_1_21_7_build_6_v2\net\fabricmc\fabric-api\fabric-object-builder-api-v1-common\21.1.7+946bf4c308\fabric-object-builder-api-v1-common-21.1.7+946bf4c308.jar to classpath.
[14:23:27] [main/DEBUG] (FabricLoader/Knot) Adding C:\Users\ms928\Documents\temp\PVDTime\.gradle\loom-cache\remapped_mods\net_fabricmc_yarn_1_21_7_1_21_7_build_6_v2\net\fabricmc\fabric-api\fabric-screen-handler-api-v1-common\1.3.136+946bf4c308\fabric-screen-handler-api-v1-common-1.3.136+946bf4c308.jar to classpath.
[14:23:27] [main/DEBUG] (FabricLoader/Knot) Adding C:\Users\ms928\Documents\temp\PVDTime\.gradle\loom-cache\remapped_mods\net_fabricmc_yarn_1_21_7_1_21_7_build_6_v2\net\fabricmc\fabric-api\fabric-registry-sync-v0-common\6.1.27+946bf4c308\fabric-registry-sync-v0-common-6.1.27+946bf4c308.jar to classpath.
[14:23:27] [main/DEBUG] (FabricLoader/Knot) Adding C:\Users\ms928\Documents\temp\PVDTime\.gradle\loom-cache\remapped_mods\net_fabricmc_yarn_1_21_7_1_21_7_build_6_v2\net\fabricmc\fabric-api\fabric-networking-api-v1-common\5.0.1+946bf4c308\fabric-networking-api-v1-common-5.0.1+946bf4c308.jar to classpath.
[14:23:27] [main/DEBUG] (FabricLoader/Knot) Adding C:\Users\ms928\Documents\temp\PVDTime\.gradle\loom-cache\remapped_mods\net_fabricmc_yarn_1_21_7_1_21_7_build_6_v2\net\fabricmc\fabric-api\fabric-rendering-fluids-v1-common\3.1.30+fa6cb72b08\fabric-rendering-fluids-v1-common-3.1.30+fa6cb72b08.jar to classpath.
[14:23:27] [main/DEBUG] (FabricLoader/Knot) Adding C:\Users\ms928\Documents\temp\PVDTime\.gradle\loom-cache\remapped_mods\net_fabricmc_yarn_1_21_7_1_21_7_build_6_v2\net\fabricmc\fabric-api\fabric-tag-api-v1-common\1.2.1+946bf4c308\fabric-tag-api-v1-common-1.2.1+946bf4c308.jar to classpath.
[14:23:27] [main/DEBUG] (FabricLoader/Knot) Adding C:\Users\ms928\Documents\temp\PVDTime\.gradle\loom-cache\remapped_mods\net_fabricmc_yarn_1_21_7_1_21_7_build_6_v2\net\fabricmc\fabric-api\fabric-resource-loader-v0-common\3.1.11+946bf4c308\fabric-resource-loader-v0-common-3.1.11+946bf4c308.jar to classpath.
[14:23:27] [main/DEBUG] (FabricLoader/Knot) Adding C:\Users\ms928\Documents\temp\PVDTime\.gradle\loom-cache\remapped_mods\net_fabricmc_yarn_1_21_7_1_21_7_build_6_v2\net\fabricmc\fabric-api\fabric-api-base-common\0.4.64+9ec45cd808\fabric-api-base-common-0.4.64+9ec45cd808.jar to classpath.
[14:23:27] [main/DEBUG] (FabricLoader/Knot) Adding C:\Users\ms928\Documents\temp\PVDTime\.gradle\loom-cache\remapped_mods\net_fabricmc_yarn_1_21_7_1_21_7_build_6_v2\net\fabricmc\fabric-api\fabric-biome-api-v1-common\16.0.11+946bf4c308\fabric-biome-api-v1-common-16.0.11+946bf4c308.jar to classpath.
[14:23:27] [main/DEBUG] (FabricLoader/Knot) Adding C:\Users\ms928\Documents\temp\PVDTime\.gradle\loom-cache\remapped_mods\net_fabricmc_yarn_1_21_7_1_21_7_build_6_v2\net\fabricmc\fabric-api\fabric-block-api-v1-common\1.1.3+946bf4c308\fabric-block-api-v1-common-1.1.3+946bf4c308.jar to classpath.
[14:23:27] [main/DEBUG] (FabricLoader/Knot) Adding C:\Users\ms928\Documents\temp\PVDTime\.gradle\loom-cache\remapped_mods\net_fabricmc_yarn_1_21_7_1_21_7_build_6_v2\net\fabricmc\fabric-api\fabric-block-view-api-v2-common\1.0.31+946bf4c308\fabric-block-view-api-v2-common-1.0.31+946bf4c308.jar to classpath.
[14:23:27] [main/DEBUG] (FabricLoader/Knot) Adding C:\Users\ms928\Documents\temp\PVDTime\.gradle\loom-cache\remapped_mods\net_fabricmc_yarn_1_21_7_1_21_7_build_6_v2\net\fabricmc\fabric-api\fabric-crash-report-info-v1-common\0.3.15+946bf4c308\fabric-crash-report-info-v1-common-0.3.15+946bf4c308.jar to classpath.
[14:23:27] [main/DEBUG] (FabricLoader/Knot) Adding C:\Users\ms928\Documents\temp\PVDTime\.gradle\loom-cache\remapped_mods\net_fabricmc_yarn_1_21_7_1_21_7_build_6_v2\net\fabricmc\fabric-api\fabric-dimensions-v1-common\4.0.19+946bf4c308\fabric-dimensions-v1-common-4.0.19+946bf4c308.jar to classpath.
[14:23:27] [main/DEBUG] (FabricLoader/Knot) Adding C:\Users\ms928\Documents\temp\PVDTime\.gradle\loom-cache\remapped_mods\net_fabricmc_yarn_1_21_7_1_21_7_build_6_v2\net\fabricmc\fabric-api\fabric-game-rule-api-v1-common\1.0.72+946bf4c308\fabric-game-rule-api-v1-common-1.0.72+946bf4c308.jar to classpath.
[14:23:27] [main/DEBUG] (FabricLoader/Knot) Adding C:\Users\ms928\Documents\temp\PVDTime\.gradle\loom-cache\remapped_mods\net_fabricmc_yarn_1_21_7_1_21_7_build_6_v2\net\fabricmc\fabric-api\fabric-resource-conditions-api-v1-common\5.0.24+946bf4c308\fabric-resource-conditions-api-v1-common-5.0.24+946bf4c308.jar to classpath.
[14:23:27] [main/DEBUG] (FabricLoader/Knot) Adding C:\Users\ms928\Documents\temp\PVDTime\.gradle\loom-cache\remapped_mods\net_fabricmc_yarn_1_21_7_1_21_7_build_6_v2\net\fabricmc\fabric-api\fabric-transitive-access-wideners-v1-common\6.4.1+ac3e15d108\fabric-transitive-access-wideners-v1-common-6.4.1+ac3e15d108.jar to classpath.
[14:23:27] [main/DEBUG] (FabricLoader/Knot) Adding C:\Users\ms928\.gradle\caches\modules-2\files-2.1\com.google.errorprone\error_prone_annotations\2.27.0\91b2c29d8a6148b5e2e4930f070d4840e2e48e34\error_prone_annotations-2.27.0.jar to classpath.
[14:23:27] [main/DEBUG] (FabricLoader/Knot) Adding C:\Users\ms928\.gradle\caches\modules-2\files-2.1\org.jline\jline-reader\3.20.0\8f15415b022a25b473e8e16c28ae913186ffb9c4\jline-reader-3.20.0.jar to classpath.
[14:23:27] [main/DEBUG] (FabricLoader/Knot) Adding C:\Users\ms928\.gradle\caches\modules-2\files-2.1\org.jline\jline-terminal\3.20.0\d0ddcc708ddf527a3454c941b7b9225cc83a15ff\jline-terminal-3.20.0.jar to classpath.
[14:23:27] [main/DEBUG] (FabricLoader/Entrypoint) No subscribers for entrypoint 'preLaunch'
[14:23:27] [main/DEBUG] (FabricLoader/Mixin) Preparing mixins for MixinEnvironment[DEFAULT]
[14:23:27] [main/DEBUG] (FabricLoader/Mixin) Selecting config fabric-resource-conditions-api-v1.mixins.json
[14:23:27] [main/DEBUG] (FabricLoader/Mixin) Selecting config fabric-entity-events-v1.mixins.json
[14:23:27] [main/DEBUG] (FabricLoader/Mixin) Selecting config fabric-particles-v1.mixins.json
[14:23:27] [main/DEBUG] (FabricLoader/Mixin) Selecting config fabric-loot-api-v3.mixins.json
[14:23:27] [main/DEBUG] (FabricLoader/Mixin) Selecting config fabric-block-api-v1.mixins.json
[14:23:27] [main/DEBUG] (FabricLoader/Mixin) Selecting config fabric-loot-api-v2.mixins.json
[14:23:27] [main/DEBUG] (FabricLoader/Mixin) Selecting config fabric-crash-report-info-v1.mixins.json
[14:23:27] [main/DEBUG] (FabricLoader/Mixin) Selecting config fabric-screen-handler-api-v1.mixins.json
[14:23:27] [main/DEBUG] (FabricLoader/Mixin) Selecting config fabric-recipe-api-v1.mixins.json
[14:23:27] [main/DEBUG] (FabricLoader/Mixin) Selecting config fabric-message-api-v1.mixins.json
[14:23:27] [main/DEBUG] (FabricLoader/Mixin) Selecting config fabric-data-attachment-api-v1.mixins.json
[14:23:27] [main/DEBUG] (FabricLoader/Mixin) Selecting config fabric-networking-api-v1.mixins.json
[14:23:27] [main/DEBUG] (FabricLoader/Mixin) Selecting config fabric-gametest-api-v1.mixins.json
[14:23:27] [main/DEBUG] (FabricLoader/Mixin) Selecting config fabric-data-generation-api-v1.mixins.json
[14:23:27] [main/DEBUG] (FabricLoader/Mixin) Selecting config fabric-command-api-v2.mixins.json
[14:23:27] [main/DEBUG] (FabricLoader/Mixin) Selecting config fabric-object-builder-v1.mixins.json
[14:23:27] [main/DEBUG] (FabricLoader/Mixin) Selecting config fabric-convention-tags-api-v2.mixins.json
[14:23:27] [main/DEBUG] (FabricLoader/Mixin) Selecting config fabric-transfer-api-v1.mixins.json
[14:23:27] [main/DEBUG] (FabricLoader/Mixin) Selecting config fabric-item-api-v1.mixins.json
[14:23:27] [main/DEBUG] (FabricLoader/Mixin) Selecting config fabric-registry-sync-v0.mixins.json
[14:23:27] [main/DEBUG] (FabricLoader/Mixin) Selecting config mixinextras.init.mixins.json
[14:23:27] [main/DEBUG] (FabricLoader/MixinExtras|Service) com.llamalad7.mixinextras.service.MixinExtrasServiceImpl(version=0.4.1) is taking over from null
[14:23:27] [main/DEBUG] (FabricLoader/Mixin) Registering new injector for @Inject with org.spongepowered.asm.mixin.injection.struct.CallbackInjectionInfo
[14:23:27] [main/DEBUG] (FabricLoader/Mixin) Registering new injector for @ModifyArg with org.spongepowered.asm.mixin.injection.struct.ModifyArgInjectionInfo
[14:23:27] [main/DEBUG] (FabricLoader/Mixin) Registering new injector for @ModifyArgs with org.spongepowered.asm.mixin.injection.struct.ModifyArgsInjectionInfo
[14:23:27] [main/DEBUG] (FabricLoader/Mixin) Registering new injector for @Redirect with org.spongepowered.asm.mixin.injection.struct.RedirectInjectionInfo
[14:23:27] [main/DEBUG] (FabricLoader/Mixin) Registering new injector for @ModifyVariable with org.spongepowered.asm.mixin.injection.struct.ModifyVariableInjectionInfo
[14:23:27] [main/DEBUG] (FabricLoader/Mixin) Registering new injector for @ModifyConstant with org.spongepowered.asm.mixin.injection.struct.ModifyConstantInjectionInfo
[14:23:27] [main/DEBUG] (FabricLoader/Mixin) Selecting config fabric-lifecycle-events-v1.mixins.json
[14:23:27] [main/DEBUG] (FabricLoader/Mixin) Selecting config fabric-events-interaction-v0.mixins.json
[14:23:27] [main/DEBUG] (FabricLoader/Mixin) Selecting config fabric-game-rule-api-v1.mixins.json
[14:23:27] [main/DEBUG] (FabricLoader/Mixin) Selecting config fabric-resource-loader-v0.mixins.json
[14:23:27] [main/DEBUG] (FabricLoader/Mixin) Selecting config fabric-block-view-api-v2.mixins.json
[14:23:27] [main/DEBUG] (FabricLoader/Mixin) Selecting config fabric-content-registries-v0.mixins.json
[14:23:27] [main/DEBUG] (FabricLoader/Mixin) Selecting config fabric-item-group-api-v1.mixins.json
[14:23:27] [main/DEBUG] (FabricLoader/Mixin) Selecting config fabric-api-lookup-api-v1.mixins.json
[14:23:27] [main/DEBUG] (FabricLoader/Mixin) Selecting config fabric-biome-api-v1.mixins.json
[14:23:27] [main/DEBUG] (FabricLoader/Mixin) Selecting config fabric-dimensions-v1.mixins.json
[14:23:27] [main/DEBUG] (FabricLoader/Mixin) Selecting config fabric-tag-api-v1.mixins.json
[14:23:27] [main/DEBUG] (FabricLoader/Mixin) Preparing fabric-resource-conditions-api-v1.mixins.json (8)
[14:23:27] [main/DEBUG] (FabricLoader/Mixin) Preparing fabric-entity-events-v1.mixins.json (7)
[14:23:27] [main/DEBUG] (FabricLoader/Mixin) Preparing fabric-particles-v1.mixins.json (8)
[14:23:27] [main/DEBUG] (FabricLoader/Mixin) Preparing fabric-loot-api-v3.mixins.json (8)
[14:23:27] [main/DEBUG] (FabricLoader/Mixin) Preparing fabric-block-api-v1.mixins.json (5)
[14:23:27] [main/DEBUG] (FabricLoader/Mixin) @Mixin target net/minecraft/world/chunk/ChunkSection$BlockStateCounter is public in fabric-block-api-v1.mixins.json:ChunkSectionBlockStateCounterMixin from mod fabric-block-api-v1 and should be specified in value
[14:23:27] [main/DEBUG] (FabricLoader/Mixin) Preparing fabric-loot-api-v2.mixins.json (2)
[14:23:27] [main/DEBUG] (FabricLoader/Mixin) Preparing fabric-crash-report-info-v1.mixins.json (2)
[14:23:27] [main/DEBUG] (FabricLoader/Mixin) Preparing fabric-screen-handler-api-v1.mixins.json (2)
[14:23:27] [main/DEBUG] (FabricLoader/Mixin) Preparing fabric-recipe-api-v1.mixins.json (5)
[14:23:27] [main/DEBUG] (FabricLoader/Mixin) Preparing fabric-message-api-v1.mixins.json (2)
[14:23:27] [main/DEBUG] (FabricLoader/Mixin) Preparing fabric-data-attachment-api-v1.mixins.json (14)
[14:23:27] [main/DEBUG] (FabricLoader/Mixin) Preparing fabric-networking-api-v1.mixins.json (20)
[14:23:27] [main/DEBUG] (FabricLoader/Mixin) @Mixin target net/minecraft/network/packet/CustomPayload$1 is public in fabric-networking-api-v1.mixins.json:CustomPayloadPacketCodecMixin from mod fabric-networking-api-v1 and should be specified in value
[14:23:27] [main/DEBUG] (FabricLoader/Mixin) @Mixin target net/minecraft/server/world/ServerChunkLoadingManager$EntityTracker is public in fabric-networking-api-v1.mixins.json:accessor.EntityTrackerAccessor from mod fabric-networking-api-v1 and should be specified in value
[14:23:27] [main/DEBUG] (FabricLoader/Mixin) Preparing fabric-gametest-api-v1.mixins.json (4)
[14:23:27] [main/DEBUG] (FabricLoader/Mixin) Preparing fabric-data-generation-api-v1.mixins.json (17)
[14:23:27] [main/DEBUG] (FabricLoader/Mixin) @Mixin target net/minecraft/data/DataCache$CachedData is public in fabric-data-generation-api-v1.mixins.json:DataCacheCachedDataMixin from mod fabric-data-generation-api-v1 and should be specified in value
[14:23:27] [main/DEBUG] (FabricLoader/Mixin) @Mixin target net/minecraft/data/tag/ProvidedTagBuilder$1 is public in fabric-data-generation-api-v1.mixins.json:ProvidedTagBuilderMixin$ProvidedTagBuilder1Mixin from mod fabric-data-generation-api-v1 and should be specified in value
[14:23:27] [main/DEBUG] (FabricLoader/Mixin) @Mixin target net/minecraft/data/tag/ProvidedTagBuilder$2 is public in fabric-data-generation-api-v1.mixins.json:ProvidedTagBuilderMixin$ProvidedTagBuilder2Mixin from mod fabric-data-generation-api-v1 and should be specified in value
[14:23:27] [main/DEBUG] (FabricLoader/Mixin) Preparing fabric-command-api-v2.mixins.json (5)
[14:23:27] [main/DEBUG] (FabricLoader/Mixin) Preparing fabric-object-builder-v1.mixins.json (10)
[14:23:27] [main/DEBUG] (FabricLoader/Mixin) Preparing fabric-convention-tags-api-v2.mixins.json (1)
[14:23:27] [main/DEBUG] (FabricLoader/Mixin) Preparing fabric-transfer-api-v1.mixins.json (15)
[14:23:27] [main/DEBUG] (FabricLoader/Mixin) Preparing fabric-item-api-v1.mixins.json (17)
[14:23:27] [main/DEBUG] (FabricLoader/Mixin) Preparing fabric-registry-sync-v0.mixins.json (16)
[14:23:27] [main/DEBUG] (FabricLoader/Mixin) Preparing mixinextras.init.mixins.json (0)
[14:23:27] [main/DEBUG] (FabricLoader/Mixin) Preparing fabric-lifecycle-events-v1.mixins.json (11)
[14:23:27] [main/DEBUG] (FabricLoader/Mixin) @Mixin target net/minecraft/server/world/ServerWorld$ServerEntityHandler is public in fabric-lifecycle-events-v1.mixins.json:ServerWorldServerEntityHandlerMixin from mod fabric-lifecycle-events-v1 and should be specified in value
[14:23:27] [main/DEBUG] (FabricLoader/Mixin) Preparing fabric-events-interaction-v0.mixins.json (5)
[14:23:27] [main/DEBUG] (FabricLoader/Mixin) @Mixin target net/minecraft/server/network/ServerPlayNetworkHandler$1 is public in fabric-events-interaction-v0.mixins.json:ServerPlayNetworkHandlerInteractEntityHandlerMixin from mod fabric-events-interaction-v0 and should be specified in value
[14:23:27] [main/DEBUG] (FabricLoader/Mixin) Preparing fabric-game-rule-api-v1.mixins.json (6)
[14:23:27] [main/DEBUG] (FabricLoader/Mixin) @Mixin target net/minecraft/server/command/GameRuleCommand$1 is public in fabric-game-rule-api-v1.mixins.json:GameRuleCommandVisitorMixin from mod fabric-game-rule-api-v1 and should be specified in value
[14:23:27] [main/DEBUG] (FabricLoader/Mixin) Preparing fabric-resource-loader-v0.mixins.json (15)
[14:23:27] [main/DEBUG] (FabricLoader/Mixin) Preparing fabric-block-view-api-v2.mixins.json (3)
[14:23:27] [main/DEBUG] (FabricLoader/Mixin) Preparing fabric-content-registries-v0.mixins.json (17)
[14:23:27] [main/DEBUG] (FabricLoader/Mixin) Preparing fabric-item-group-api-v1.mixins.json (3)
[14:23:27] [main/DEBUG] (FabricLoader/Mixin) Preparing fabric-api-lookup-api-v1.mixins.json (2)
[14:23:27] [main/DEBUG] (FabricLoader/Mixin) Preparing fabric-biome-api-v1.mixins.json (9)
[14:23:27] [main/DEBUG] (FabricLoader/Mixin) @Mixin target net/minecraft/world/biome/source/MultiNoiseBiomeSourceParameterList$Preset$1 is public in fabric-biome-api-v1.mixins.json:NetherBiomePresetMixin from mod fabric-biome-api-v1 and should be specified in value
[14:23:27] [main/DEBUG] (FabricLoader/Mixin) Preparing fabric-dimensions-v1.mixins.json (4)
[14:23:27] [main/DEBUG] (FabricLoader/Mixin) Preparing fabric-tag-api-v1.mixins.json (5)
[14:23:27] [main/DEBUG] (FabricLoader/Mixin) @Mixin target net/minecraft/registry/SimpleRegistry$2 is public in fabric-tag-api-v1.mixins.json:SimpleRegistry2Mixin from mod fabric-tag-api-v1 and should be specified in value
[14:23:27] [main/DEBUG] (FabricLoader/Mixin) @Mixin target net/minecraft/registry/SimpleRegistry$3 is public in fabric-tag-api-v1.mixins.json:SimpleRegistry3Mixin from mod fabric-tag-api-v1 and should be specified in value
[14:23:27] [main/DEBUG] (FabricLoader/Mixin) @Mixin target net/minecraft/registry/SimpleRegistry$TagLookup$2 is public in fabric-tag-api-v1.mixins.json:SimpleRegistryTagLookup2Accessor from mod fabric-tag-api-v1 and should be specified in value
[14:23:27] [main/DEBUG] (FabricLoader/Mixin) Inner class net/fabricmc/fabric/mixin/transfer/ChiseledBookshelfBlockEntityMixin$1 in net/fabricmc/fabric/mixin/transfer/ChiseledBookshelfBlockEntityMixin on net/minecraft/block/entity/ChiseledBookshelfBlockEntity gets unique name net/minecraft/block/entity/ChiseledBookshelfBlockEntity$Anonymous$69229d8c7ec44cf4b95c3d0ad2b17403
[14:23:27] [main/DEBUG] (FabricLoader/Mixin) Inner class net/fabricmc/fabric/mixin/itemgroup/ItemGroupsMixin$1ItemGroupPosition in net/fabricmc/fabric/mixin/itemgroup/ItemGroupsMixin on net/minecraft/item/ItemGroups gets unique name net/minecraft/item/ItemGroups$1ItemGroupPosition$881cb54a25994a408452bd35305d1101
[14:23:27] [main/DEBUG] (FabricLoader/Mixin) Prepared 248 mixins in 0,472 sec (1,9ms avg) (0ms load, 0ms transform, 0ms plugin)
[14:23:27] [main/INFO] (FabricLoader/MixinExtras|Service) Initializing MixinExtras via com.llamalad7.mixinextras.service.MixinExtrasServiceImpl(version=0.4.1).
[14:23:27] [main/DEBUG] (FabricLoader/Mixin) Registering new injector for @SugarWrapper with com.llamalad7.mixinextras.sugar.impl.SugarWrapperInjectionInfo
[14:23:27] [main/DEBUG] (FabricLoader/Mixin) Registering new injector for @FactoryRedirectWrapper with com.llamalad7.mixinextras.wrapper.factory.FactoryRedirectWrapperInjectionInfo
[14:23:27] [main/DEBUG] (FabricLoader/Mixin) Mixing server.MainMixin from fabric-gametest-api-v1.mixins.json into net.minecraft.server.Main
[14:23:27] [main/DEBUG] (FabricLoader/Mixin) Mixing server.MainMixin from fabric-data-generation-api-v1.mixins.json into net.minecraft.server.Main
[14:23:27] [main/DEBUG] (FabricLoader/Mixin) Mixing MainMixin from fabric-registry-sync-v0.mixins.json into net.minecraft.server.Main
[14:23:27] [main/DEBUG] (FabricLoader/Mixin) fabric-gametest-api-v1.mixins.json:server.MainMixin from mod fabric-gametest-api-v1->@Inject::main([Ljava/lang/String;Lorg/spongepowered/asm/mixin/injection/callback/CallbackInfo;)V does use it's CallbackInfo
[14:23:27] [main/DEBUG] (FabricLoader/Mixin) fabric-gametest-api-v1.mixins.json:server.MainMixin from mod fabric-gametest-api-v1->@Inject::exitOnError(Lorg/spongepowered/asm/mixin/injection/callback/CallbackInfo;)V doesn't use it's CallbackInfo
[14:23:27] [main/DEBUG] (FabricLoader/Mixin) fabric-data-generation-api-v1.mixins.json:server.MainMixin from mod fabric-data-generation-api-v1->@Inject::main([Ljava/lang/String;Lorg/spongepowered/asm/mixin/injection/callback/CallbackInfo;)V does use it's CallbackInfo
[14:23:27] [main/DEBUG] (FabricLoader/Mixin) fabric-registry-sync-v0.mixins.json:MainMixin from mod fabric-registry-sync-v0->@Inject::afterModInit(Lorg/spongepowered/asm/mixin/injection/callback/CallbackInfo;)V doesn't use it's CallbackInfo
[14:23:28] [main/DEBUG] (io.netty.util.internal.logging.InternalLoggerFactory) Using SLF4J as the default logging framework
[14:23:28] [main/DEBUG] (io.netty.util.ResourceLeakDetector) -Dio.netty.leakDetection.level: simple
[14:23:28] [main/DEBUG] (io.netty.util.ResourceLeakDetector) -Dio.netty.leakDetection.targetRecords: 4
[14:23:28] [main/DEBUG] (FabricLoader/Mixin) Mixing SystemDetailsMixin from fabric-crash-report-info-v1.mixins.json into net.minecraft.util.SystemDetails
[14:23:28] [main/DEBUG] (FabricLoader/Mixin) Renaming synthetic method lambda$appendMods$1(Lnet/fabricmc/loader/api/ModContainer;)Ljava/lang/String; to md0fa23f$fabric-crash-report-info-v1$lambda$appendMods$1$0 in fabric-crash-report-info-v1.mixins.json:SystemDetailsMixin from mod fabric-crash-report-info-v1
[14:23:28] [main/DEBUG] (FabricLoader/Mixin) Renaming synthetic method lambda$fillSystemDetails$0()Ljava/lang/String; to md0fa23f$fabric-crash-report-info-v1$lambda$fillSystemDetails$0$1 in fabric-crash-report-info-v1.mixins.json:SystemDetailsMixin from mod fabric-crash-report-info-v1
[14:23:28] [main/DEBUG] (FabricLoader/Mixin) fabric-crash-report-info-v1.mixins.json:SystemDetailsMixin from mod fabric-crash-report-info-v1->@Inject::fillSystemDetails(Lorg/spongepowered/asm/mixin/injection/callback/CallbackInfo;)V doesn't use it's CallbackInfo
[14:23:28] [main/DEBUG] (FabricLoader/Mixin) fabric-crash-report-info-v1.mixins.json:SystemDetailsMixin from mod fabric-crash-report-info-v1->@Inject::fillSystemDetails(Lorg/spongepowered/asm/mixin/injection/callback/CallbackInfo;)V has 0 override(s) in child classes
[14:23:28] [main/DEBUG] (FabricLoader/Mixin) fabric-crash-report-info-v1.mixins.json:SystemDetailsMixin from mod fabric-crash-report-info-v1->@Inject::fillSystemDetails(Lorg/spongepowered/asm/mixin/injection/callback/CallbackInfo;)V won't be passed a CallbackInfo as a result
[14:23:29] [main/DEBUG] (FabricLoader/Mixin) Mixing BootstrapMixin from fabric-registry-sync-v0.mixins.json into net.minecraft.Bootstrap
[14:23:29] [main/DEBUG] (FabricLoader/Mixin) Renaming synthetic method lambda$initialize$1(Lnet/minecraft/fluid/Fluid;)Ljava/util/Collection; to md0fa23f$fabric-registry-sync-v0$lambda$initialize$1$0 in fabric-registry-sync-v0.mixins.json:BootstrapMixin from mod fabric-registry-sync-v0
[14:23:29] [main/DEBUG] (FabricLoader/Mixin) Renaming synthetic method lambda$initialize$0(Lnet/minecraft/block/Block;)Ljava/util/Collection; to md0fa23f$fabric-registry-sync-v0$lambda$initialize$0$1 in fabric-registry-sync-v0.mixins.json:BootstrapMixin from mod fabric-registry-sync-v0
[14:23:29] [main/DEBUG] (FabricLoader/Mixin) fabric-registry-sync-v0.mixins.json:BootstrapMixin from mod fabric-registry-sync-v0->@Inject::initialize(Lorg/spongepowered/asm/mixin/injection/callback/CallbackInfo;)V doesn't use it's CallbackInfo
[14:23:29] [main/DEBUG] (FabricLoader/Mixin) Mixing RegistryMixin from fabric-registry-sync-v0.mixins.json into net.minecraft.registry.Registry
[14:23:29] [main/DEBUG] (FabricLoader/Mixin) Mixing RegistriesMixin from fabric-item-api-v1.mixins.json into net.minecraft.registry.Registries
[14:23:29] [main/DEBUG] (FabricLoader/Mixin) Mixing RegistriesAccessor from fabric-registry-sync-v0.mixins.json into net.minecraft.registry.Registries
[14:23:29] [main/DEBUG] (FabricLoader/Mixin) Renaming @Accessor method getROOT()Lnet/minecraft/registry/MutableRegistry; to getROOT$fabric-registry-sync-v0_$md$0fa23f$0 in fabric-registry-sync-v0.mixins.json:RegistriesAccessor from mod fabric-registry-sync-v0
[14:23:29] [main/DEBUG] (FabricLoader/Mixin) Mixing RegistriesMixin from fabric-registry-sync-v0.mixins.json into net.minecraft.registry.Registries
[14:23:29] [main/DEBUG] (FabricLoader/Mixin) fabric-item-api-v1.mixins.json:RegistriesMixin from mod fabric-item-api-v1->@Inject::modifyDefaultItemComponents(Lorg/spongepowered/asm/mixin/injection/callback/CallbackInfo;)V doesn't use it's CallbackInfo
[14:23:29] [main/DEBUG] (FabricLoader/Mixin) fabric-registry-sync-v0.mixins.json:RegistriesMixin from mod fabric-registry-sync-v0->@Inject::init(Lorg/spongepowered/asm/mixin/injection/callback/CallbackInfo;)V does use it's CallbackInfo
[14:23:29] [main/DEBUG] (FabricLoader/Mixin) Mixing SimpleRegistryAccessor from fabric-registry-sync-v0.mixins.json into net.minecraft.registry.SimpleRegistry
[14:23:29] [main/DEBUG] (FabricLoader/Mixin) Mixing SimpleRegistryMixin from fabric-registry-sync-v0.mixins.json into net.minecraft.registry.SimpleRegistry
[14:23:29] [main/DEBUG] (FabricLoader/Mixin) Renaming synthetic method lambda$init$4([Lnet/fabricmc/fabric/api/event/registry/RegistryIdRemapCallback;)Lnet/fabricmc/fabric/api/event/registry/RegistryIdRemapCallback; to md0fa23f$fabric-registry-sync-v0$lambda$init$4$0 in fabric-registry-sync-v0.mixins.json:SimpleRegistryMixin from mod fabric-registry-sync-v0
[14:23:29] [main/DEBUG] (FabricLoader/Mixin) Renaming synthetic method lambda$init$3([Lnet/fabricmc/fabric/api/event/registry/RegistryIdRemapCallback;Lnet/fabricmc/fabric/api/event/registry/RegistryIdRemapCallback$RemapState;)V to md0fa23f$fabric-registry-sync-v0$lambda$init$3$1 in fabric-registry-sync-v0.mixins.json:SimpleRegistryMixin from mod fabric-registry-sync-v0
[14:23:29] [main/DEBUG] (FabricLoader/Mixin) Renaming synthetic method lambda$init$2(ILnet/minecraft/util/Identifier;Ljava/lang/Object;)V to md0fa23f$fabric-registry-sync-v0$lambda$init$2$2 in fabric-registry-sync-v0.mixins.json:SimpleRegistryMixin from mod fabric-registry-sync-v0
[14:23:29] [main/DEBUG] (FabricLoader/Mixin) Renaming synthetic method lambda$init$1([Lnet/fabricmc/fabric/api/event/registry/RegistryEntryAddedCallback;)Lnet/fabricmc/fabric/api/event/registry/RegistryEntryAddedCallback; to md0fa23f$fabric-registry-sync-v0$lambda$init$1$3 in fabric-registry-sync-v0.mixins.json:SimpleRegistryMixin from mod fabric-registry-sync-v0
[14:23:29] [main/DEBUG] (FabricLoader/Mixin) Renaming synthetic method lambda$init$0([Lnet/fabricmc/fabric/api/event/registry/RegistryEntryAddedCallback;ILnet/minecraft/util/Identifier;Ljava/lang/Object;)V to md0fa23f$fabric-registry-sync-v0$lambda$init$0$4 in fabric-registry-sync-v0.mixins.json:SimpleRegistryMixin from mod fabric-registry-sync-v0
[14:23:29] [main/DEBUG] (FabricLoader/Mixin) Mixing SimpleRegistryMixin from fabric-tag-api-v1.mixins.json into net.minecraft.registry.SimpleRegistry
[14:23:29] [main/DEBUG] (FabricLoader/Mixin) fabric-registry-sync-v0.mixins.json:SimpleRegistryMixin from mod fabric-registry-sync-v0->@Inject::init(Lnet/minecraft/registry/RegistryKey;Lcom/mojang/serialization/Lifecycle;ZLorg/spongepowered/asm/mixin/injection/callback/CallbackInfo;)V doesn't use it's CallbackInfo
[14:23:29] [main/DEBUG] (FabricLoader/Mixin) fabric-registry-sync-v0.mixins.json:SimpleRegistryMixin from mod fabric-registry-sync-v0->@Inject::init(Lnet/minecraft/registry/RegistryKey;Lcom/mojang/serialization/Lifecycle;ZLorg/spongepowered/asm/mixin/injection/callback/CallbackInfo;)V has 0 override(s) in child classes
[14:23:29] [main/DEBUG] (FabricLoader/Mixin) fabric-registry-sync-v0.mixins.json:SimpleRegistryMixin from mod fabric-registry-sync-v0->@Inject::init(Lnet/minecraft/registry/RegistryKey;Lcom/mojang/serialization/Lifecycle;ZLorg/spongepowered/asm/mixin/injection/callback/CallbackInfo;)V won't be passed a CallbackInfo as a result
[14:23:29] [main/DEBUG] (FabricLoader/Mixin) fabric-registry-sync-v0.mixins.json:SimpleRegistryMixin from mod fabric-registry-sync-v0->@Inject::set(Lnet/minecraft/registry/RegistryKey;Ljava/lang/Object;Lnet/minecraft/registry/entry/RegistryEntryInfo;Lorg/spongepowered/asm/mixin/injection/callback/CallbackInfoReturnable;)V does use it's CallbackInfoReturnable
[14:23:29] [main/DEBUG] (FabricLoader/Mixin) Mixing RegistryKeysMixin from fabric-registry-sync-v0.mixins.json into net.minecraft.registry.RegistryKeys
[14:23:29] [main/DEBUG] (FabricLoader/Mixin) Mixing ArgumentTypesAccessor from fabric-command-api-v2.mixins.json into net.minecraft.command.argument.ArgumentTypes
[14:23:29] [main/DEBUG] (FabricLoader/Mixin) Renaming @Accessor method fabric_getClassMap()Ljava/util/Map; to fabric_getClassMap$fabric-command-api-v2_$md$0fa23f$0 in fabric-command-api-v2.mixins.json:ArgumentTypesAccessor from mod fabric-command-api-v2
[14:23:29] [main/DEBUG] (FabricLoader/Mixin) Mixing ItemGroupsMixin from fabric-item-group-api-v1.mixins.json into net.minecraft.item.ItemGroups
[14:23:29] [main/DEBUG] (FabricLoader/Mixin) Renaming synthetic method lambda$paginateGroups$0(Lnet/minecraft/registry/entry/RegistryEntry$Reference;Lnet/minecraft/registry/entry/RegistryEntry$Reference;)I to md0fa23f$fabric-item-group-api-v1$lambda$paginateGroups$0$0 in fabric-item-group-api-v1.mixins.json:ItemGroupsMixin from mod fabric-item-group-api-v1
[14:23:29] [main/DEBUG] (FabricLoader/Mixin) fabric-item-group-api-v1.mixins.json:ItemGroupsMixin from mod fabric-item-group-api-v1->@Inject::deferDuplicateCheck(Lorg/spongepowered/asm/mixin/injection/callback/CallbackInfo;)V does use it's CallbackInfo
[14:23:29] [main/DEBUG] (FabricLoader/Mixin) fabric-item-group-api-v1.mixins.json:ItemGroupsMixin from mod fabric-item-group-api-v1->@Inject::paginateGroups(Lorg/spongepowered/asm/mixin/injection/callback/CallbackInfo;)V doesn't use it's CallbackInfo
[14:23:29] [main/DEBUG] (FabricLoader/Mixin) Mixing ItemGroupAccessor from fabric-item-group-api-v1.mixins.json into net.minecraft.item.ItemGroup
[14:23:29] [main/DEBUG] (FabricLoader/Mixin) Mixing ItemGroupMixin from fabric-item-group-api-v1.mixins.json into net.minecraft.item.ItemGroup
[14:23:29] [main/DEBUG] (FabricLoader/Mixin) Renaming synthetic method lambda$getStacks$0(Lnet/minecraft/item/ItemGroup;)Ljava/lang/IllegalStateException; to md0fa23f$fabric-item-group-api-v1$lambda$getStacks$0$0 in fabric-item-group-api-v1.mixins.json:ItemGroupMixin from mod fabric-item-group-api-v1
[14:23:29] [main/DEBUG] (FabricLoader/Mixin) fabric-item-group-api-v1.mixins.json:ItemGroupMixin from mod fabric-item-group-api-v1->@Inject::getStacks(Lnet/minecraft/item/ItemGroup$DisplayContext;Lorg/spongepowered/asm/mixin/injection/callback/CallbackInfo;)V doesn't use it's CallbackInfo
[14:23:29] [main/DEBUG] (FabricLoader/Mixin) fabric-item-group-api-v1.mixins.json:ItemGroupMixin from mod fabric-item-group-api-v1->@Inject::getStacks(Lnet/minecraft/item/ItemGroup$DisplayContext;Lorg/spongepowered/asm/mixin/injection/callback/CallbackInfo;)V has 0 override(s) in child classes
[14:23:29] [main/DEBUG] (FabricLoader/Mixin) fabric-item-group-api-v1.mixins.json:ItemGroupMixin from mod fabric-item-group-api-v1->@Inject::getStacks(Lnet/minecraft/item/ItemGroup$DisplayContext;Lorg/spongepowered/asm/mixin/injection/callback/CallbackInfo;)V won't be passed a CallbackInfo as a result
[14:23:29] [main/DEBUG] (FabricLoader/Mixin) Mixing FireBlockMixin from fabric-content-registries-v0.mixins.json into net.minecraft.block.FireBlock
[14:23:29] [main/DEBUG] (FabricLoader/Mixin) fabric-content-registries-v0.mixins.json:FireBlockMixin from mod fabric-content-registries-v0->@Inject::afterConstruct(Lnet/minecraft/block/AbstractBlock$Settings;Lorg/spongepowered/asm/mixin/injection/callback/CallbackInfo;)V doesn't use it's CallbackInfo
[14:23:29] [main/DEBUG] (FabricLoader/Mixin) fabric-content-registries-v0.mixins.json:FireBlockMixin from mod fabric-content-registries-v0->@Inject::afterConstruct(Lnet/minecraft/block/AbstractBlock$Settings;Lorg/spongepowered/asm/mixin/injection/callback/CallbackInfo;)V has 0 override(s) in child classes
[14:23:29] [main/DEBUG] (FabricLoader/Mixin) fabric-content-registries-v0.mixins.json:FireBlockMixin from mod fabric-content-registries-v0->@Inject::afterConstruct(Lnet/minecraft/block/AbstractBlock$Settings;Lorg/spongepowered/asm/mixin/injection/callback/CallbackInfo;)V won't be passed a CallbackInfo as a result
[14:23:29] [main/DEBUG] (FabricLoader/Mixin) fabric-content-registries-v0.mixins.json:FireBlockMixin from mod fabric-content-registries-v0->@Inject::getFabricBurnChance(Lnet/minecraft/block/BlockState;Lorg/spongepowered/asm/mixin/injection/callback/CallbackInfoReturnable;)V does use it's CallbackInfoReturnable
[14:23:29] [main/DEBUG] (FabricLoader/Mixin) fabric-content-registries-v0.mixins.json:FireBlockMixin from mod fabric-content-registries-v0->@Inject::getFabricSpreadChance(Lnet/minecraft/block/BlockState;Lorg/spongepowered/asm/mixin/injection/callback/CallbackInfoReturnable;)V does use it's CallbackInfoReturnable
[14:23:30] [main/DEBUG] (FabricLoader/Mixin) Mixing BlockMixin from fabric-block-api-v1.mixins.json into net.minecraft.block.Block
[14:23:30] [main/DEBUG] (FabricLoader/Mixin) Mixing AbstractBlockAccessor from fabric-content-registries-v0.mixins.json into net.minecraft.block.AbstractBlock
[14:23:30] [main/DEBUG] (FabricLoader/Mixin) Mixing BlockViewMixin from fabric-block-view-api-v2.mixins.json into net.minecraft.world.BlockView
[14:23:30] [main/DEBUG] (FabricLoader/Mixin) Mixing AttachmentTargetsMixin from fabric-data-attachment-api-v1.mixins.json into net.minecraft.world.World
[14:23:30] [main/DEBUG] (FabricLoader/Mixin) Renaming synthetic method lambda$fabric_readAttachmentsFromNbt$3(Lnet/minecraft/storage/ReadView;Lnet/fabricmc/fabric/api/attachment/v1/AttachmentType;Ljava/lang/Object;)V to md0fa23f$fabric-data-attachment-api-v1$lambda$fabric_readAttachmentsFromNbt$3$0 in fabric-data-attachment-api-v1.mixins.json:AttachmentTargetsMixin from mod fabric-data-attachment-api-v1
[14:23:30] [main/DEBUG] (FabricLoader/Mixin) Renaming synthetic method lambda$onAttachedSet$2(Lnet/fabricmc/fabric/api/attachment/v1/AttachmentType;)Lnet/fabricmc/fabric/api/event/Event; to md0fa23f$fabric-data-attachment-api-v1$lambda$onAttachedSet$2$1 in fabric-data-attachment-api-v1.mixins.json:AttachmentTargetsMixin from mod fabric-data-attachment-api-v1
[14:23:30] [main/DEBUG] (FabricLoader/Mixin) Renaming synthetic method lambda$onAttachedSet$1([Lnet/fabricmc/fabric/api/attachment/v1/AttachmentTarget$OnAttachedSet;)Lnet/fabricmc/fabric/api/attachment/v1/AttachmentTarget$OnAttachedSet; to md0fa23f$fabric-data-attachment-api-v1$lambda$onAttachedSet$1$2 in fabric-data-attachment-api-v1.mixins.json:AttachmentTargetsMixin from mod fabric-data-attachment-api-v1
[14:23:30] [main/DEBUG] (FabricLoader/Mixin) Renaming synthetic method lambda$onAttachedSet$0([Lnet/fabricmc/fabric/api/attachment/v1/AttachmentTarget$OnAttachedSet;Ljava/lang/Object;Ljava/lang/Object;)V to md0fa23f$fabric-data-attachment-api-v1$lambda$onAttachedSet$0$3 in fabric-data-attachment-api-v1.mixins.json:AttachmentTargetsMixin from mod fabric-data-attachment-api-v1
[14:23:30] [main/DEBUG] (FabricLoader/Mixin) Mixing WorldMixin from fabric-data-attachment-api-v1.mixins.json into net.minecraft.world.World
[14:23:30] [main/DEBUG] (FabricLoader/Mixin) Mixing WorldMixin from fabric-lifecycle-events-v1.mixins.json into net.minecraft.world.World
[14:23:30] [main/DEBUG] (FabricLoader/Mixin) Mixing WorldViewMixin from fabric-block-view-api-v2.mixins.json into net.minecraft.world.WorldView
[14:23:30] [main/DEBUG] (FabricLoader/Mixin) Mixing ServerWorldMixin from fabric-data-attachment-api-v1.mixins.json into net.minecraft.server.world.ServerWorld
[14:23:30] [main/DEBUG] (FabricLoader/Mixin) Renaming synthetic method lambda$fabric_syncChange$1(Lnet/fabricmc/fabric/api/attachment/v1/AttachmentType;Lnet/fabricmc/fabric/impl/attachment/sync/s2c/AttachmentSyncPayloadS2C;Lnet/minecraft/server/network/ServerPlayerEntity;)V to md0fa23f$fabric-data-attachment-api-v1$lambda$fabric_syncChange$1$0 in fabric-data-attachment-api-v1.mixins.json:ServerWorldMixin from mod fabric-data-attachment-api-v1
[14:23:30] [main/DEBUG] (FabricLoader/Mixin) Renaming synthetic method lambda$createAttachmentsPersistentState$0(Lnet/minecraft/server/world/ServerWorld;)Lnet/fabricmc/fabric/impl/attachment/AttachmentPersistentState; to md0fa23f$fabric-data-attachment-api-v1$lambda$createAttachmentsPersistentState$0$1 in fabric-data-attachment-api-v1.mixins.json:ServerWorldMixin from mod fabric-data-attachment-api-v1
[14:23:30] [main/DEBUG] (FabricLoader/Mixin) Mixing ServerWorldMixin from fabric-lifecycle-events-v1.mixins.json into net.minecraft.server.world.ServerWorld
[14:23:30] [main/DEBUG] (FabricLoader/Mixin) Mixing ServerWorldMixin from fabric-api-lookup-api-v1.mixins.json into net.minecraft.server.world.ServerWorld
[14:23:30] [main/DEBUG] (FabricLoader/Mixin) Renaming synthetic method lambda$fabric_invalidateCache$5(Ljava/util/Map$Entry;)Z to md0fa23f$fabric-api-lookup-api-v1$lambda$fabric_invalidateCache$5$2 in fabric-api-lookup-api-v1.mixins.json:ServerWorldMixin from mod fabric-api-lookup-api-v1
[14:23:30] [main/DEBUG] (FabricLoader/Mixin) Renaming synthetic method lambda$fabric_invalidateCache$4(Ljava/lang/ref/WeakReference;)Z to md0fa23f$fabric-api-lookup-api-v1$lambda$fabric_invalidateCache$4$3 in fabric-api-lookup-api-v1.mixins.json:ServerWorldMixin from mod fabric-api-lookup-api-v1
[14:23:30] [main/DEBUG] (FabricLoader/Mixin) Renaming synthetic method lambda$fabric_invalidateCache$3(Ljava/lang/ref/WeakReference;)V to md0fa23f$fabric-api-lookup-api-v1$lambda$fabric_invalidateCache$3$4 in fabric-api-lookup-api-v1.mixins.json:ServerWorldMixin from mod fabric-api-lookup-api-v1
[14:23:30] [main/DEBUG] (FabricLoader/Mixin) Renaming synthetic method lambda$fabric_invalidateCache$2(Ljava/lang/ref/WeakReference;)Z to md0fa23f$fabric-api-lookup-api-v1$lambda$fabric_invalidateCache$2$5 in fabric-api-lookup-api-v1.mixins.json:ServerWorldMixin from mod fabric-api-lookup-api-v1
[14:23:30] [main/DEBUG] (FabricLoader/Mixin) Renaming synthetic method lambda$fabric_registerCache$1(Ljava/lang/ref/WeakReference;)Z to md0fa23f$fabric-api-lookup-api-v1$lambda$fabric_registerCache$1$6 in fabric-api-lookup-api-v1.mixins.json:ServerWorldMixin from mod fabric-api-lookup-api-v1
[14:23:30] [main/DEBUG] (FabricLoader/Mixin) Renaming synthetic method lambda$fabric_registerCache$0(Lnet/minecraft/util/math/BlockPos;)Ljava/util/List; to md0fa23f$fabric-api-lookup-api-v1$lambda$fabric_registerCache$0$7 in fabric-api-lookup-api-v1.mixins.json:ServerWorldMixin from mod fabric-api-lookup-api-v1
[14:23:30] [main/DEBUG] (FabricLoader/Mixin) fabric-data-attachment-api-v1.mixins.json:ServerWorldMixin from mod fabric-data-attachment-api-v1->@Inject::createAttachmentsPersistentState(Lorg/spongepowered/asm/mixin/injection/callback/CallbackInfo;)V doesn't use it's CallbackInfo
[14:23:30] [main/DEBUG] (FabricLoader/Mixin) fabric-data-attachment-api-v1.mixins.json:ServerWorldMixin from mod fabric-data-attachment-api-v1->@Inject::createAttachmentsPersistentState(Lorg/spongepowered/asm/mixin/injection/callback/CallbackInfo;)V has 0 override(s) in child classes
[14:23:30] [main/DEBUG] (FabricLoader/Mixin) fabric-data-attachment-api-v1.mixins.json:ServerWorldMixin from mod fabric-data-attachment-api-v1->@Inject::createAttachmentsPersistentState(Lorg/spongepowered/asm/mixin/injection/callback/CallbackInfo;)V won't be passed a CallbackInfo as a result
[14:23:30] [main/DEBUG] (FabricLoader/Mixin) fabric-lifecycle-events-v1.mixins.json:ServerWorldMixin from mod fabric-lifecycle-events-v1->@Inject::startWorldTick(Ljava/util/function/BooleanSupplier;Lorg/spongepowered/asm/mixin/injection/callback/CallbackInfo;)V doesn't use it's CallbackInfo
[14:23:30] [main/DEBUG] (FabricLoader/Mixin) fabric-lifecycle-events-v1.mixins.json:ServerWorldMixin from mod fabric-lifecycle-events-v1->@Inject::startWorldTick(Ljava/util/function/BooleanSupplier;Lorg/spongepowered/asm/mixin/injection/callback/CallbackInfo;)V has 0 override(s) in child classes
[14:23:30] [main/DEBUG] (FabricLoader/Mixin) fabric-lifecycle-events-v1.mixins.json:ServerWorldMixin from mod fabric-lifecycle-events-v1->@Inject::startWorldTick(Ljava/util/function/BooleanSupplier;Lorg/spongepowered/asm/mixin/injection/callback/CallbackInfo;)V won't be passed a CallbackInfo as a result
[14:23:30] [main/DEBUG] (FabricLoader/Mixin) fabric-lifecycle-events-v1.mixins.json:ServerWorldMixin from mod fabric-lifecycle-events-v1->@Inject::endWorldTick(Ljava/util/function/BooleanSupplier;Lorg/spongepowered/asm/mixin/injection/callback/CallbackInfo;)V doesn't use it's CallbackInfo
[14:23:30] [main/DEBUG] (FabricLoader/Mixin) fabric-lifecycle-events-v1.mixins.json:ServerWorldMixin from mod fabric-lifecycle-events-v1->@Inject::endWorldTick(Ljava/util/function/BooleanSupplier;Lorg/spongepowered/asm/mixin/injection/callback/CallbackInfo;)V has 0 override(s) in child classes
[14:23:30] [main/DEBUG] (FabricLoader/Mixin) fabric-lifecycle-events-v1.mixins.json:ServerWorldMixin from mod fabric-lifecycle-events-v1->@Inject::endWorldTick(Ljava/util/function/BooleanSupplier;Lorg/spongepowered/asm/mixin/injection/callback/CallbackInfo;)V won't be passed a CallbackInfo as a result
[14:23:30] [main/DEBUG] (FabricLoader/Mixin) Mixing BlockStateMixin from fabric-block-api-v1.mixins.json into net.minecraft.block.BlockState
[14:23:30] [main/DEBUG] (FabricLoader/Mixin) Mixing AbstractBlockAbstractBlockStateMixin from fabric-content-registries-v0.mixins.json into net.minecraft.block.AbstractBlock$AbstractBlockState
[14:23:30] [main/DEBUG] (FabricLoader/Mixin) Mixing EntityMixin from fabric-entity-events-v1.mixins.json into net.minecraft.entity.Entity
[14:23:30] [main/DEBUG] (FabricLoader/Mixin) Mixing EntityMixin from fabric-particles-v1.mixins.json into net.minecraft.entity.Entity
[14:23:30] [main/DEBUG] (FabricLoader/Mixin) Mixing AttachmentTargetsMixin from fabric-data-attachment-api-v1.mixins.json into net.minecraft.entity.Entity
[14:23:30] [main/DEBUG] (FabricLoader/Mixin) Mixing EntityMixin from fabric-data-attachment-api-v1.mixins.json into net.minecraft.entity.Entity
[14:23:30] [main/DEBUG] (FabricLoader/Mixin) Renaming synthetic method lambda$fabric_syncChange$0(Lnet/fabricmc/fabric/api/attachment/v1/AttachmentSyncPredicate;Lnet/fabricmc/fabric/impl/attachment/sync/s2c/AttachmentSyncPayloadS2C;Lnet/minecraft/server/network/ServerPlayerEntity;)V to md0fa23f$fabric-data-attachment-api-v1$lambda$fabric_syncChange$0$0 in fabric-data-attachment-api-v1.mixins.json:EntityMixin from mod fabric-data-attachment-api-v1
[14:23:30] [main/DEBUG] (FabricLoader/Mixin) fabric-data-attachment-api-v1.mixins.json:EntityMixin from mod fabric-data-attachment-api-v1->@Inject::readEntityAttachments(Lnet/minecraft/storage/ReadView;Lorg/spongepowered/asm/mixin/injection/callback/CallbackInfo;)V doesn't use it's CallbackInfo
[14:23:30] [main/DEBUG] (FabricLoader/Mixin) fabric-data-attachment-api-v1.mixins.json:EntityMixin from mod fabric-data-attachment-api-v1->@Inject::readEntityAttachments(Lnet/minecraft/storage/ReadView;Lorg/spongepowered/asm/mixin/injection/callback/CallbackInfo;)V has 0 override(s) in child classes
[14:23:30] [main/DEBUG] (FabricLoader/Mixin) fabric-data-attachment-api-v1.mixins.json:EntityMixin from mod fabric-data-attachment-api-v1->@Inject::readEntityAttachments(Lnet/minecraft/storage/ReadView;Lorg/spongepowered/asm/mixin/injection/callback/CallbackInfo;)V won't be passed a CallbackInfo as a result
[14:23:30] [main/DEBUG] (FabricLoader/Mixin) fabric-data-attachment-api-v1.mixins.json:EntityMixin from mod fabric-data-attachment-api-v1->@Inject::writeEntityAttachments(Lnet/minecraft/storage/WriteView;Lorg/spongepowered/asm/mixin/injection/callback/CallbackInfo;)V doesn't use it's CallbackInfo
[14:23:30] [main/DEBUG] (FabricLoader/Mixin) fabric-data-attachment-api-v1.mixins.json:EntityMixin from mod fabric-data-attachment-api-v1->@Inject::writeEntityAttachments(Lnet/minecraft/storage/WriteView;Lorg/spongepowered/asm/mixin/injection/callback/CallbackInfo;)V has 0 override(s) in child classes
[14:23:30] [main/DEBUG] (FabricLoader/Mixin) fabric-data-attachment-api-v1.mixins.json:EntityMixin from mod fabric-data-attachment-api-v1->@Inject::writeEntityAttachments(Lnet/minecraft/storage/WriteView;Lorg/spongepowered/asm/mixin/injection/callback/CallbackInfo;)V won't be passed a CallbackInfo as a result
[14:23:30] [main/DEBUG] (FabricLoader/Mixin) Mixing PlayerEntityMixin from fabric-entity-events-v1.mixins.json into net.minecraft.entity.player.PlayerEntity
[14:23:30] [main/DEBUG] (FabricLoader/Mixin) fabric-entity-events-v1.mixins.json:PlayerEntityMixin from mod fabric-entity-events-v1->@Inject::onTrySleep(Lnet/minecraft/util/math/BlockPos;Lorg/spongepowered/asm/mixin/injection/callback/CallbackInfoReturnable;)V does use it's CallbackInfoReturnable
[14:23:30] [main/DEBUG] (FabricLoader/Mixin) fabric-entity-events-v1.mixins.json:PlayerEntityMixin from mod fabric-entity-events-v1->@Inject::onIsSleepingLongEnough(Lorg/spongepowered/asm/mixin/injection/callback/CallbackInfoReturnable;)V does use it's CallbackInfoReturnable
[14:23:30] [main/DEBUG] (FabricLoader/Mixin) Mixing LivingEntityMixin from fabric-entity-events-v1.mixins.json into net.minecraft.entity.LivingEntity
[14:23:30] [main/DEBUG] (FabricLoader/Mixin) Mixing elytra.LivingEntityMixin from fabric-entity-events-v1.mixins.json into net.minecraft.entity.LivingEntity
[14:23:30] [main/DEBUG] (FabricLoader/Mixin) Mixing LivingEntityMixin from fabric-particles-v1.mixins.json into net.minecraft.entity.LivingEntity
[14:23:30] [main/DEBUG] (FabricLoader/Mixin) Mixing LivingEntityMixin from fabric-block-api-v1.mixins.json into net.minecraft.entity.LivingEntity
[14:23:30] [main/DEBUG] (FabricLoader/Mixin) Mixing LivingEntityMixin from fabric-item-api-v1.mixins.json into net.minecraft.entity.LivingEntity
[14:23:30] [main/DEBUG] (FabricLoader/Mixin) Mixing LivingEntityMixin from fabric-lifecycle-events-v1.mixins.json into net.minecraft.entity.LivingEntity
[14:23:30] [main/DEBUG] (FabricLoader/Mixin) fabric-entity-events-v1.mixins.json:LivingEntityMixin from mod fabric-entity-events-v1->@Inject::notifyDeath(Lnet/minecraft/entity/damage/DamageSource;Lorg/spongepowered/asm/mixin/injection/callback/CallbackInfo;)V doesn't use it's CallbackInfo
[14:23:30] [main/DEBUG] (FabricLoader/Mixin) fabric-entity-events-v1.mixins.json:LivingEntityMixin from mod fabric-entity-events-v1->@Inject::notifyDeath(Lnet/minecraft/entity/damage/DamageSource;Lorg/spongepowered/asm/mixin/injection/callback/CallbackInfo;)V has 0 override(s) in child classes
[14:23:30] [main/DEBUG] (FabricLoader/Mixin) fabric-entity-events-v1.mixins.json:LivingEntityMixin from mod fabric-entity-events-v1->@Inject::notifyDeath(Lnet/minecraft/entity/damage/DamageSource;Lorg/spongepowered/asm/mixin/injection/callback/CallbackInfo;)V won't be passed a CallbackInfo as a result
[14:23:30] [main/DEBUG] (FabricLoader/Mixin) fabric-entity-events-v1.mixins.json:LivingEntityMixin from mod fabric-entity-events-v1->@Inject::beforeDamage(Lnet/minecraft/server/world/ServerWorld;Lnet/minecraft/entity/damage/DamageSource;FLorg/spongepowered/asm/mixin/injection/callback/CallbackInfoReturnable;)V does use it's CallbackInfoReturnable
[14:23:30] [main/DEBUG] (FabricLoader/Mixin) fabric-entity-events-v1.mixins.json:LivingEntityMixin from mod fabric-entity-events-v1->@Inject::afterDamage(Lnet/minecraft/server/world/ServerWorld;Lnet/minecraft/entity/damage/DamageSource;FLorg/spongepowered/asm/mixin/injection/callback/CallbackInfoReturnable;)V doesn't use it's CallbackInfoReturnable
[14:23:30] [main/DEBUG] (FabricLoader/Mixin) fabric-entity-events-v1.mixins.json:LivingEntityMixin from mod fabric-entity-events-v1->@Inject::afterDamage(Lnet/minecraft/server/world/ServerWorld;Lnet/minecraft/entity/damage/DamageSource;FLorg/spongepowered/asm/mixin/injection/callback/CallbackInfoReturnable;)V has 0 override(s) in child classes
[14:23:30] [main/DEBUG] (FabricLoader/Mixin) fabric-entity-events-v1.mixins.json:LivingEntityMixin from mod fabric-entity-events-v1->@Inject::afterDamage(Lnet/minecraft/server/world/ServerWorld;Lnet/minecraft/entity/damage/DamageSource;FLorg/spongepowered/asm/mixin/injection/callback/CallbackInfoReturnable;)V won't be passed a CallbackInfoReturnable as a result
[14:23:30] [main/DEBUG] (FabricLoader/Mixin) fabric-entity-events-v1.mixins.json:LivingEntityMixin from mod fabric-entity-events-v1->@Inject::onSleep(Lnet/minecraft/util/math/BlockPos;Lorg/spongepowered/asm/mixin/injection/callback/CallbackInfo;)V doesn't use it's CallbackInfo
[14:23:30] [main/DEBUG] (FabricLoader/Mixin) fabric-entity-events-v1.mixins.json:LivingEntityMixin from mod fabric-entity-events-v1->@Inject::onSleep(Lnet/minecraft/util/math/BlockPos;Lorg/spongepowered/asm/mixin/injection/callback/CallbackInfo;)V has 0 override(s) in child classes
[14:23:30] [main/DEBUG] (FabricLoader/Mixin) fabric-entity-events-v1.mixins.json:LivingEntityMixin from mod fabric-entity-events-v1->@Inject::onSleep(Lnet/minecraft/util/math/BlockPos;Lorg/spongepowered/asm/mixin/injection/callback/CallbackInfo;)V won't be passed a CallbackInfo as a result
[14:23:30] [main/DEBUG] (FabricLoader/Mixin) fabric-entity-events-v1.mixins.json:LivingEntityMixin from mod fabric-entity-events-v1->@Inject::onWakeUp(Lorg/spongepowered/asm/mixin/injection/callback/CallbackInfo;)V doesn't use it's CallbackInfo
[14:23:30] [main/DEBUG] (FabricLoader/Mixin) fabric-entity-events-v1.mixins.json:LivingEntityMixin from mod fabric-entity-events-v1->@Inject::onWakeUp(Lorg/spongepowered/asm/mixin/injection/callback/CallbackInfo;)V has 0 override(s) in child classes
[14:23:30] [main/DEBUG] (FabricLoader/Mixin) fabric-entity-events-v1.mixins.json:LivingEntityMixin from mod fabric-entity-events-v1->@Inject::onWakeUp(Lorg/spongepowered/asm/mixin/injection/callback/CallbackInfo;)V won't be passed a CallbackInfo as a result
[14:23:30] [main/DEBUG] (FabricLoader/Mixin) fabric-entity-events-v1.mixins.json:LivingEntityMixin from mod fabric-entity-events-v1->@Inject::onIsSleepingInBed(Lnet/minecraft/util/math/BlockPos;Lorg/spongepowered/asm/mixin/injection/callback/CallbackInfoReturnable;)V does use it's CallbackInfoReturnable
[14:23:30] [main/DEBUG] (FabricLoader/Mixin) fabric-entity-events-v1.mixins.json:elytra.LivingEntityMixin from mod fabric-entity-events-v1->@Inject::injectElytraTick(Lorg/spongepowered/asm/mixin/injection/callback/CallbackInfo;)V does use it's CallbackInfo
[14:23:30] [main/DEBUG] (FabricLoader/Mixin) fabric-entity-events-v1.mixins.json:elytra.LivingEntityMixin from mod fabric-entity-events-v1->@Inject::injectElytraCheck(Lorg/spongepowered/asm/mixin/injection/callback/CallbackInfoReturnable;)V does use it's CallbackInfoReturnable
[14:23:30] [main/DEBUG] (FabricLoader/Mixin) fabric-block-api-v1.mixins.json:LivingEntityMixin from mod fabric-block-api-v1->@Inject::allowTaggedBlocksForTrapdoorClimbing(Lnet/minecraft/util/math/BlockPos;Lnet/minecraft/block/BlockState;Lorg/spongepowered/asm/mixin/injection/callback/CallbackInfoReturnable;)V does use it's CallbackInfoReturnable
[14:23:30] [main/DEBUG] (FabricLoader/Mixin) fabric-item-api-v1.mixins.json:LivingEntityMixin from mod fabric-item-api-v1->@Inject::onGetPreferredEquipmentSlot(Lnet/minecraft/item/ItemStack;Lorg/spongepowered/asm/mixin/injection/callback/CallbackInfoReturnable;)V does use it's CallbackInfoReturnable
[14:23:30] [main/DEBUG] (FabricLoader/Mixin) fabric-lifecycle-events-v1.mixins.json:LivingEntityMixin from mod fabric-lifecycle-events-v1->@Inject::getEquipmentChanges(Lorg/spongepowered/asm/mixin/injection/callback/CallbackInfoReturnable;)V doesn't use it's CallbackInfoReturnable
[14:23:30] [main/DEBUG] (FabricLoader/Mixin) fabric-lifecycle-events-v1.mixins.json:LivingEntityMixin from mod fabric-lifecycle-events-v1->@Inject::getEquipmentChanges(Lorg/spongepowered/asm/mixin/injection/callback/CallbackInfoReturnable;)V has 0 override(s) in child classes
[14:23:30] [main/DEBUG] (FabricLoader/Mixin) fabric-lifecycle-events-v1.mixins.json:LivingEntityMixin from mod fabric-lifecycle-events-v1->@Inject::getEquipmentChanges(Lorg/spongepowered/asm/mixin/injection/callback/CallbackInfoReturnable;)V won't be passed a CallbackInfoReturnable as a result
[14:23:30] [main/DEBUG] (FabricLoader/Mixin) Mixing IdListMixin from fabric-registry-sync-v0.mixins.json into net.minecraft.util.collection.IdList
[14:23:30] [main/DEBUG] (FabricLoader/Mixin) Renaming synthetic method lambda$fabric_remapIds$0(Lit/unimi/dsi/fastutil/ints/Int2IntMap;Ljava/lang/Object;Ljava/lang/Integer;)Ljava/lang/Integer; to md0fa23f$fabric-registry-sync-v0$lambda$fabric_remapIds$0$0 in fabric-registry-sync-v0.mixins.json:IdListMixin from mod fabric-registry-sync-v0
[14:23:30] [main/DEBUG] (FabricLoader/Mixin) Mixing RegistryByteBufMixin from fabric-networking-api-v1.mixins.json into net.minecraft.network.RegistryByteBuf
[14:23:30] [main/DEBUG] (FabricLoader/Mixin) Mixing BlocksMixin from fabric-registry-sync-v0.mixins.json into net.minecraft.block.Blocks
[14:23:30] [main/DEBUG] (FabricLoader/Mixin) Renaming synthetic method lambda$initShapeCache$0(ILnet/minecraft/util/Identifier;Lnet/minecraft/block/Block;)V to md0fa23f$fabric-registry-sync-v0$lambda$initShapeCache$0$0 in fabric-registry-sync-v0.mixins.json:BlocksMixin from mod fabric-registry-sync-v0
[14:23:30] [main/DEBUG] (FabricLoader/Mixin) fabric-registry-sync-v0.mixins.json:BlocksMixin from mod fabric-registry-sync-v0->@Inject::initShapeCache(Lorg/spongepowered/asm/mixin/injection/callback/CallbackInfo;)V doesn't use it's CallbackInfo
[14:23:30] [main/DEBUG] (FabricLoader/Mixin) Mixing OxidizableMixin from fabric-content-registries-v0.mixins.json into net.minecraft.block.Oxidizable
[14:23:30] [main/DEBUG] (FabricLoader/Mixin) fabric-content-registries-v0.mixins.json:OxidizableMixin from mod fabric-content-registries-v0->@Inject::createOxidationLevelIncreasesMap(Lorg/spongepowered/asm/mixin/injection/callback/CallbackInfoReturnable;)V does use it's CallbackInfoReturnable
[14:23:30] [main/DEBUG] (FabricLoader/Mixin) Mixing EntityTypeMixin from fabric-object-builder-v1.mixins.json into net.minecraft.entity.EntityType
[14:23:30] [main/DEBUG] (FabricLoader/Mixin) fabric-object-builder-v1.mixins.json:EntityTypeMixin from mod fabric-object-builder-api-v1->@Inject::onAlwaysUpdateVelocity(Lorg/spongepowered/asm/mixin/injection/callback/CallbackInfoReturnable;)V does use it's CallbackInfoReturnable
[14:23:30] [main/DEBUG] (FabricLoader/Mixin) fabric-object-builder-v1.mixins.json:EntityTypeMixin from mod fabric-object-builder-api-v1->@Inject::onCanPotentiallyExecuteCommands(Lorg/spongepowered/asm/mixin/injection/callback/CallbackInfoReturnable;)V does use it's CallbackInfoReturnable
[14:23:30] [main/DEBUG] (FabricLoader/Mixin) Mixing FluidMixin from fabric-transfer-api-v1.mixins.json into net.minecraft.fluid.Fluid
[14:23:30] [main/DEBUG] (FabricLoader/Mixin) fabric-transfer-api-v1.mixins.json:FluidMixin from mod fabric-transfer-api-v1->@Inject::hookGetBucketFillSound(Lorg/spongepowered/asm/mixin/injection/callback/CallbackInfoReturnable;)V does use it's CallbackInfoReturnable
[14:23:30] [main/DEBUG] (FabricLoader/Mixin) Mixing ComponentMapBuilderMixin from fabric-item-api-v1.mixins.json into net.minecraft.component.ComponentMap$Builder
[14:23:30] [main/DEBUG] (FabricLoader/Mixin) Mixing AttachmentTargetsMixin from fabric-data-attachment-api-v1.mixins.json into net.minecraft.block.entity.BlockEntity
[14:23:30] [main/DEBUG] (FabricLoader/Mixin) Mixing BlockEntityMixin from fabric-data-attachment-api-v1.mixins.json into net.minecraft.block.entity.BlockEntity
[14:23:30] [main/DEBUG] (FabricLoader/Mixin) Renaming synthetic method lambda$fabric_syncChange$0(Lnet/fabricmc/fabric/api/attachment/v1/AttachmentType;Lnet/fabricmc/fabric/impl/attachment/sync/s2c/AttachmentSyncPayloadS2C;Lnet/minecraft/server/network/ServerPlayerEntity;)V to md0fa23f$fabric-data-attachment-api-v1$lambda$fabric_syncChange$0$0 in fabric-data-attachment-api-v1.mixins.json:BlockEntityMixin from mod fabric-data-attachment-api-v1
[14:23:30] [main/DEBUG] (FabricLoader/Mixin) Mixing BlockEntityMixin from fabric-block-view-api-v2.mixins.json into net.minecraft.block.entity.BlockEntity
[14:23:31] [main/DEBUG] (FabricLoader/Mixin) fabric-data-attachment-api-v1.mixins.json:BlockEntityMixin from mod fabric-data-attachment-api-v1->@Inject::readBlockEntityAttachments(Lnet/minecraft/storage/ReadView;Lorg/spongepowered/asm/mixin/injection/callback/CallbackInfo;)V doesn't use it's CallbackInfo
[14:23:31] [main/DEBUG] (FabricLoader/Mixin) fabric-data-attachment-api-v1.mixins.json:BlockEntityMixin from mod fabric-data-attachment-api-v1->@Inject::readBlockEntityAttachments(Lnet/minecraft/storage/ReadView;Lorg/spongepowered/asm/mixin/injection/callback/CallbackInfo;)V has 0 override(s) in child classes
[14:23:31] [main/DEBUG] (FabricLoader/Mixin) fabric-data-attachment-api-v1.mixins.json:BlockEntityMixin from mod fabric-data-attachment-api-v1->@Inject::readBlockEntityAttachments(Lnet/minecraft/storage/ReadView;Lorg/spongepowered/asm/mixin/injection/callback/CallbackInfo;)V won't be passed a CallbackInfo as a result
[14:23:31] [main/DEBUG] (FabricLoader/Mixin) fabric-data-attachment-api-v1.mixins.json:BlockEntityMixin from mod fabric-data-attachment-api-v1->@Inject::writeBlockEntityAttachments(Lnet/minecraft/storage/WriteView;Lorg/spongepowered/asm/mixin/injection/callback/CallbackInfo;)V doesn't use it's CallbackInfo
[14:23:31] [main/DEBUG] (FabricLoader/Mixin) fabric-data-attachment-api-v1.mixins.json:BlockEntityMixin from mod fabric-data-attachment-api-v1->@Inject::writeBlockEntityAttachments(Lnet/minecraft/storage/WriteView;Lorg/spongepowered/asm/mixin/injection/callback/CallbackInfo;)V has 0 override(s) in child classes
[14:23:31] [main/DEBUG] (FabricLoader/Mixin) fabric-data-attachment-api-v1.mixins.json:BlockEntityMixin from mod fabric-data-attachment-api-v1->@Inject::writeBlockEntityAttachments(Lnet/minecraft/storage/WriteView;Lorg/spongepowered/asm/mixin/injection/callback/CallbackInfo;)V won't be passed a CallbackInfo as a result
[14:23:31] [main/DEBUG] (FabricLoader/Mixin) Mixing BlockStateParticleEffectMixin from fabric-particles-v1.mixins.json into net.minecraft.particle.BlockStateParticleEffect
[14:23:31] [main/DEBUG] (FabricLoader/Mixin) Mixing LockableContainerBlockEntityMixin from fabric-transfer-api-v1.mixins.json into net.minecraft.block.entity.LockableContainerBlockEntity
[14:23:31] [main/DEBUG] (FabricLoader/Mixin) Mixing NamedScreenHandlerFactoryMixin from fabric-screen-handler-api-v1.mixins.json into net.minecraft.screen.NamedScreenHandlerFactory
[14:23:31] [main/DEBUG] (FabricLoader/Mixin) Mixing DetectorRailBlockMixin from fabric-object-builder-v1.mixins.json into net.minecraft.block.DetectorRailBlock
[14:23:31] [main/DEBUG] (FabricLoader/Mixin) Renaming synthetic method lambda$getCustomComparatorOutput$0(Lnet/minecraft/entity/Entity;)Z to md0fa23f$fabric-object-builder-api-v1$lambda$getCustomComparatorOutput$0$0 in fabric-object-builder-v1.mixins.json:DetectorRailBlockMixin from mod fabric-object-builder-api-v1
[14:23:31] [main/DEBUG] (FabricLoader/Mixin) fabric-object-builder-v1.mixins.json:DetectorRailBlockMixin from mod fabric-object-builder-api-v1->@Inject::getCustomComparatorOutput(Lnet/minecraft/block/BlockState;Lnet/minecraft/world/World;Lnet/minecraft/util/math/BlockPos;Lorg/spongepowered/asm/mixin/injection/callback/CallbackInfoReturnable;)V does use it's CallbackInfoReturnable
[14:23:31] [main/DEBUG] (FabricLoader/Mixin) Mixing MobEntityMixin from fabric-entity-events-v1.mixins.json into net.minecraft.entity.mob.MobEntity
[14:23:31] [main/DEBUG] (FabricLoader/Mixin) Mixing ChiseledBookshelfBlockEntityMixin from fabric-transfer-api-v1.mixins.json into net.minecraft.block.entity.ChiseledBookshelfBlockEntity
[14:23:31] [main/DEBUG] (FabricLoader/Mixin) fabric-transfer-api-v1.mixins.json:ChiseledBookshelfBlockEntityMixin from mod fabric-transfer-api-v1->@Inject::setStackBypass(ILnet/minecraft/item/ItemStack;Lorg/spongepowered/asm/mixin/injection/callback/CallbackInfo;)V does use it's CallbackInfo
[14:23:31] [main/DEBUG] (FabricLoader/Mixin) Mixing BlockEntityTypeMixin from fabric-object-builder-v1.mixins.json into net.minecraft.block.entity.BlockEntityType
[14:23:31] [main/DEBUG] (FabricLoader/Mixin) Mixing BlockEntityTypeAccessor from fabric-api-lookup-api-v1.mixins.json into net.minecraft.block.entity.BlockEntityType
[14:23:31] [main/DEBUG] (FabricLoader/Mixin) fabric-object-builder-v1.mixins.json:BlockEntityTypeMixin from mod fabric-object-builder-api-v1->@Inject::mutableBlocks(Lnet/minecraft/block/entity/BlockEntityType$BlockEntityFactory;Ljava/util/Set;Lorg/spongepowered/asm/mixin/injection/callback/CallbackInfo;)V doesn't use it's CallbackInfo
[14:23:31] [main/DEBUG] (FabricLoader/Mixin) fabric-object-builder-v1.mixins.json:BlockEntityTypeMixin from mod fabric-object-builder-api-v1->@Inject::mutableBlocks(Lnet/minecraft/block/entity/BlockEntityType$BlockEntityFactory;Ljava/util/Set;Lorg/spongepowered/asm/mixin/injection/callback/CallbackInfo;)V has 0 override(s) in child classes
[14:23:31] [main/DEBUG] (FabricLoader/Mixin) fabric-object-builder-v1.mixins.json:BlockEntityTypeMixin from mod fabric-object-builder-api-v1->@Inject::mutableBlocks(Lnet/minecraft/block/entity/BlockEntityType$BlockEntityFactory;Ljava/util/Set;Lorg/spongepowered/asm/mixin/injection/callback/CallbackInfo;)V won't be passed a CallbackInfo as a result
[14:23:31] [main/DEBUG] (FabricLoader/Mixin) Mixing AbstractFurnaceBlockEntityMixin from fabric-transfer-api-v1.mixins.json into net.minecraft.block.entity.AbstractFurnaceBlockEntity
[14:23:31] [main/DEBUG] (FabricLoader/Mixin) Mixing AbstractFurnaceBlockEntityMixin from fabric-item-api-v1.mixins.json into net.minecraft.block.entity.AbstractFurnaceBlockEntity
[14:23:31] [main/DEBUG] (FabricLoader/Mixin) fabric-transfer-api-v1.mixins.json:AbstractFurnaceBlockEntityMixin from mod fabric-transfer-api-v1->@Inject::setStackSuppressUpdate(ILnet/minecraft/item/ItemStack;Lorg/spongepowered/asm/mixin/injection/callback/CallbackInfo;)V does use it's CallbackInfo
[14:23:31] [main/DEBUG] (FabricLoader/Mixin) fabric-item-api-v1.mixins.json:AbstractFurnaceBlockEntityMixin from mod fabric-item-api-v1->@Inject::getStackRemainder(Lnet/minecraft/server/world/ServerWorld;Lnet/minecraft/util/math/BlockPos;Lnet/minecraft/block/BlockState;Lnet/minecraft/block/entity/AbstractFurnaceBlockEntity;Lorg/spongepowered/asm/mixin/injection/callback/CallbackInfo;)V doesn't use it's CallbackInfo
[14:23:31] [main/DEBUG] (FabricLoader/Mixin) Mixing JukeboxBlockEntityMixin from fabric-transfer-api-v1.mixins.json into net.minecraft.block.entity.JukeboxBlockEntity
[14:23:31] [main/DEBUG] (FabricLoader/Mixin) fabric-transfer-api-v1.mixins.json:JukeboxBlockEntityMixin from mod fabric-transfer-api-v1->@Inject::setStackBypass(Lnet/minecraft/item/ItemStack;Lorg/spongepowered/asm/mixin/injection/callback/CallbackInfo;)V does use it's CallbackInfo
[14:23:31] [main/DEBUG] (FabricLoader/Mixin) Mixing BrewingStandBlockEntityMixin from fabric-item-api-v1.mixins.json into net.minecraft.block.entity.BrewingStandBlockEntity
[14:23:31] [main/DEBUG] (FabricLoader/Mixin) fabric-item-api-v1.mixins.json:BrewingStandBlockEntityMixin from mod fabric-item-api-v1->@Inject::captureItemStack(Lnet/minecraft/world/World;Lnet/minecraft/util/math/BlockPos;Lnet/minecraft/util/collection/DefaultedList;Lorg/spongepowered/asm/mixin/injection/callback/CallbackInfo;)V doesn't use it's CallbackInfo
[14:23:31] [main/DEBUG] (FabricLoader/Mixin) Mixing ItemStackMixin from fabric-item-api-v1.mixins.json into net.minecraft.item.ItemStack
[14:23:31] [main/DEBUG] (FabricLoader/Mixin) Renaming synthetic method lambda$hookDamage$0(Lorg/apache/commons/lang3/mutable/MutableBoolean;Ljava/util/function/Consumer;)V to md0fa23f$fabric-item-api-v1$lambda$hookDamage$0$0 in fabric-item-api-v1.mixins.json:ItemStackMixin from mod fabric-item-api-v1
[14:23:31] [main/DEBUG] (FabricLoader/Mixin) fabric-item-api-v1.mixins.json:ItemStackMixin from mod fabric-item-api-v1->@Inject::preAttributeModifiers(Lnet/minecraft/item/Item$TooltipContext;Lnet/minecraft/component/type/TooltipDisplayComponent;Lnet/minecraft/entity/player/PlayerEntity;Lnet/minecraft/item/tooltip/TooltipType;Ljava/util/function/Consumer;Lorg/spongepowered/asm/mixin/injection/callback/CallbackInfo;)V doesn't use it's CallbackInfo
[14:23:31] [main/DEBUG] (FabricLoader/Mixin) fabric-item-api-v1.mixins.json:ItemStackMixin from mod fabric-item-api-v1->@Inject::postTooltipsAdvanced(Lnet/minecraft/item/Item$TooltipContext;Lnet/minecraft/component/type/TooltipDisplayComponent;Lnet/minecraft/entity/player/PlayerEntity;Lnet/minecraft/item/tooltip/TooltipType;Ljava/util/function/Consumer;Lorg/spongepowered/asm/mixin/injection/callback/CallbackInfo;)V doesn't use it's CallbackInfo
[14:23:31] [main/DEBUG] (FabricLoader/Mixin) Mixing AnvilScreenHandlerMixin from fabric-item-api-v1.mixins.json into net.minecraft.screen.AnvilScreenHandler
[14:23:31] [main/DEBUG] (FabricLoader/Mixin) Mixing HopperBlockEntityMixin from fabric-transfer-api-v1.mixins.json into net.minecraft.block.entity.HopperBlockEntity
[14:23:31] [main/DEBUG] (FabricLoader/Mixin) Renaming synthetic method lambda$hookExtract$1(Lnet/fabricmc/fabric/api/transfer/v1/item/ItemVariant;)Z to md0fa23f$fabric-transfer-api-v1$lambda$hookExtract$1$0 in fabric-transfer-api-v1.mixins.json:HopperBlockEntityMixin from mod fabric-transfer-api-v1
[14:23:31] [main/DEBUG] (FabricLoader/Mixin) Renaming synthetic method lambda$hookInsert$0(Lnet/fabricmc/fabric/api/transfer/v1/item/ItemVariant;)Z to md0fa23f$fabric-transfer-api-v1$lambda$hookInsert$0$1 in fabric-transfer-api-v1.mixins.json:HopperBlockEntityMixin from mod fabric-transfer-api-v1
[14:23:31] [main/DEBUG] (FabricLoader/Mixin) fabric-transfer-api-v1.mixins.json:HopperBlockEntityMixin from mod fabric-transfer-api-v1->@Inject::hookInsert(Lnet/minecraft/world/World;Lnet/minecraft/util/math/BlockPos;Lnet/minecraft/block/entity/HopperBlockEntity;Lorg/spongepowered/asm/mixin/injection/callback/CallbackInfoReturnable;)V does use it's CallbackInfoReturnable
[14:23:31] [main/DEBUG] (FabricLoader/Mixin) fabric-transfer-api-v1.mixins.json:HopperBlockEntityMixin from mod fabric-transfer-api-v1->@Inject::hookExtract(Lnet/minecraft/world/World;Lnet/minecraft/block/entity/Hopper;Lorg/spongepowered/asm/mixin/injection/callback/CallbackInfoReturnable;)V does use it's CallbackInfoReturnable
[14:23:31] [main/DEBUG] (FabricLoader/Mixin) Mixing DropperBlockMixin from fabric-transfer-api-v1.mixins.json into net.minecraft.block.DropperBlock
[14:23:31] [main/DEBUG] (FabricLoader/Mixin) Renaming synthetic method lambda$hookDispense$0(Lnet/fabricmc/fabric/api/transfer/v1/item/ItemVariant;)Z to md0fa23f$fabric-transfer-api-v1$lambda$hookDispense$0$0 in fabric-transfer-api-v1.mixins.json:DropperBlockMixin from mod fabric-transfer-api-v1
[14:23:31] [main/DEBUG] (FabricLoader/Mixin) fabric-transfer-api-v1.mixins.json:DropperBlockMixin from mod fabric-transfer-api-v1->@Inject::hookDispense(Lnet/minecraft/server/world/ServerWorld;Lnet/minecraft/block/BlockState;Lnet/minecraft/util/math/BlockPos;Lorg/spongepowered/asm/mixin/injection/callback/CallbackInfo;)V does use it's CallbackInfo
[14:23:31] [main/DEBUG] (FabricLoader/Mixin) Mixing BannerBlockEntityMixin from fabric-data-attachment-api-v1.mixins.json into net.minecraft.block.entity.BannerBlockEntity
[14:23:32] [main/DEBUG] (FabricLoader/Mixin) Mixing CrafterBlockMixin from fabric-transfer-api-v1.mixins.json into net.minecraft.block.CrafterBlock
[14:23:32] [main/DEBUG] (FabricLoader/Mixin) fabric-transfer-api-v1.mixins.json:CrafterBlockMixin from mod fabric-transfer-api-v1->@Inject::transferOrSpawnStack(Lnet/minecraft/server/world/ServerWorld;Lnet/minecraft/util/math/BlockPos;Lnet/minecraft/block/entity/CrafterBlockEntity;Lnet/minecraft/item/ItemStack;Lnet/minecraft/block/BlockState;Lnet/minecraft/recipe/RecipeEntry;Lorg/spongepowered/asm/mixin/injection/callback/CallbackInfo;)V doesn't use it's CallbackInfo
[14:23:32] [main/DEBUG] (FabricLoader/Mixin) fabric-transfer-api-v1.mixins.json:CrafterBlockMixin from mod fabric-transfer-api-v1->@Inject::transferOrSpawnStack(Lnet/minecraft/server/world/ServerWorld;Lnet/minecraft/util/math/BlockPos;Lnet/minecraft/block/entity/CrafterBlockEntity;Lnet/minecraft/item/ItemStack;Lnet/minecraft/block/BlockState;Lnet/minecraft/recipe/RecipeEntry;Lorg/spongepowered/asm/mixin/injection/callback/CallbackInfo;)V has 0 override(s) in child classes
[14:23:32] [main/DEBUG] (FabricLoader/Mixin) fabric-transfer-api-v1.mixins.json:CrafterBlockMixin from mod fabric-transfer-api-v1->@Inject::transferOrSpawnStack(Lnet/minecraft/server/world/ServerWorld;Lnet/minecraft/util/math/BlockPos;Lnet/minecraft/block/entity/CrafterBlockEntity;Lnet/minecraft/item/ItemStack;Lnet/minecraft/block/BlockState;Lnet/minecraft/recipe/RecipeEntry;Lorg/spongepowered/asm/mixin/injection/callback/CallbackInfo;)V won't be passed a CallbackInfo as a result
[14:23:32] [main/DEBUG] (FabricLoader/Mixin) fabric-transfer-api-v1.mixins.json:CrafterBlockMixin from mod fabric-transfer-api-v1->@Inject::transferOrSpawnStack(Lnet/minecraft/server/world/ServerWorld;Lnet/minecraft/util/math/BlockPos;Lnet/minecraft/block/entity/CrafterBlockEntity;Lnet/minecraft/item/ItemStack;Lnet/minecraft/block/BlockState;Lnet/minecraft/recipe/RecipeEntry;Lorg/spongepowered/asm/mixin/injection/callback/CallbackInfo;)V doesn't use it's CallbackInfo
[14:23:32] [main/DEBUG] (FabricLoader/Mixin) fabric-transfer-api-v1.mixins.json:CrafterBlockMixin from mod fabric-transfer-api-v1->@Inject::transferOrSpawnStack(Lnet/minecraft/server/world/ServerWorld;Lnet/minecraft/util/math/BlockPos;Lnet/minecraft/block/entity/CrafterBlockEntity;Lnet/minecraft/item/ItemStack;Lnet/minecraft/block/BlockState;Lnet/minecraft/recipe/RecipeEntry;Lorg/spongepowered/asm/mixin/injection/callback/CallbackInfo;)V has 0 override(s) in child classes
[14:23:32] [main/DEBUG] (FabricLoader/Mixin) fabric-transfer-api-v1.mixins.json:CrafterBlockMixin from mod fabric-transfer-api-v1->@Inject::transferOrSpawnStack(Lnet/minecraft/server/world/ServerWorld;Lnet/minecraft/util/math/BlockPos;Lnet/minecraft/block/entity/CrafterBlockEntity;Lnet/minecraft/item/ItemStack;Lnet/minecraft/block/BlockState;Lnet/minecraft/recipe/RecipeEntry;Lorg/spongepowered/asm/mixin/injection/callback/CallbackInfo;)V won't be passed a CallbackInfo as a result
[14:23:32] [main/DEBUG] (FabricLoader/Mixin) fabric-transfer-api-v1.mixins.json:CrafterBlockMixin from mod fabric-transfer-api-v1->@Inject::transferOrSpawnStack(Lnet/minecraft/server/world/ServerWorld;Lnet/minecraft/util/math/BlockPos;Lnet/minecraft/block/entity/CrafterBlockEntity;Lnet/minecraft/item/ItemStack;Lnet/minecraft/block/BlockState;Lnet/minecraft/recipe/RecipeEntry;Lorg/spongepowered/asm/mixin/injection/callback/CallbackInfo;)V doesn't use it's CallbackInfo
[14:23:32] [main/DEBUG] (FabricLoader/Mixin) fabric-transfer-api-v1.mixins.json:CrafterBlockMixin from mod fabric-transfer-api-v1->@Inject::transferOrSpawnStack(Lnet/minecraft/server/world/ServerWorld;Lnet/minecraft/util/math/BlockPos;Lnet/minecraft/block/entity/CrafterBlockEntity;Lnet/minecraft/item/ItemStack;Lnet/minecraft/block/BlockState;Lnet/minecraft/recipe/RecipeEntry;Lorg/spongepowered/asm/mixin/injection/callback/CallbackInfo;)V has 0 override(s) in child classes
[14:23:32] [main/DEBUG] (FabricLoader/Mixin) fabric-transfer-api-v1.mixins.json:CrafterBlockMixin from mod fabric-transfer-api-v1->@Inject::transferOrSpawnStack(Lnet/minecraft/server/world/ServerWorld;Lnet/minecraft/util/math/BlockPos;Lnet/minecraft/block/entity/CrafterBlockEntity;Lnet/minecraft/item/ItemStack;Lnet/minecraft/block/BlockState;Lnet/minecraft/recipe/RecipeEntry;Lorg/spongepowered/asm/mixin/injection/callback/CallbackInfo;)V won't be passed a CallbackInfo as a result
[14:23:32] [main/DEBUG] (FabricLoader/Mixin) fabric-transfer-api-v1.mixins.json:CrafterBlockMixin from mod fabric-transfer-api-v1->@Inject::transferOrSpawnStack(Lnet/minecraft/server/world/ServerWorld;Lnet/minecraft/util/math/BlockPos;Lnet/minecraft/block/entity/CrafterBlockEntity;Lnet/minecraft/item/ItemStack;Lnet/minecraft/block/BlockState;Lnet/minecraft/recipe/RecipeEntry;Lorg/spongepowered/asm/mixin/injection/callback/CallbackInfo;)V doesn't use it's CallbackInfo
[14:23:32] [main/DEBUG] (FabricLoader/Mixin) fabric-transfer-api-v1.mixins.json:CrafterBlockMixin from mod fabric-transfer-api-v1->@Inject::transferOrSpawnStack(Lnet/minecraft/server/world/ServerWorld;Lnet/minecraft/util/math/BlockPos;Lnet/minecraft/block/entity/CrafterBlockEntity;Lnet/minecraft/item/ItemStack;Lnet/minecraft/block/BlockState;Lnet/minecraft/recipe/RecipeEntry;Lorg/spongepowered/asm/mixin/injection/callback/CallbackInfo;)V has 0 override(s) in child classes
[14:23:32] [main/DEBUG] (FabricLoader/Mixin) fabric-transfer-api-v1.mixins.json:CrafterBlockMixin from mod fabric-transfer-api-v1->@Inject::transferOrSpawnStack(Lnet/minecraft/server/world/ServerWorld;Lnet/minecraft/util/math/BlockPos;Lnet/minecraft/block/entity/CrafterBlockEntity;Lnet/minecraft/item/ItemStack;Lnet/minecraft/block/BlockState;Lnet/minecraft/recipe/RecipeEntry;Lorg/spongepowered/asm/mixin/injection/callback/CallbackInfo;)V won't be passed a CallbackInfo as a result
[14:23:32] [main/DEBUG] (FabricLoader/Mixin) Mixing ItemMixin from fabric-transfer-api-v1.mixins.json into net.minecraft.item.Item
[14:23:32] [main/DEBUG] (FabricLoader/Mixin) Mixing ItemAccessor from fabric-item-api-v1.mixins.json into net.minecraft.item.Item
[14:23:32] [main/DEBUG] (FabricLoader/Mixin) Mixing ItemMixin from fabric-item-api-v1.mixins.json into net.minecraft.item.Item
[14:23:32] [main/DEBUG] (FabricLoader/Mixin) fabric-item-api-v1.mixins.json:ItemMixin from mod fabric-item-api-v1->@Inject::onConstruct(Lnet/minecraft/item/Item$Settings;Lorg/spongepowered/asm/mixin/injection/callback/CallbackInfo;)V doesn't use it's CallbackInfo
[14:23:32] [main/DEBUG] (FabricLoader/Mixin) fabric-item-api-v1.mixins.json:ItemMixin from mod fabric-item-api-v1->@Inject::onConstruct(Lnet/minecraft/item/Item$Settings;Lorg/spongepowered/asm/mixin/injection/callback/CallbackInfo;)V has 0 override(s) in child classes
[14:23:32] [main/DEBUG] (FabricLoader/Mixin) fabric-item-api-v1.mixins.json:ItemMixin from mod fabric-item-api-v1->@Inject::onConstruct(Lnet/minecraft/item/Item$Settings;Lorg/spongepowered/asm/mixin/injection/callback/CallbackInfo;)V won't be passed a CallbackInfo as a result
[14:23:32] [main/DEBUG] (FabricLoader/Mixin) Mixing BucketItemAccessor from fabric-transfer-api-v1.mixins.json into net.minecraft.item.BucketItem
[14:23:32] [main/DEBUG] (FabricLoader/Mixin) Mixing BucketItemMixin from fabric-transfer-api-v1.mixins.json into net.minecraft.item.BucketItem
[14:23:32] [main/DEBUG] (FabricLoader/Mixin) Mixing AxeItemAccessor from fabric-content-registries-v0.mixins.json into net.minecraft.item.AxeItem
[14:23:32] [main/DEBUG] (FabricLoader/Mixin) Renaming @Accessor method getStrippedBlocks()Ljava/util/Map; to getStrippedBlocks$fabric-content-registries-v0_$md$0fa23f$0 in fabric-content-registries-v0.mixins.json:AxeItemAccessor from mod fabric-content-registries-v0
[14:23:32] [main/DEBUG] (FabricLoader/Mixin) Renaming @Accessor method setStrippedBlocks(Ljava/util/Map;)V to setStrippedBlocks$fabric-content-registries-v0_$md$0fa23f$1 in fabric-content-registries-v0.mixins.json:AxeItemAccessor from mod fabric-content-registries-v0
[14:23:32] [main/DEBUG] (FabricLoader/Mixin) Mixing HoeItemAccessor from fabric-content-registries-v0.mixins.json into net.minecraft.item.HoeItem
[14:23:32] [main/DEBUG] (FabricLoader/Mixin) Renaming @Accessor method getTillingActions()Ljava/util/Map; to getTillingActions$fabric-content-registries-v0_$md$0fa23f$0 in fabric-content-registries-v0.mixins.json:HoeItemAccessor from mod fabric-content-registries-v0
[14:23:32] [main/DEBUG] (FabricLoader/Mixin) Mixing ShovelItemAccessor from fabric-content-registries-v0.mixins.json into net.minecraft.item.ShovelItem
[14:23:32] [main/DEBUG] (FabricLoader/Mixin) Renaming @Accessor method getPathStates()Ljava/util/Map; to getPathStates$fabric-content-registries-v0_$md$0fa23f$0 in fabric-content-registries-v0.mixins.json:ShovelItemAccessor from mod fabric-content-registries-v0
[14:23:32] [main/DEBUG] (FabricLoader/Mixin) Mixing ItemSettingsMixin from fabric-item-api-v1.mixins.json into net.minecraft.item.Item$Settings
[14:23:32] [main/DEBUG] (FabricLoader/Mixin) Mixing TagKeyMixin from fabric-convention-tags-api-v2.mixins.json into net.minecraft.registry.tag.TagKey
[14:23:33] [main/DEBUG] (FabricLoader/Mixin) Mixing BundleContentsComponentAccessor from fabric-transfer-api-v1.mixins.json into net.minecraft.component.type.BundleContentsComponent
[14:23:33] [main/DEBUG] (FabricLoader/Mixin) Renaming @Invoker method getOccupancy(Lnet/minecraft/item/ItemStack;)Lorg/apache/commons/lang3/math/Fraction; to getOccupancy$fabric-transfer-api-v1_$md$0fa23f$0 in fabric-transfer-api-v1.mixins.json:BundleContentsComponentAccessor from mod fabric-transfer-api-v1
[14:23:33] [main/DEBUG] (FabricLoader/Mixin) Mixing AttachmentTargetsMixin from fabric-data-attachment-api-v1.mixins.json into net.minecraft.world.chunk.Chunk
[14:23:33] [main/DEBUG] (FabricLoader/Mixin) Mixing ChunkMixin from fabric-data-attachment-api-v1.mixins.json into net.minecraft.world.chunk.Chunk
[14:23:33] [main/DEBUG] (FabricLoader/Mixin) Mixing WorldChunkMixin from fabric-data-attachment-api-v1.mixins.json into net.minecraft.world.chunk.WorldChunk
[14:23:33] [main/DEBUG] (FabricLoader/Mixin) Renaming synthetic method lambda$fabric_syncChange$0(Lnet/fabricmc/fabric/api/attachment/v1/AttachmentType;Lnet/fabricmc/fabric/impl/attachment/sync/s2c/AttachmentSyncPayloadS2C;Lnet/minecraft/server/network/ServerPlayerEntity;)V to md0fa23f$fabric-data-attachment-api-v1$lambda$fabric_syncChange$0$0 in fabric-data-attachment-api-v1.mixins.json:WorldChunkMixin from mod fabric-data-attachment-api-v1
[14:23:33] [main/DEBUG] (FabricLoader/Mixin) Mixing server.WorldChunkMixin from fabric-lifecycle-events-v1.mixins.json into net.minecraft.world.chunk.WorldChunk
[14:23:33] [main/DEBUG] (FabricLoader/Mixin) fabric-data-attachment-api-v1.mixins.json:WorldChunkMixin from mod fabric-data-attachment-api-v1->@Inject::transferProtoChunkAttachment(Lnet/minecraft/server/world/ServerWorld;Lnet/minecraft/world/chunk/ProtoChunk;Lnet/minecraft/world/chunk/WorldChunk$EntityLoader;Lorg/spongepowered/asm/mixin/injection/callback/CallbackInfo;)V doesn't use it's CallbackInfo
[14:23:33] [main/DEBUG] (FabricLoader/Mixin) fabric-data-attachment-api-v1.mixins.json:WorldChunkMixin from mod fabric-data-attachment-api-v1->@Inject::transferProtoChunkAttachment(Lnet/minecraft/server/world/ServerWorld;Lnet/minecraft/world/chunk/ProtoChunk;Lnet/minecraft/world/chunk/WorldChunk$EntityLoader;Lorg/spongepowered/asm/mixin/injection/callback/CallbackInfo;)V has 0 override(s) in child classes
[14:23:33] [main/DEBUG] (FabricLoader/Mixin) fabric-data-attachment-api-v1.mixins.json:WorldChunkMixin from mod fabric-data-attachment-api-v1->@Inject::transferProtoChunkAttachment(Lnet/minecraft/server/world/ServerWorld;Lnet/minecraft/world/chunk/ProtoChunk;Lnet/minecraft/world/chunk/WorldChunk$EntityLoader;Lorg/spongepowered/asm/mixin/injection/callback/CallbackInfo;)V won't be passed a CallbackInfo as a result
[14:23:33] [main/DEBUG] (FabricLoader/Mixin) fabric-lifecycle-events-v1.mixins.json:server.WorldChunkMixin from mod fabric-lifecycle-events-v1->@Inject::onRemoveBlockEntity(Lnet/minecraft/block/entity/BlockEntity;Lorg/spongepowered/asm/mixin/injection/callback/CallbackInfo;)V doesn't use it's CallbackInfo
[14:23:33] [main/DEBUG] (FabricLoader/Mixin) fabric-lifecycle-events-v1.mixins.json:server.WorldChunkMixin from mod fabric-lifecycle-events-v1->@Inject::onRemoveBlockEntity(Lnet/minecraft/block/entity/BlockEntity;Lorg/spongepowered/asm/mixin/injection/callback/CallbackInfo;)V has 0 override(s) in child classes
[14:23:33] [main/DEBUG] (FabricLoader/Mixin) fabric-lifecycle-events-v1.mixins.json:server.WorldChunkMixin from mod fabric-lifecycle-events-v1->@Inject::onRemoveBlockEntity(Lnet/minecraft/block/entity/BlockEntity;Lorg/spongepowered/asm/mixin/injection/callback/CallbackInfo;)V won't be passed a CallbackInfo as a result
[14:23:33] [main/DEBUG] (FabricLoader/Mixin) fabric-lifecycle-events-v1.mixins.json:server.WorldChunkMixin from mod fabric-lifecycle-events-v1->@Inject::onRemoveBlockEntity(Lnet/minecraft/util/math/BlockPos;Lorg/spongepowered/asm/mixin/injection/callback/CallbackInfo;)V doesn't use it's CallbackInfo
[14:23:33] [main/DEBUG] (FabricLoader/Mixin) fabric-lifecycle-events-v1.mixins.json:server.WorldChunkMixin from mod fabric-lifecycle-events-v1->@Inject::onRemoveBlockEntity(Lnet/minecraft/util/math/BlockPos;Lorg/spongepowered/asm/mixin/injection/callback/CallbackInfo;)V has 0 override(s) in child classes
[14:23:33] [main/DEBUG] (FabricLoader/Mixin) fabric-lifecycle-events-v1.mixins.json:server.WorldChunkMixin from mod fabric-lifecycle-events-v1->@Inject::onRemoveBlockEntity(Lnet/minecraft/util/math/BlockPos;Lorg/spongepowered/asm/mixin/injection/callback/CallbackInfo;)V won't be passed a CallbackInfo as a result
[14:23:33] [main/DEBUG] (FabricLoader/Mixin) Mixing ContainerComponentAccessor from fabric-transfer-api-v1.mixins.json into net.minecraft.component.type.ContainerComponent
[14:23:33] [main/DEBUG] (FabricLoader/Mixin) Mixing LootTableAccessor from fabric-loot-api-v3.mixins.json into net.minecraft.loot.LootTable
[14:23:33] [main/DEBUG] (FabricLoader/Mixin) Mixing LootTableMixin from fabric-loot-api-v3.mixins.json into net.minecraft.loot.LootTable
[14:23:33] [main/DEBUG] (FabricLoader/Mixin) Mixing EnchantRandomlyLootFunctionMixin from fabric-item-api-v1.mixins.json into net.minecraft.loot.function.EnchantRandomlyLootFunction
[14:23:33] [main/DEBUG] (FabricLoader/Mixin) Mixing EntityTypeBuilderMixin from fabric-object-builder-v1.mixins.json into net.minecraft.entity.EntityType$Builder
[14:23:33] [main/DEBUG] (FabricLoader/Mixin) fabric-object-builder-v1.mixins.json:EntityTypeBuilderMixin from mod fabric-object-builder-api-v1->@Inject::applyChildBuilders(Lnet/minecraft/registry/RegistryKey;Lorg/spongepowered/asm/mixin/injection/callback/CallbackInfoReturnable;)V does use it's CallbackInfoReturnable
[14:23:33] [main/DEBUG] (FabricLoader/Mixin) Mixing TaggedChoiceMixin from fabric-dimensions-v1.mixins.json into com.mojang.datafixers.types.templates.TaggedChoice
[14:23:33] [main/DEBUG] (FabricLoader/Mixin) fabric-dimensions-v1.mixins.json:TaggedChoiceMixin from mod fabric-dimensions-v1->@Inject::onApply(Lcom/mojang/datafixers/util/Pair;Lorg/spongepowered/asm/mixin/injection/callback/CallbackInfoReturnable;)V does use it's CallbackInfoReturnable
[14:23:33] [main/DEBUG] (FabricLoader/Mixin) Mixing TaggedChoiceTaggedChoiceTypeMixin from fabric-dimensions-v1.mixins.json into com.mojang.datafixers.types.templates.TaggedChoice$TaggedChoiceType
[14:23:33] [main/DEBUG] (FabricLoader/Mixin) fabric-dimensions-v1.mixins.json:TaggedChoiceTaggedChoiceTypeMixin from mod fabric-dimensions-v1->@Inject::onGetCodec(Ljava/lang/Object;Lorg/spongepowered/asm/mixin/injection/callback/CallbackInfoReturnable;)V does use it's CallbackInfoReturnable
[14:23:33] [main/DEBUG] (FabricLoader/Mixin) Mixing Schema2832Mixin from fabric-dimensions-v1.mixins.json into net.minecraft.datafixer.schema.Schema2832
[14:23:33] [main/DEBUG] (FabricLoader/Mixin) Mixing ServerPlayerEntityMixin from fabric-entity-events-v1.mixins.json into net.minecraft.server.network.ServerPlayerEntity
[14:23:33] [main/DEBUG] (FabricLoader/Mixin) Mixing ServerPlayerEntityMixin from fabric-particles-v1.mixins.json into net.minecraft.server.network.ServerPlayerEntity
[14:23:33] [main/DEBUG] (FabricLoader/Mixin) Mixing ServerPlayerEntityMixin from fabric-screen-handler-api-v1.mixins.json into net.minecraft.server.network.ServerPlayerEntity
[14:23:33] [main/DEBUG] (FabricLoader/Mixin) Mixing ServerPlayerEntityMixin from fabric-events-interaction-v0.mixins.json into net.minecraft.server.network.ServerPlayerEntity
[14:23:33] [main/DEBUG] (FabricLoader/Mixin) fabric-entity-events-v1.mixins.json:ServerPlayerEntityMixin from mod fabric-entity-events-v1->@Inject::callOnKillForPlayer(Lnet/minecraft/entity/damage/DamageSource;Lorg/spongepowered/asm/mixin/injection/callback/CallbackInfo;)V doesn't use it's CallbackInfo
[14:23:33] [main/DEBUG] (FabricLoader/Mixin) fabric-entity-events-v1.mixins.json:ServerPlayerEntityMixin from mod fabric-entity-events-v1->@Inject::callOnKillForPlayer(Lnet/minecraft/entity/damage/DamageSource;Lorg/spongepowered/asm/mixin/injection/callback/CallbackInfo;)V has 0 override(s) in child classes
[14:23:33] [main/DEBUG] (FabricLoader/Mixin) fabric-entity-events-v1.mixins.json:ServerPlayerEntityMixin from mod fabric-entity-events-v1->@Inject::callOnKillForPlayer(Lnet/minecraft/entity/damage/DamageSource;Lorg/spongepowered/asm/mixin/injection/callback/CallbackInfo;)V won't be passed a CallbackInfo as a result
[14:23:33] [main/DEBUG] (FabricLoader/Mixin) fabric-entity-events-v1.mixins.json:ServerPlayerEntityMixin from mod fabric-entity-events-v1->@Inject::notifyDeath(Lnet/minecraft/entity/damage/DamageSource;Lorg/spongepowered/asm/mixin/injection/callback/CallbackInfo;)V doesn't use it's CallbackInfo
[14:23:33] [main/DEBUG] (FabricLoader/Mixin) fabric-entity-events-v1.mixins.json:ServerPlayerEntityMixin from mod fabric-entity-events-v1->@Inject::notifyDeath(Lnet/minecraft/entity/damage/DamageSource;Lorg/spongepowered/asm/mixin/injection/callback/CallbackInfo;)V has 0 override(s) in child classes
[14:23:33] [main/DEBUG] (FabricLoader/Mixin) fabric-entity-events-v1.mixins.json:ServerPlayerEntityMixin from mod fabric-entity-events-v1->@Inject::notifyDeath(Lnet/minecraft/entity/damage/DamageSource;Lorg/spongepowered/asm/mixin/injection/callback/CallbackInfo;)V won't be passed a CallbackInfo as a result
[14:23:33] [main/DEBUG] (FabricLoader/Mixin) fabric-entity-events-v1.mixins.json:ServerPlayerEntityMixin from mod fabric-entity-events-v1->@Inject::afterWorldChanged(Lnet/minecraft/server/world/ServerWorld;Lorg/spongepowered/asm/mixin/injection/callback/CallbackInfo;)V doesn't use it's CallbackInfo
[14:23:33] [main/DEBUG] (FabricLoader/Mixin) fabric-entity-events-v1.mixins.json:ServerPlayerEntityMixin from mod fabric-entity-events-v1->@Inject::afterWorldChanged(Lnet/minecraft/server/world/ServerWorld;Lorg/spongepowered/asm/mixin/injection/callback/CallbackInfo;)V has 0 override(s) in child classes
[14:23:33] [main/DEBUG] (FabricLoader/Mixin) fabric-entity-events-v1.mixins.json:ServerPlayerEntityMixin from mod fabric-entity-events-v1->@Inject::afterWorldChanged(Lnet/minecraft/server/world/ServerWorld;Lorg/spongepowered/asm/mixin/injection/callback/CallbackInfo;)V won't be passed a CallbackInfo as a result
[14:23:33] [main/DEBUG] (FabricLoader/Mixin) fabric-entity-events-v1.mixins.json:ServerPlayerEntityMixin from mod fabric-entity-events-v1->@Inject::onCopyFrom(Lnet/minecraft/server/network/ServerPlayerEntity;ZLorg/spongepowered/asm/mixin/injection/callback/CallbackInfo;)V doesn't use it's CallbackInfo
[14:23:33] [main/DEBUG] (FabricLoader/Mixin) fabric-entity-events-v1.mixins.json:ServerPlayerEntityMixin from mod fabric-entity-events-v1->@Inject::onCopyFrom(Lnet/minecraft/server/network/ServerPlayerEntity;ZLorg/spongepowered/asm/mixin/injection/callback/CallbackInfo;)V has 0 override(s) in child classes
[14:23:33] [main/DEBUG] (FabricLoader/Mixin) fabric-entity-events-v1.mixins.json:ServerPlayerEntityMixin from mod fabric-entity-events-v1->@Inject::onCopyFrom(Lnet/minecraft/server/network/ServerPlayerEntity;ZLorg/spongepowered/asm/mixin/injection/callback/CallbackInfo;)V won't be passed a CallbackInfo as a result
[14:23:33] [main/DEBUG] (FabricLoader/Mixin) fabric-screen-handler-api-v1.mixins.json:ServerPlayerEntityMixin from mod fabric-screen-handler-api-v1->@Inject::fabric_storeOpenedScreenHandler(Lnet/minecraft/screen/NamedScreenHandlerFactory;Lorg/spongepowered/asm/mixin/injection/callback/CallbackInfoReturnable;)V doesn't use it's CallbackInfoReturnable
[14:23:33] [main/DEBUG] (FabricLoader/Mixin) fabric-screen-handler-api-v1.mixins.json:ServerPlayerEntityMixin from mod fabric-screen-handler-api-v1->@Inject::fabric_storeOpenedScreenHandler(Lnet/minecraft/screen/NamedScreenHandlerFactory;Lorg/spongepowered/asm/mixin/injection/callback/CallbackInfoReturnable;)V has 0 override(s) in child classes
[14:23:33] [main/DEBUG] (FabricLoader/Mixin) fabric-screen-handler-api-v1.mixins.json:ServerPlayerEntityMixin from mod fabric-screen-handler-api-v1->@Inject::fabric_storeOpenedScreenHandler(Lnet/minecraft/screen/NamedScreenHandlerFactory;Lorg/spongepowered/asm/mixin/injection/callback/CallbackInfoReturnable;)V won't be passed a CallbackInfoReturnable as a result
[14:23:33] [main/DEBUG] (FabricLoader/Mixin) fabric-events-interaction-v0.mixins.json:ServerPlayerEntityMixin from mod fabric-events-interaction-v0->@Inject::onPlayerInteractEntity(Lnet/minecraft/entity/Entity;Lorg/spongepowered/asm/mixin/injection/callback/CallbackInfo;)V does use it's CallbackInfo
[14:23:33] [main/DEBUG] (FabricLoader/Mixin) Mixing BreezeEntityMixin from fabric-particles-v1.mixins.json into net.minecraft.entity.mob.BreezeEntity
[14:23:34] [main/DEBUG] (FabricLoader/Mixin) Mixing VillagerEntityAccessor from fabric-content-registries-v0.mixins.json into net.minecraft.entity.passive.VillagerEntity
[14:23:34] [main/DEBUG] (FabricLoader/Mixin) Renaming @Accessor method fabric_setItemFoodValues(Ljava/util/Map;)V to fabric_setItemFoodValues$fabric-content-registries-v0_$md$0fa23f$0 in fabric-content-registries-v0.mixins.json:VillagerEntityAccessor from mod fabric-content-registries-v0
[14:23:34] [main/DEBUG] (FabricLoader/Mixin) Mixing VillagerEntityMixin from fabric-content-registries-v0.mixins.json into net.minecraft.entity.passive.VillagerEntity
[14:23:34] [main/DEBUG] (FabricLoader/Mixin) Mixing WardenEntityMixin from fabric-particles-v1.mixins.json into net.minecraft.entity.mob.WardenEntity
[14:23:34] [main/DEBUG] (FabricLoader/Mixin) Mixing TrackedDataHandlerRegistryAccessor from fabric-object-builder-v1.mixins.json into net.minecraft.entity.data.TrackedDataHandlerRegistry
[14:23:34] [main/DEBUG] (FabricLoader/Mixin) Renaming @Accessor method fabric_getDataHandlers()Lnet/minecraft/util/collection/Int2ObjectBiMap; to fabric_getDataHandlers$fabric-object-builder-api-v1_$md$0fa23f$0 in fabric-object-builder-v1.mixins.json:TrackedDataHandlerRegistryAccessor from mod fabric-object-builder-api-v1
[14:23:34] [main/DEBUG] (FabricLoader/Mixin) Mixing TrackedDataHandlerRegistryMixin from fabric-object-builder-v1.mixins.json into net.minecraft.entity.data.TrackedDataHandlerRegistry
[14:23:34] [main/DEBUG] (FabricLoader/Mixin) fabric-object-builder-v1.mixins.json:TrackedDataHandlerRegistryMixin from mod fabric-object-builder-api-v1->@Inject::storeVanillaHandlers(Lorg/spongepowered/asm/mixin/injection/callback/CallbackInfo;)V doesn't use it's CallbackInfo
[14:23:34] [main/DEBUG] (FabricLoader/Mixin) fabric-object-builder-v1.mixins.json:TrackedDataHandlerRegistryMixin from mod fabric-object-builder-api-v1->@Inject::onHeadRegister(Lnet/minecraft/entity/data/TrackedDataHandler;Lorg/spongepowered/asm/mixin/injection/callback/CallbackInfo;)V doesn't use it's CallbackInfo
[14:23:34] [main/DEBUG] (net.fabricmc.fabric.impl.object.builder.FabricTrackedDataRegistryImpl) Stored 35 vanilla handlers
[14:23:34] [main/DEBUG] (FabricLoader/Mixin) Mixing HoneycombItemMixin from fabric-content-registries-v0.mixins.json into net.minecraft.item.HoneycombItem
[14:23:34] [main/DEBUG] (FabricLoader/Mixin) fabric-content-registries-v0.mixins.json:HoneycombItemMixin from mod fabric-content-registries-v0->@Inject::createUnwaxedToWaxedMap(Lorg/spongepowered/asm/mixin/injection/callback/CallbackInfoReturnable;)V does use it's CallbackInfoReturnable
[14:23:34] [main/DEBUG] (FabricLoader/Mixin) Mixing BrushItemMixin from fabric-particles-v1.mixins.json into net.minecraft.item.BrushItem
[14:23:34] [main/DEBUG] (FabricLoader/Mixin) Mixing EntitySelectorOptionsAccessor from fabric-command-api-v2.mixins.json into net.minecraft.command.EntitySelectorOptions
[14:23:34] [main/DEBUG] (FabricLoader/Mixin) Renaming @Invoker method callPutOption(Ljava/lang/String;Lnet/minecraft/command/EntitySelectorOptions$SelectorHandler;Ljava/util/function/Predicate;Lnet/minecraft/text/Text;)V to callPutOption$fabric-command-api-v2_$md$0fa23f$0 in fabric-command-api-v2.mixins.json:EntitySelectorOptionsAccessor from mod fabric-command-api-v2
[14:23:34] [main/DEBUG] (FabricLoader/Mixin) Mixing EntitySelectorReaderMixin from fabric-command-api-v2.mixins.json into net.minecraft.command.EntitySelectorReader
[14:23:34] [main/DEBUG] (FabricLoader/Mixin) Generating mapped inner class net/minecraft/block/entity/ChiseledBookshelfBlockEntity$Anonymous$69229d8c7ec44cf4b95c3d0ad2b17403 (originally net/fabricmc/fabric/mixin/transfer/ChiseledBookshelfBlockEntityMixin$1)
[14:23:34] [main/DEBUG] (FabricLoader/Mixin) Mixing SimpleInventoryMixin from fabric-transfer-api-v1.mixins.json into net.minecraft.inventory.SimpleInventory
[14:23:34] [main/DEBUG] (FabricLoader/Mixin) Mixing CraftingRecipeMixin from fabric-item-api-v1.mixins.json into net.minecraft.recipe.CraftingRecipe
[14:23:34] [main/DEBUG] (FabricLoader/Mixin) Mixing ingredient.IngredientMixin from fabric-recipe-api-v1.mixins.json into net.minecraft.recipe.Ingredient
[14:23:34] [main/DEBUG] (FabricLoader/Mixin) Renaming synthetic method lambda$injectCodec$2(Lnet/minecraft/recipe/Ingredient;)Lcom/mojang/datafixers/util/Either; to md0fa23f$fabric-recipe-api-v1$lambda$injectCodec$2$0 in fabric-recipe-api-v1.mixins.json:ingredient.IngredientMixin from mod fabric-recipe-api-v1
[14:23:34] [main/DEBUG] (FabricLoader/Mixin) Renaming synthetic method lambda$injectCodec$1(Lcom/mojang/datafixers/util/Either;)Lnet/minecraft/recipe/Ingredient; to md0fa23f$fabric-recipe-api-v1$lambda$injectCodec$1$1 in fabric-recipe-api-v1.mixins.json:ingredient.IngredientMixin from mod fabric-recipe-api-v1
[14:23:34] [main/DEBUG] (FabricLoader/Mixin) Renaming synthetic method lambda$injectCodec$0(Lnet/minecraft/recipe/Ingredient;)Lnet/minecraft/recipe/Ingredient; to md0fa23f$fabric-recipe-api-v1$lambda$injectCodec$0$2 in fabric-recipe-api-v1.mixins.json:ingredient.IngredientMixin from mod fabric-recipe-api-v1
[14:23:34] [main/DEBUG] (FabricLoader/Mixin) fabric-recipe-api-v1.mixins.json:ingredient.IngredientMixin from mod fabric-recipe-api-v1->@Inject::injectCodec(Lorg/spongepowered/asm/mixin/injection/callback/CallbackInfo;)V doesn't use it's CallbackInfo
[14:23:34] [main/DEBUG] (FabricLoader/Mixin) fabric-recipe-api-v1.mixins.json:ingredient.IngredientMixin from mod fabric-recipe-api-v1->@Inject::onGetEntries(Lnet/minecraft/recipe/Ingredient;Lorg/spongepowered/asm/mixin/injection/callback/CallbackInfoReturnable;)V does use it's CallbackInfoReturnable
[14:23:34] [main/DEBUG] (FabricLoader/Mixin) fabric-recipe-api-v1.mixins.json:ingredient.IngredientMixin from mod fabric-recipe-api-v1->@Inject::onGetEntries(Lnet/minecraft/recipe/Ingredient;Lorg/spongepowered/asm/mixin/injection/callback/CallbackInfoReturnable;)V does use it's CallbackInfoReturnable
[14:23:34] [main/DEBUG] (FabricLoader/Mixin) fabric-recipe-api-v1.mixins.json:ingredient.IngredientMixin from mod fabric-recipe-api-v1->@Inject::onGetEntries(Lnet/minecraft/recipe/Ingredient;Lorg/spongepowered/asm/mixin/injection/callback/CallbackInfoReturnable;)V does use it's CallbackInfoReturnable
[14:23:34] [main/DEBUG] (FabricLoader/Mixin) fabric-recipe-api-v1.mixins.json:ingredient.IngredientMixin from mod fabric-recipe-api-v1->@Inject::onHeadEquals(Ljava/lang/Object;Lorg/spongepowered/asm/mixin/injection/callback/CallbackInfoReturnable;)V does use it's CallbackInfoReturnable
[14:23:34] [main/DEBUG] (FabricLoader/Mixin) Mixing ingredient.ShapelessRecipeMixin from fabric-recipe-api-v1.mixins.json into net.minecraft.recipe.ShapelessRecipe
[14:23:34] [main/DEBUG] (FabricLoader/Mixin) fabric-recipe-api-v1.mixins.json:ingredient.ShapelessRecipeMixin from mod fabric-recipe-api-v1->@Inject::cacheRequiresTesting(Ljava/lang/String;Lnet/minecraft/recipe/book/CraftingRecipeCategory;Lnet/minecraft/item/ItemStack;Ljava/util/List;Lorg/spongepowered/asm/mixin/injection/callback/CallbackInfo;)V doesn't use it's CallbackInfo
[14:23:34] [main/DEBUG] (FabricLoader/Mixin) fabric-recipe-api-v1.mixins.json:ingredient.ShapelessRecipeMixin from mod fabric-recipe-api-v1->@Inject::cacheRequiresTesting(Ljava/lang/String;Lnet/minecraft/recipe/book/CraftingRecipeCategory;Lnet/minecraft/item/ItemStack;Ljava/util/List;Lorg/spongepowered/asm/mixin/injection/callback/CallbackInfo;)V has 0 override(s) in child classes
[14:23:34] [main/DEBUG] (FabricLoader/Mixin) fabric-recipe-api-v1.mixins.json:ingredient.ShapelessRecipeMixin from mod fabric-recipe-api-v1->@Inject::cacheRequiresTesting(Ljava/lang/String;Lnet/minecraft/recipe/book/CraftingRecipeCategory;Lnet/minecraft/item/ItemStack;Ljava/util/List;Lorg/spongepowered/asm/mixin/injection/callback/CallbackInfo;)V won't be passed a CallbackInfo as a result
[14:23:34] [main/DEBUG] (FabricLoader/Mixin) fabric-recipe-api-v1.mixins.json:ingredient.ShapelessRecipeMixin from mod fabric-recipe-api-v1->@Inject::customIngredientMatch(Lnet/minecraft/recipe/input/CraftingRecipeInput;Lnet/minecraft/world/World;Lorg/spongepowered/asm/mixin/injection/callback/CallbackInfoReturnable;)V does use it's CallbackInfoReturnable
[14:23:35] [main/DEBUG] (FabricLoader/Mixin) Mixing ChunkGeneratingMixin from fabric-lifecycle-events-v1.mixins.json into net.minecraft.world.chunk.ChunkGenerating
[14:23:35] [main/DEBUG] (FabricLoader/Mixin) fabric-lifecycle-events-v1.mixins.json:ChunkGeneratingMixin from mod fabric-lifecycle-events-v1->@Inject::onChunkLoad(Lnet/minecraft/world/chunk/Chunk;Lnet/minecraft/world/chunk/ChunkGenerationContext;Lnet/minecraft/world/chunk/AbstractChunkHolder;Lorg/spongepowered/asm/mixin/injection/callback/CallbackInfoReturnable;)V does use it's CallbackInfoReturnable
[14:23:35] [main/DEBUG] (FabricLoader/Mixin) Mixing StructureTemplateManagerMixin from fabric-gametest-api-v1.mixins.json into net.minecraft.structure.StructureTemplateManager
[14:23:35] [main/DEBUG] (FabricLoader/Mixin) Renaming @Unique method streamTemplatesFromResource()Ljava/util/stream/Stream; to md0fa23f$fabric-gametest-api-v1$streamTemplatesFromResource$0 in fabric-gametest-api-v1.mixins.json:StructureTemplateManagerMixin from mod fabric-gametest-api-v1
[14:23:35] [main/DEBUG] (FabricLoader/Mixin) fabric-gametest-api-v1.mixins.json:StructureTemplateManagerMixin from mod fabric-gametest-api-v1->@Inject::addFabricTemplateProvider(Lnet/minecraft/resource/ResourceManager;Lnet/minecraft/world/level/storage/LevelStorage$Session;Lcom/mojang/datafixers/DataFixer;Lnet/minecraft/registry/RegistryEntryLookup;Lorg/spongepowered/asm/mixin/injection/callback/CallbackInfo;)V doesn't use it's CallbackInfo
[14:23:35] [main/DEBUG] (FabricLoader/Mixin) fabric-gametest-api-v1.mixins.json:StructureTemplateManagerMixin from mod fabric-gametest-api-v1->@Inject::addFabricTemplateProvider(Lnet/minecraft/resource/ResourceManager;Lnet/minecraft/world/level/storage/LevelStorage$Session;Lcom/mojang/datafixers/DataFixer;Lnet/minecraft/registry/RegistryEntryLookup;Lorg/spongepowered/asm/mixin/injection/callback/CallbackInfo;)V has 0 override(s) in child classes
[14:23:35] [main/DEBUG] (FabricLoader/Mixin) fabric-gametest-api-v1.mixins.json:StructureTemplateManagerMixin from mod fabric-gametest-api-v1->@Inject::addFabricTemplateProvider(Lnet/minecraft/resource/ResourceManager;Lnet/minecraft/world/level/storage/LevelStorage$Session;Lcom/mojang/datafixers/DataFixer;Lnet/minecraft/registry/RegistryEntryLookup;Lorg/spongepowered/asm/mixin/injection/callback/CallbackInfo;)V won't be passed a CallbackInfo as a result
[14:23:35] [main/DEBUG] (FabricLoader/Mixin) Mixing BiomeSourceMixin from fabric-biome-api-v1.mixins.json into net.minecraft.world.biome.source.BiomeSource
[14:23:35] [main/DEBUG] (FabricLoader/Mixin) Mixing MultiNoiseBiomeSourceMixin from fabric-biome-api-v1.mixins.json into net.minecraft.world.biome.source.MultiNoiseBiomeSource
[14:23:35] [main/DEBUG] (FabricLoader/Mixin) Mixing NetherBiomePresetMixin from fabric-biome-api-v1.mixins.json into net.minecraft.world.biome.source.MultiNoiseBiomeSourceParameterList$Preset$1
[14:23:35] [main/DEBUG] (FabricLoader/Mixin) fabric-biome-api-v1.mixins.json:NetherBiomePresetMixin from mod fabric-biome-api-v1->@Inject::apply(Ljava/util/function/Function;Lorg/spongepowered/asm/mixin/injection/callback/CallbackInfoReturnable;)V does use it's CallbackInfoReturnable
[14:23:35] [main/DEBUG] (FabricLoader/Mixin) Mixing RegistryOpsAccessor from fabric-resource-conditions-api-v1.mixins.json into net.minecraft.registry.RegistryOps
[14:23:35] [main/DEBUG] (FabricLoader/Mixin) Mixing TheEndBiomeSourceMixin from fabric-biome-api-v1.mixins.json into net.minecraft.world.biome.source.TheEndBiomeSource
[14:23:35] [main/DEBUG] (FabricLoader/Mixin) Renaming synthetic method lambda$init$1(Lnet/minecraft/registry/RegistryEntryLookup;)Lnet/fabricmc/fabric/impl/biome/TheEndBiomeData$Overrides; to md0fa23f$fabric-biome-api-v1$lambda$init$1$0 in fabric-biome-api-v1.mixins.json:TheEndBiomeSourceMixin from mod fabric-biome-api-v1
[14:23:35] [main/DEBUG] (FabricLoader/Mixin) Renaming synthetic method lambda$modifyCodec$0(Lcom/mojang/serialization/codecs/RecordCodecBuilder$Instance;)Lcom/mojang/datafixers/kinds/App; to md0fa23f$fabric-biome-api-v1$lambda$modifyCodec$0$1 in fabric-biome-api-v1.mixins.json:TheEndBiomeSourceMixin from mod fabric-biome-api-v1
[14:23:35] [main/DEBUG] (FabricLoader/Mixin) fabric-biome-api-v1.mixins.json:TheEndBiomeSourceMixin from mod fabric-biome-api-v1->@Inject::modifyCodec(Lorg/spongepowered/asm/mixin/injection/callback/CallbackInfo;)V doesn't use it's CallbackInfo
[14:23:35] [main/DEBUG] (FabricLoader/Mixin) fabric-biome-api-v1.mixins.json:TheEndBiomeSourceMixin from mod fabric-biome-api-v1->@Inject::rememberLookup(Lnet/minecraft/registry/RegistryEntryLookup;Lorg/spongepowered/asm/mixin/injection/callback/CallbackInfoReturnable;)V doesn't use it's CallbackInfoReturnable
[14:23:35] [main/DEBUG] (FabricLoader/Mixin) fabric-biome-api-v1.mixins.json:TheEndBiomeSourceMixin from mod fabric-biome-api-v1->@Inject::clearLookup(Lnet/minecraft/registry/RegistryEntryLookup;Lorg/spongepowered/asm/mixin/injection/callback/CallbackInfoReturnable;)V doesn't use it's CallbackInfoReturnable
[14:23:35] [main/DEBUG] (FabricLoader/Mixin) fabric-biome-api-v1.mixins.json:TheEndBiomeSourceMixin from mod fabric-biome-api-v1->@Inject::init(Lnet/minecraft/registry/entry/RegistryEntry;Lnet/minecraft/registry/entry/RegistryEntry;Lnet/minecraft/registry/entry/RegistryEntry;Lnet/minecraft/registry/entry/RegistryEntry;Lnet/minecraft/registry/entry/RegistryEntry;Lorg/spongepowered/asm/mixin/injection/callback/CallbackInfo;)V doesn't use it's CallbackInfo
[14:23:35] [main/DEBUG] (FabricLoader/Mixin) fabric-biome-api-v1.mixins.json:TheEndBiomeSourceMixin from mod fabric-biome-api-v1->@Inject::init(Lnet/minecraft/registry/entry/RegistryEntry;Lnet/minecraft/registry/entry/RegistryEntry;Lnet/minecraft/registry/entry/RegistryEntry;Lnet/minecraft/registry/entry/RegistryEntry;Lnet/minecraft/registry/entry/RegistryEntry;Lorg/spongepowered/asm/mixin/injection/callback/CallbackInfo;)V has 0 override(s) in child classes
[14:23:35] [main/DEBUG] (FabricLoader/Mixin) fabric-biome-api-v1.mixins.json:TheEndBiomeSourceMixin from mod fabric-biome-api-v1->@Inject::init(Lnet/minecraft/registry/entry/RegistryEntry;Lnet/minecraft/registry/entry/RegistryEntry;Lnet/minecraft/registry/entry/RegistryEntry;Lnet/minecraft/registry/entry/RegistryEntry;Lnet/minecraft/registry/entry/RegistryEntry;Lorg/spongepowered/asm/mixin/injection/callback/CallbackInfo;)V won't be passed a CallbackInfo as a result
[14:23:35] [main/DEBUG] (FabricLoader/Mixin) fabric-biome-api-v1.mixins.json:TheEndBiomeSourceMixin from mod fabric-biome-api-v1->@Inject::getWeightedEndBiome(IIILnet/minecraft/world/biome/source/util/MultiNoiseUtil$MultiNoiseSampler;Lorg/spongepowered/asm/mixin/injection/callback/CallbackInfoReturnable;)V does use it's CallbackInfoReturnable
[14:23:35] [main/DEBUG] (FabricLoader/Mixin) fabric-biome-api-v1.mixins.json:TheEndBiomeSourceMixin from mod fabric-biome-api-v1->@Inject::getWeightedEndBiome(IIILnet/minecraft/world/biome/source/util/MultiNoiseUtil$MultiNoiseSampler;Lorg/spongepowered/asm/mixin/injection/callback/CallbackInfoReturnable;)V does use it's CallbackInfoReturnable
[14:23:35] [main/DEBUG] (FabricLoader/Mixin) fabric-biome-api-v1.mixins.json:TheEndBiomeSourceMixin from mod fabric-biome-api-v1->@Inject::getWeightedEndBiome(IIILnet/minecraft/world/biome/source/util/MultiNoiseUtil$MultiNoiseSampler;Lorg/spongepowered/asm/mixin/injection/callback/CallbackInfoReturnable;)V does use it's CallbackInfoReturnable
[14:23:35] [main/DEBUG] (FabricLoader/Mixin) fabric-biome-api-v1.mixins.json:TheEndBiomeSourceMixin from mod fabric-biome-api-v1->@Inject::getWeightedEndBiome(IIILnet/minecraft/world/biome/source/util/MultiNoiseUtil$MultiNoiseSampler;Lorg/spongepowered/asm/mixin/injection/callback/CallbackInfoReturnable;)V does use it's CallbackInfoReturnable
[14:23:35] [main/DEBUG] (FabricLoader/Mixin) fabric-biome-api-v1.mixins.json:TheEndBiomeSourceMixin from mod fabric-biome-api-v1->@Inject::getWeightedEndBiome(IIILnet/minecraft/world/biome/source/util/MultiNoiseUtil$MultiNoiseSampler;Lorg/spongepowered/asm/mixin/injection/callback/CallbackInfoReturnable;)V does use it's CallbackInfoReturnable
[14:23:35] [main/DEBUG] (FabricLoader/Mixin) Mixing DebugChunkGeneratorAccessor from fabric-registry-sync-v0.mixins.json into net.minecraft.world.gen.chunk.DebugChunkGenerator
[14:23:35] [main/DEBUG] (FabricLoader/Mixin) Renaming @Accessor method setBLOCK_STATES(Ljava/util/List;)V to setBLOCK_STATES$fabric-registry-sync-v0_$md$0fa23f$0 in fabric-registry-sync-v0.mixins.json:DebugChunkGeneratorAccessor from mod fabric-registry-sync-v0
[14:23:35] [main/DEBUG] (FabricLoader/Mixin) Renaming @Accessor method setX_SIDE_LENGTH(I)V to setX_SIDE_LENGTH$fabric-registry-sync-v0_$md$0fa23f$1 in fabric-registry-sync-v0.mixins.json:DebugChunkGeneratorAccessor from mod fabric-registry-sync-v0
[14:23:35] [main/DEBUG] (FabricLoader/Mixin) Renaming @Accessor method setZ_SIDE_LENGTH(I)V to setZ_SIDE_LENGTH$fabric-registry-sync-v0_$md$0fa23f$2 in fabric-registry-sync-v0.mixins.json:DebugChunkGeneratorAccessor from mod fabric-registry-sync-v0
[14:23:35] [main/DEBUG] (FabricLoader/Mixin) Mixing GameRulesBooleanRuleAccessor from fabric-game-rule-api-v1.mixins.json into net.minecraft.world.GameRules$BooleanRule
[14:23:35] [main/DEBUG] (FabricLoader/Mixin) Renaming @Invoker method invokeCreate(ZLjava/util/function/BiConsumer;)Lnet/minecraft/world/GameRules$Type; to invokeCreate$fabric-game-rule-api-v1_$md$0fa23f$0 in fabric-game-rule-api-v1.mixins.json:GameRulesBooleanRuleAccessor from mod fabric-game-rule-api-v1
[14:23:35] [main/DEBUG] (FabricLoader/Mixin) Mixing GameRulesAccessor from fabric-game-rule-api-v1.mixins.json into net.minecraft.world.GameRules
[14:23:35] [main/DEBUG] (FabricLoader/Mixin) Renaming @Invoker method callRegister(Ljava/lang/String;Lnet/minecraft/world/GameRules$Category;Lnet/minecraft/world/GameRules$Type;)Lnet/minecraft/world/GameRules$Key; to callRegister$fabric-game-rule-api-v1_$md$0fa23f$0 in fabric-game-rule-api-v1.mixins.json:GameRulesAccessor from mod fabric-game-rule-api-v1
[14:23:35] [main/DEBUG] (FabricLoader/Mixin) Renaming @Accessor method getRuleTypes()Ljava/util/Map; to getRuleTypes$fabric-game-rule-api-v1_$md$0fa23f$1 in fabric-game-rule-api-v1.mixins.json:GameRulesAccessor from mod fabric-game-rule-api-v1
[14:23:35] [main/DEBUG] (FabricLoader/Mixin) Mixing GameRulesKeyMixin from fabric-game-rule-api-v1.mixins.json into net.minecraft.world.GameRules$Key
[14:23:35] [main/DEBUG] (FabricLoader/Mixin) Mixing MinecraftServerMixin from fabric-message-api-v1.mixins.json into net.minecraft.server.MinecraftServer
[14:23:35] [main/DEBUG] (FabricLoader/Mixin) Renaming synthetic method lambda$onGetChatDecorator$0(Lnet/minecraft/server/network/ServerPlayerEntity;Lnet/minecraft/text/Text;)Lnet/minecraft/text/Text; to md0fa23f$fabric-message-api-v1$lambda$onGetChatDecorator$0$0 in fabric-message-api-v1.mixins.json:MinecraftServerMixin from mod fabric-message-api-v1
[14:23:35] [main/DEBUG] (FabricLoader/Mixin) Mixing MinecraftServerMixin from fabric-lifecycle-events-v1.mixins.json into net.minecraft.server.MinecraftServer
[14:23:35] [main/DEBUG] (FabricLoader/Mixin) Renaming synthetic method lambda$endResourceReload$0(Ljava/lang/Void;Ljava/lang/Throwable;)Ljava/lang/Void; to md0fa23f$fabric-lifecycle-events-v1$lambda$endResourceReload$0$1 in fabric-lifecycle-events-v1.mixins.json:MinecraftServerMixin from mod fabric-lifecycle-events-v1
[14:23:35] [main/DEBUG] (FabricLoader/Mixin) Mixing MinecraftServerMixin from fabric-resource-loader-v0.mixins.json into net.minecraft.server.MinecraftServer
[14:23:35] [main/DEBUG] (FabricLoader/Mixin) Renaming synthetic method lambda$init$0(Lnet/minecraft/resource/ResourcePack;)Ljava/util/stream/Stream; to md0fa23f$fabric-resource-loader-v0$lambda$init$0$2 in fabric-resource-loader-v0.mixins.json:MinecraftServerMixin from mod fabric-resource-loader-v0
[14:23:35] [main/DEBUG] (FabricLoader/Mixin) Mixing modification.MinecraftServerMixin from fabric-biome-api-v1.mixins.json into net.minecraft.server.MinecraftServer
[14:23:35] [main/DEBUG] (FabricLoader/Mixin) fabric-message-api-v1.mixins.json:MinecraftServerMixin from mod fabric-message-api-v1->@Inject::onGetChatDecorator(Lorg/spongepowered/asm/mixin/injection/callback/CallbackInfoReturnable;)V does use it's CallbackInfoReturnable
[14:23:35] [main/DEBUG] (FabricLoader/Mixin) fabric-lifecycle-events-v1.mixins.json:MinecraftServerMixin from mod fabric-lifecycle-events-v1->@Inject::beforeSetupServer(Lorg/spongepowered/asm/mixin/injection/callback/CallbackInfo;)V doesn't use it's CallbackInfo
[14:23:35] [main/DEBUG] (FabricLoader/Mixin) fabric-lifecycle-events-v1.mixins.json:MinecraftServerMixin from mod fabric-lifecycle-events-v1->@Inject::beforeSetupServer(Lorg/spongepowered/asm/mixin/injection/callback/CallbackInfo;)V has 0 override(s) in child classes
[14:23:35] [main/DEBUG] (FabricLoader/Mixin) fabric-lifecycle-events-v1.mixins.json:MinecraftServerMixin from mod fabric-lifecycle-events-v1->@Inject::beforeSetupServer(Lorg/spongepowered/asm/mixin/injection/callback/CallbackInfo;)V won't be passed a CallbackInfo as a result
[14:23:35] [main/DEBUG] (FabricLoader/Mixin) fabric-lifecycle-events-v1.mixins.json:MinecraftServerMixin from mod fabric-lifecycle-events-v1->@Inject::afterSetupServer(Lorg/spongepowered/asm/mixin/injection/callback/CallbackInfo;)V doesn't use it's CallbackInfo
[14:23:35] [main/DEBUG] (FabricLoader/Mixin) fabric-lifecycle-events-v1.mixins.json:MinecraftServerMixin from mod fabric-lifecycle-events-v1->@Inject::afterSetupServer(Lorg/spongepowered/asm/mixin/injection/callback/CallbackInfo;)V has 0 override(s) in child classes
[14:23:35] [main/DEBUG] (FabricLoader/Mixin) fabric-lifecycle-events-v1.mixins.json:MinecraftServerMixin from mod fabric-lifecycle-events-v1->@Inject::afterSetupServer(Lorg/spongepowered/asm/mixin/injection/callback/CallbackInfo;)V won't be passed a CallbackInfo as a result
[14:23:35] [main/DEBUG] (FabricLoader/Mixin) fabric-lifecycle-events-v1.mixins.json:MinecraftServerMixin from mod fabric-lifecycle-events-v1->@Inject::beforeShutdownServer(Lorg/spongepowered/asm/mixin/injection/callback/CallbackInfo;)V doesn't use it's CallbackInfo
[14:23:35] [main/DEBUG] (FabricLoader/Mixin) fabric-lifecycle-events-v1.mixins.json:MinecraftServerMixin from mod fabric-lifecycle-events-v1->@Inject::beforeShutdownServer(Lorg/spongepowered/asm/mixin/injection/callback/CallbackInfo;)V has 0 override(s) in child classes
[14:23:35] [main/DEBUG] (FabricLoader/Mixin) fabric-lifecycle-events-v1.mixins.json:MinecraftServerMixin from mod fabric-lifecycle-events-v1->@Inject::beforeShutdownServer(Lorg/spongepowered/asm/mixin/injection/callback/CallbackInfo;)V won't be passed a CallbackInfo as a result
[14:23:35] [main/DEBUG] (FabricLoader/Mixin) fabric-lifecycle-events-v1.mixins.json:MinecraftServerMixin from mod fabric-lifecycle-events-v1->@Inject::afterShutdownServer(Lorg/spongepowered/asm/mixin/injection/callback/CallbackInfo;)V doesn't use it's CallbackInfo
[14:23:35] [main/DEBUG] (FabricLoader/Mixin) fabric-lifecycle-events-v1.mixins.json:MinecraftServerMixin from mod fabric-lifecycle-events-v1->@Inject::afterShutdownServer(Lorg/spongepowered/asm/mixin/injection/callback/CallbackInfo;)V has 0 override(s) in child classes
[14:23:35] [main/DEBUG] (FabricLoader/Mixin) fabric-lifecycle-events-v1.mixins.json:MinecraftServerMixin from mod fabric-lifecycle-events-v1->@Inject::afterShutdownServer(Lorg/spongepowered/asm/mixin/injection/callback/CallbackInfo;)V won't be passed a CallbackInfo as a result
[14:23:35] [main/DEBUG] (FabricLoader/Mixin) fabric-lifecycle-events-v1.mixins.json:MinecraftServerMixin from mod fabric-lifecycle-events-v1->@Inject::onStartTick(Ljava/util/function/BooleanSupplier;Lorg/spongepowered/asm/mixin/injection/callback/CallbackInfo;)V doesn't use it's CallbackInfo
[14:23:35] [main/DEBUG] (FabricLoader/Mixin) fabric-lifecycle-events-v1.mixins.json:MinecraftServerMixin from mod fabric-lifecycle-events-v1->@Inject::onStartTick(Ljava/util/function/BooleanSupplier;Lorg/spongepowered/asm/mixin/injection/callback/CallbackInfo;)V has 0 override(s) in child classes
[14:23:35] [main/DEBUG] (FabricLoader/Mixin) fabric-lifecycle-events-v1.mixins.json:MinecraftServerMixin from mod fabric-lifecycle-events-v1->@Inject::onStartTick(Ljava/util/function/BooleanSupplier;Lorg/spongepowered/asm/mixin/injection/callback/CallbackInfo;)V won't be passed a CallbackInfo as a result
[14:23:35] [main/DEBUG] (FabricLoader/Mixin) fabric-lifecycle-events-v1.mixins.json:MinecraftServerMixin from mod fabric-lifecycle-events-v1->@Inject::onEndTick(Ljava/util/function/BooleanSupplier;Lorg/spongepowered/asm/mixin/injection/callback/CallbackInfo;)V doesn't use it's CallbackInfo
[14:23:35] [main/DEBUG] (FabricLoader/Mixin) fabric-lifecycle-events-v1.mixins.json:MinecraftServerMixin from mod fabric-lifecycle-events-v1->@Inject::onEndTick(Ljava/util/function/BooleanSupplier;Lorg/spongepowered/asm/mixin/injection/callback/CallbackInfo;)V has 0 override(s) in child classes
[14:23:35] [main/DEBUG] (FabricLoader/Mixin) fabric-lifecycle-events-v1.mixins.json:MinecraftServerMixin from mod fabric-lifecycle-events-v1->@Inject::onEndTick(Ljava/util/function/BooleanSupplier;Lorg/spongepowered/asm/mixin/injection/callback/CallbackInfo;)V won't be passed a CallbackInfo as a result
[14:23:35] [main/DEBUG] (FabricLoader/Mixin) fabric-lifecycle-events-v1.mixins.json:MinecraftServerMixin from mod fabric-lifecycle-events-v1->@Inject::onUnloadWorldAtShutdown(Lorg/spongepowered/asm/mixin/injection/callback/CallbackInfo;)V doesn't use it's CallbackInfo
[14:23:35] [main/DEBUG] (FabricLoader/Mixin) fabric-lifecycle-events-v1.mixins.json:MinecraftServerMixin from mod fabric-lifecycle-events-v1->@Inject::onUnloadWorldAtShutdown(Lorg/spongepowered/asm/mixin/injection/callback/CallbackInfo;)V has 0 override(s) in child classes
[14:23:35] [main/DEBUG] (FabricLoader/Mixin) fabric-lifecycle-events-v1.mixins.json:MinecraftServerMixin from mod fabric-lifecycle-events-v1->@Inject::onUnloadWorldAtShutdown(Lorg/spongepowered/asm/mixin/injection/callback/CallbackInfo;)V won't be passed a CallbackInfo as a result
[14:23:35] [main/DEBUG] (FabricLoader/Mixin) fabric-lifecycle-events-v1.mixins.json:MinecraftServerMixin from mod fabric-lifecycle-events-v1->@Inject::startResourceReload(Ljava/util/Collection;Lorg/spongepowered/asm/mixin/injection/callback/CallbackInfoReturnable;)V doesn't use it's CallbackInfoReturnable
[14:23:35] [main/DEBUG] (FabricLoader/Mixin) fabric-lifecycle-events-v1.mixins.json:MinecraftServerMixin from mod fabric-lifecycle-events-v1->@Inject::startResourceReload(Ljava/util/Collection;Lorg/spongepowered/asm/mixin/injection/callback/CallbackInfoReturnable;)V has 0 override(s) in child classes
[14:23:35] [main/DEBUG] (FabricLoader/Mixin) fabric-lifecycle-events-v1.mixins.json:MinecraftServerMixin from mod fabric-lifecycle-events-v1->@Inject::startResourceReload(Ljava/util/Collection;Lorg/spongepowered/asm/mixin/injection/callback/CallbackInfoReturnable;)V won't be passed a CallbackInfoReturnable as a result
[14:23:35] [main/DEBUG] (FabricLoader/Mixin) fabric-lifecycle-events-v1.mixins.json:MinecraftServerMixin from mod fabric-lifecycle-events-v1->@Inject::endResourceReload(Ljava/util/Collection;Lorg/spongepowered/asm/mixin/injection/callback/CallbackInfoReturnable;)V does use it's CallbackInfoReturnable
[14:23:35] [main/DEBUG] (FabricLoader/Mixin) fabric-lifecycle-events-v1.mixins.json:MinecraftServerMixin from mod fabric-lifecycle-events-v1->@Inject::startSave(ZZZLorg/spongepowered/asm/mixin/injection/callback/CallbackInfoReturnable;)V doesn't use it's CallbackInfoReturnable
[14:23:35] [main/DEBUG] (FabricLoader/Mixin) fabric-lifecycle-events-v1.mixins.json:MinecraftServerMixin from mod fabric-lifecycle-events-v1->@Inject::startSave(ZZZLorg/spongepowered/asm/mixin/injection/callback/CallbackInfoReturnable;)V has 0 override(s) in child classes
[14:23:35] [main/DEBUG] (FabricLoader/Mixin) fabric-lifecycle-events-v1.mixins.json:MinecraftServerMixin from mod fabric-lifecycle-events-v1->@Inject::startSave(ZZZLorg/spongepowered/asm/mixin/injection/callback/CallbackInfoReturnable;)V won't be passed a CallbackInfoReturnable as a result
[14:23:35] [main/DEBUG] (FabricLoader/Mixin) fabric-lifecycle-events-v1.mixins.json:MinecraftServerMixin from mod fabric-lifecycle-events-v1->@Inject::endSave(ZZZLorg/spongepowered/asm/mixin/injection/callback/CallbackInfoReturnable;)V doesn't use it's CallbackInfoReturnable
[14:23:35] [main/DEBUG] (FabricLoader/Mixin) fabric-lifecycle-events-v1.mixins.json:MinecraftServerMixin from mod fabric-lifecycle-events-v1->@Inject::endSave(ZZZLorg/spongepowered/asm/mixin/injection/callback/CallbackInfoReturnable;)V has 0 override(s) in child classes
[14:23:35] [main/DEBUG] (FabricLoader/Mixin) fabric-lifecycle-events-v1.mixins.json:MinecraftServerMixin from mod fabric-lifecycle-events-v1->@Inject::endSave(ZZZLorg/spongepowered/asm/mixin/injection/callback/CallbackInfoReturnable;)V won't be passed a CallbackInfoReturnable as a result
[14:23:35] [main/DEBUG] (FabricLoader/Mixin) fabric-resource-loader-v0.mixins.json:MinecraftServerMixin from mod fabric-resource-loader-v0->@Inject::init(Ljava/lang/Thread;Lnet/minecraft/world/level/storage/LevelStorage$Session;Lnet/minecraft/resource/ResourcePackManager;Lnet/minecraft/server/SaveLoader;Ljava/net/Proxy;Lcom/mojang/datafixers/DataFixer;Lnet/minecraft/util/ApiServices;Lnet/minecraft/server/WorldGenerationProgressListenerFactory;Lorg/spongepowered/asm/mixin/injection/callback/CallbackInfo;)V doesn't use it's CallbackInfo
[14:23:35] [main/DEBUG] (FabricLoader/Mixin) fabric-resource-loader-v0.mixins.json:MinecraftServerMixin from mod fabric-resource-loader-v0->@Inject::init(Ljava/lang/Thread;Lnet/minecraft/world/level/storage/LevelStorage$Session;Lnet/minecraft/resource/ResourcePackManager;Lnet/minecraft/server/SaveLoader;Ljava/net/Proxy;Lcom/mojang/datafixers/DataFixer;Lnet/minecraft/util/ApiServices;Lnet/minecraft/server/WorldGenerationProgressListenerFactory;Lorg/spongepowered/asm/mixin/injection/callback/CallbackInfo;)V has 0 override(s) in child classes
[14:23:35] [main/DEBUG] (FabricLoader/Mixin) fabric-resource-loader-v0.mixins.json:MinecraftServerMixin from mod fabric-resource-loader-v0->@Inject::init(Ljava/lang/Thread;Lnet/minecraft/world/level/storage/LevelStorage$Session;Lnet/minecraft/resource/ResourcePackManager;Lnet/minecraft/server/SaveLoader;Ljava/net/Proxy;Lcom/mojang/datafixers/DataFixer;Lnet/minecraft/util/ApiServices;Lnet/minecraft/server/WorldGenerationProgressListenerFactory;Lorg/spongepowered/asm/mixin/injection/callback/CallbackInfo;)V won't be passed a CallbackInfo as a result
[14:23:35] [main/DEBUG] (FabricLoader/Mixin) fabric-biome-api-v1.mixins.json:modification.MinecraftServerMixin from mod fabric-biome-api-v1->@Inject::finalizeWorldGen(Lorg/spongepowered/asm/mixin/injection/callback/CallbackInfo;)V doesn't use it's CallbackInfo
[14:23:35] [main/DEBUG] (FabricLoader/Mixin) fabric-biome-api-v1.mixins.json:modification.MinecraftServerMixin from mod fabric-biome-api-v1->@Inject::finalizeWorldGen(Lorg/spongepowered/asm/mixin/injection/callback/CallbackInfo;)V has 0 override(s) in child classes
[14:23:35] [main/DEBUG] (FabricLoader/Mixin) fabric-biome-api-v1.mixins.json:modification.MinecraftServerMixin from mod fabric-biome-api-v1->@Inject::finalizeWorldGen(Lorg/spongepowered/asm/mixin/injection/callback/CallbackInfo;)V won't be passed a CallbackInfo as a result
[14:23:35] [main/DEBUG] (FabricLoader/Mixin) Mixing GameRulesIntRuleAccessor from fabric-game-rule-api-v1.mixins.json into net.minecraft.world.GameRules$IntRule
[14:23:35] [main/DEBUG] (FabricLoader/Mixin) Mixing DefaultAttributeRegistryAccessor from fabric-object-builder-v1.mixins.json into net.minecraft.entity.attribute.DefaultAttributeRegistry
[14:23:35] [main/DEBUG] (FabricLoader/Mixin) Renaming @Accessor method getRegistry()Ljava/util/Map; to getRegistry$fabric-object-builder-api-v1_$md$0fa23f$0 in fabric-object-builder-v1.mixins.json:DefaultAttributeRegistryAccessor from mod fabric-object-builder-api-v1
[14:23:35] [main/DEBUG] (FabricLoader/Mixin) Mixing DefaultAttributeRegistryMixin from fabric-object-builder-v1.mixins.json into net.minecraft.entity.attribute.DefaultAttributeRegistry
[14:23:35] [main/DEBUG] (FabricLoader/Mixin) fabric-object-builder-v1.mixins.json:DefaultAttributeRegistryMixin from mod fabric-object-builder-api-v1->@Inject::injectAttributes(Lorg/spongepowered/asm/mixin/injection/callback/CallbackInfo;)V doesn't use it's CallbackInfo
[14:23:35] [main/DEBUG] (FabricLoader/Entrypoint) Iterating over entrypoint 'main'
[14:23:35] [main/DEBUG] (FabricLoader/Mixin) Mixing LootTableBuilderMixin from fabric-loot-api-v3.mixins.json into net.minecraft.loot.LootTable$Builder
[14:23:35] [main/DEBUG] (FabricLoader/Mixin) Mixing LootTableBuilderMixin from fabric-loot-api-v2.mixins.json into net.minecraft.loot.LootTable$Builder
[14:23:35] [main/DEBUG] (FabricLoader/Mixin) Mixing ServerConfigurationNetworkHandlerMixin from fabric-networking-api-v1.mixins.json into net.minecraft.server.network.ServerConfigurationNetworkHandler
[14:23:35] [main/DEBUG] (FabricLoader/Mixin) Renaming synthetic method lambda$bindChannelInfo$0(Lnet/minecraft/network/RegistryByteBuf;)Lnet/minecraft/network/RegistryByteBuf; to md0fa23f$fabric-networking-api-v1$lambda$bindChannelInfo$0$0 in fabric-networking-api-v1.mixins.json:ServerConfigurationNetworkHandlerMixin from mod fabric-networking-api-v1
[14:23:35] [main/DEBUG] (FabricLoader/Mixin) Mixing ServerConfigurationNetworkHandlerMixin from fabric-resource-loader-v0.mixins.json into net.minecraft.server.network.ServerConfigurationNetworkHandler
[14:23:35] [main/DEBUG] (FabricLoader/Mixin) fabric-networking-api-v1.mixins.json:ServerConfigurationNetworkHandlerMixin from mod fabric-networking-api-v1->@Inject::initAddon(Lorg/spongepowered/asm/mixin/injection/callback/CallbackInfo;)V doesn't use it's CallbackInfo
[14:23:35] [main/DEBUG] (FabricLoader/Mixin) fabric-networking-api-v1.mixins.json:ServerConfigurationNetworkHandlerMixin from mod fabric-networking-api-v1->@Inject::initAddon(Lorg/spongepowered/asm/mixin/injection/callback/CallbackInfo;)V has 0 override(s) in child classes
[14:23:35] [main/DEBUG] (FabricLoader/Mixin) fabric-networking-api-v1.mixins.json:ServerConfigurationNetworkHandlerMixin from mod fabric-networking-api-v1->@Inject::initAddon(Lorg/spongepowered/asm/mixin/injection/callback/CallbackInfo;)V won't be passed a CallbackInfo as a result
[14:23:35] [main/DEBUG] (FabricLoader/Mixin) fabric-networking-api-v1.mixins.json:ServerConfigurationNetworkHandlerMixin from mod fabric-networking-api-v1->@Inject::onClientReady(Lorg/spongepowered/asm/mixin/injection/callback/CallbackInfo;)V does use it's CallbackInfo
[14:23:35] [main/DEBUG] (FabricLoader/Mixin) Mixing ServerCommonNetworkHandlerMixin from fabric-networking-api-v1.mixins.json into net.minecraft.server.network.ServerCommonNetworkHandler
[14:23:35] [main/DEBUG] (FabricLoader/Mixin) Mixing accessor.ServerCommonNetworkHandlerAccessor from fabric-networking-api-v1.mixins.json into net.minecraft.server.network.ServerCommonNetworkHandler
[14:23:35] [main/DEBUG] (FabricLoader/Mixin) fabric-networking-api-v1.mixins.json:ServerCommonNetworkHandlerMixin from mod fabric-networking-api-v1->@Inject::handleCustomPayloadReceivedAsync(Lnet/minecraft/network/packet/c2s/common/CustomPayloadC2SPacket;Lorg/spongepowered/asm/mixin/injection/callback/CallbackInfo;)V does use it's CallbackInfo
[14:23:35] [main/DEBUG] (FabricLoader/Mixin) fabric-networking-api-v1.mixins.json:ServerCommonNetworkHandlerMixin from mod fabric-networking-api-v1->@Inject::onPlayPong(Lnet/minecraft/network/packet/c2s/common/CommonPongC2SPacket;Lorg/spongepowered/asm/mixin/injection/callback/CallbackInfo;)V doesn't use it's CallbackInfo
[14:23:35] [main/DEBUG] (FabricLoader/Mixin) fabric-networking-api-v1.mixins.json:ServerCommonNetworkHandlerMixin from mod fabric-networking-api-v1->@Inject::onPlayPong(Lnet/minecraft/network/packet/c2s/common/CommonPongC2SPacket;Lorg/spongepowered/asm/mixin/injection/callback/CallbackInfo;)V has 0 override(s) in child classes
[14:23:35] [main/DEBUG] (FabricLoader/Mixin) fabric-networking-api-v1.mixins.json:ServerCommonNetworkHandlerMixin from mod fabric-networking-api-v1->@Inject::onPlayPong(Lnet/minecraft/network/packet/c2s/common/CommonPongC2SPacket;Lorg/spongepowered/asm/mixin/injection/callback/CallbackInfo;)V won't be passed a CallbackInfo as a result
[14:23:35] [main/DEBUG] (FabricLoader/Mixin) Mixing CustomPayloadC2SPacketAccessor from fabric-data-attachment-api-v1.mixins.json into net.minecraft.network.packet.c2s.common.CustomPayloadC2SPacket
[14:23:35] [main/DEBUG] (FabricLoader/Mixin) Mixing CustomPayloadC2SPacketMixin from fabric-networking-api-v1.mixins.json into net.minecraft.network.packet.c2s.common.CustomPayloadC2SPacket
[14:23:35] [main/DEBUG] (FabricLoader/Mixin) Renaming synthetic method lambda$wrapCodec$0(Lnet/minecraft/network/PacketByteBuf;Lnet/minecraft/util/Identifier;)Lnet/minecraft/network/packet/CustomPayload$Type; to md0fa23f$fabric-networking-api-v1$lambda$wrapCodec$0$0 in fabric-networking-api-v1.mixins.json:CustomPayloadC2SPacketMixin from mod fabric-networking-api-v1
[14:23:35] [main/DEBUG] (FabricLoader/Mixin) Mixing CustomPayloadPacketCodecMixin from fabric-networking-api-v1.mixins.json into net.minecraft.network.packet.CustomPayload$1
[14:23:35] [main/DEBUG] (FabricLoader/Mixin) Mixing ServerPlayNetworkHandlerMixin from fabric-networking-api-v1.mixins.json into net.minecraft.server.network.ServerPlayNetworkHandler
[14:23:35] [main/DEBUG] (FabricLoader/Mixin) Mixing ServerPlayNetworkHandlerMixin from fabric-events-interaction-v0.mixins.json into net.minecraft.server.network.ServerPlayNetworkHandler
[14:23:35] [main/DEBUG] (FabricLoader/Mixin) fabric-networking-api-v1.mixins.json:ServerPlayNetworkHandlerMixin from mod fabric-networking-api-v1->@Inject::initAddon(Lorg/spongepowered/asm/mixin/injection/callback/CallbackInfo;)V doesn't use it's CallbackInfo
[14:23:35] [main/DEBUG] (FabricLoader/Mixin) fabric-networking-api-v1.mixins.json:ServerPlayNetworkHandlerMixin from mod fabric-networking-api-v1->@Inject::initAddon(Lorg/spongepowered/asm/mixin/injection/callback/CallbackInfo;)V has 0 override(s) in child classes
[14:23:35] [main/DEBUG] (FabricLoader/Mixin) fabric-networking-api-v1.mixins.json:ServerPlayNetworkHandlerMixin from mod fabric-networking-api-v1->@Inject::initAddon(Lorg/spongepowered/asm/mixin/injection/callback/CallbackInfo;)V won't be passed a CallbackInfo as a result
[14:23:35] [main/DEBUG] (FabricLoader/Mixin) fabric-networking-api-v1.mixins.json:ServerPlayNetworkHandlerMixin from mod fabric-networking-api-v1->@Inject::handleCustomPayloadReceivedAsync(Lnet/minecraft/network/packet/c2s/common/CustomPayloadC2SPacket;Lorg/spongepowered/asm/mixin/injection/callback/CallbackInfo;)V does use it's CallbackInfo
[14:23:35] [main/DEBUG] (FabricLoader/Mixin) Mixing ResourceFinderAccessor from fabric-resource-conditions-api-v1.mixins.json into net.minecraft.resource.ResourceFinder
[14:23:35] [main/DEBUG] (FabricLoader/Mixin) Mixing ResourceFinderAccessor from fabric-loot-api-v3.mixins.json into net.minecraft.resource.ResourceFinder
[14:23:35] [main/DEBUG] (FabricLoader/Mixin) Unexpected: Registered method getDirectoryName()Ljava/lang/String; in net.minecraft.resource.ResourceFinder was not merged
[14:23:35] [main/DEBUG] (FabricLoader/Entrypoint) No subscribers for entrypoint 'server'
[14:23:35] [main/DEBUG] (FabricLoader/Mixin) Mixing SimpleRegistryTagLookup2Accessor from fabric-tag-api-v1.mixins.json into net.minecraft.registry.SimpleRegistry$TagLookup$2
[14:23:35] [main/DEBUG] (FabricLoader/Mixin) Mixing ServerPropertiesHandlerMixin from fabric-resource-loader-v0.mixins.json into net.minecraft.server.dedicated.ServerPropertiesHandler
[14:23:35] [main/DEBUG] (FabricLoader/Mixin) Mixing ResourcePackProfileMixin from fabric-resource-conditions-api-v1.mixins.json into net.minecraft.resource.ResourcePackProfile
[14:23:35] [main/DEBUG] (FabricLoader/Mixin) Mixing ResourcePackProfileMixin from fabric-resource-loader-v0.mixins.json into net.minecraft.resource.ResourcePackProfile
[14:23:35] [main/DEBUG] (FabricLoader/Mixin) Renaming synthetic method lambda$static$0(Ljava/util/Set;)Z to md0fa23f$fabric-resource-loader-v0$lambda$static$0$0 in fabric-resource-loader-v0.mixins.json:ResourcePackProfileMixin from mod fabric-resource-loader-v0
[14:23:36] [main/DEBUG] (FabricLoader/Mixin) fabric-resource-loader-v0.mixins.json:ResourcePackProfileMixin from mod fabric-resource-loader-v0->@Inject::onCreateResourcePack(Lorg/spongepowered/asm/mixin/injection/callback/CallbackInfoReturnable;)V does use it's CallbackInfoReturnable
[14:23:36] [main/INFO] (com.mojang.authlib.yggdrasil.YggdrasilAuthenticationService) Environment: Environment[sessionHost=https://sessionserver.mojang.com, servicesHost=https://api.minecraftservices.com, name=PROD]
[14:23:36] [Yggdrasil Key Fetcher/DEBUG] (com.mojang.authlib.minecraft.client.MinecraftClient) Connecting to https://api.minecraftservices.com/publickeys
[14:23:36] [main/DEBUG] (FabricLoader/Mixin) Mixing ResourcePackManagerMixin from fabric-resource-loader-v0.mixins.json into net.minecraft.resource.ResourcePackManager
[14:23:36] [main/DEBUG] (FabricLoader/Mixin) Renaming synthetic method lambda$handleAutoDisable$0(Ljava/util/Set;Lnet/minecraft/resource/ResourcePackProfile;)Z to md0fa23f$fabric-resource-loader-v0$lambda$handleAutoDisable$0$0 in fabric-resource-loader-v0.mixins.json:ResourcePackManagerMixin from mod fabric-resource-loader-v0
[14:23:36] [main/DEBUG] (FabricLoader/Mixin) fabric-resource-loader-v0.mixins.json:ResourcePackManagerMixin from mod fabric-resource-loader-v0->@Inject::construct([Lnet/minecraft/resource/ResourcePackProvider;Lorg/spongepowered/asm/mixin/injection/callback/CallbackInfo;)V doesn't use it's CallbackInfo
[14:23:36] [main/DEBUG] (FabricLoader/Mixin) fabric-resource-loader-v0.mixins.json:ResourcePackManagerMixin from mod fabric-resource-loader-v0->@Inject::construct([Lnet/minecraft/resource/ResourcePackProvider;Lorg/spongepowered/asm/mixin/injection/callback/CallbackInfo;)V has 0 override(s) in child classes
[14:23:36] [main/DEBUG] (FabricLoader/Mixin) fabric-resource-loader-v0.mixins.json:ResourcePackManagerMixin from mod fabric-resource-loader-v0->@Inject::construct([Lnet/minecraft/resource/ResourcePackProvider;Lorg/spongepowered/asm/mixin/injection/callback/CallbackInfo;)V won't be passed a CallbackInfo as a result
[14:23:36] [main/DEBUG] (FabricLoader/Mixin) fabric-resource-loader-v0.mixins.json:ResourcePackManagerMixin from mod fabric-resource-loader-v0->@Inject::handleAutoEnableDisable(Ljava/util/Collection;Lorg/spongepowered/asm/mixin/injection/callback/CallbackInfoReturnable;)V doesn't use it's CallbackInfoReturnable
[14:23:36] [main/DEBUG] (FabricLoader/Mixin) fabric-resource-loader-v0.mixins.json:ResourcePackManagerMixin from mod fabric-resource-loader-v0->@Inject::handleAutoEnableDisable(Ljava/util/Collection;Lorg/spongepowered/asm/mixin/injection/callback/CallbackInfoReturnable;)V has 0 override(s) in child classes
[14:23:36] [main/DEBUG] (FabricLoader/Mixin) fabric-resource-loader-v0.mixins.json:ResourcePackManagerMixin from mod fabric-resource-loader-v0->@Inject::handleAutoEnableDisable(Ljava/util/Collection;Lorg/spongepowered/asm/mixin/injection/callback/CallbackInfoReturnable;)V won't be passed a CallbackInfoReturnable as a result
[14:23:36] [main/DEBUG] (FabricLoader/Mixin) fabric-resource-loader-v0.mixins.json:ResourcePackManagerMixin from mod fabric-resource-loader-v0->@Inject::handleAutoEnable(Ljava/lang/String;Lorg/spongepowered/asm/mixin/injection/callback/CallbackInfoReturnable;)V doesn't use it's CallbackInfoReturnable
[14:23:36] [main/DEBUG] (FabricLoader/Mixin) fabric-resource-loader-v0.mixins.json:ResourcePackManagerMixin from mod fabric-resource-loader-v0->@Inject::handleAutoEnable(Ljava/lang/String;Lorg/spongepowered/asm/mixin/injection/callback/CallbackInfoReturnable;)V has 0 override(s) in child classes
[14:23:36] [main/DEBUG] (FabricLoader/Mixin) fabric-resource-loader-v0.mixins.json:ResourcePackManagerMixin from mod fabric-resource-loader-v0->@Inject::handleAutoEnable(Ljava/lang/String;Lorg/spongepowered/asm/mixin/injection/callback/CallbackInfoReturnable;)V won't be passed a CallbackInfoReturnable as a result
[14:23:36] [main/DEBUG] (FabricLoader/Mixin) fabric-resource-loader-v0.mixins.json:ResourcePackManagerMixin from mod fabric-resource-loader-v0->@Inject::handleAutoDisable(Ljava/lang/String;Lorg/spongepowered/asm/mixin/injection/callback/CallbackInfoReturnable;)V doesn't use it's CallbackInfoReturnable
[14:23:36] [main/DEBUG] (FabricLoader/Mixin) fabric-resource-loader-v0.mixins.json:ResourcePackManagerMixin from mod fabric-resource-loader-v0->@Inject::handleAutoDisable(Ljava/lang/String;Lorg/spongepowered/asm/mixin/injection/callback/CallbackInfoReturnable;)V has 0 override(s) in child classes
[14:23:36] [main/DEBUG] (FabricLoader/Mixin) fabric-resource-loader-v0.mixins.json:ResourcePackManagerMixin from mod fabric-resource-loader-v0->@Inject::handleAutoDisable(Ljava/lang/String;Lorg/spongepowered/asm/mixin/injection/callback/CallbackInfoReturnable;)V won't be passed a CallbackInfoReturnable as a result
[14:23:36] [main/DEBUG] (FabricLoader/Mixin) Mixing DataPackContentsMixin from fabric-tag-api-v1.mixins.json into net.minecraft.server.DataPackContents
[14:23:36] [main/DEBUG] (FabricLoader/Mixin) Mixing DataPackContentsMixin from fabric-resource-conditions-api-v1.mixins.json into net.minecraft.server.DataPackContents
[14:23:36] [main/DEBUG] (FabricLoader/Mixin) Mixing DataPackContentsMixin from fabric-lifecycle-events-v1.mixins.json into net.minecraft.server.DataPackContents
[14:23:36] [main/DEBUG] (FabricLoader/Mixin) fabric-tag-api-v1.mixins.json:DataPackContentsMixin from mod fabric-tag-api-v1->@Inject::storeDynamicRegistries(Lnet/minecraft/registry/CombinedDynamicRegistries;Lnet/minecraft/registry/RegistryWrapper$WrapperLookup;Lnet/minecraft/resource/featuretoggle/FeatureSet;Lnet/minecraft/server/command/CommandManager$RegistrationEnvironment;Ljava/util/List;ILorg/spongepowered/asm/mixin/injection/callback/CallbackInfo;)V doesn't use it's CallbackInfo
[14:23:36] [main/DEBUG] (FabricLoader/Mixin) fabric-tag-api-v1.mixins.json:DataPackContentsMixin from mod fabric-tag-api-v1->@Inject::storeDynamicRegistries(Lnet/minecraft/registry/CombinedDynamicRegistries;Lnet/minecraft/registry/RegistryWrapper$WrapperLookup;Lnet/minecraft/resource/featuretoggle/FeatureSet;Lnet/minecraft/server/command/CommandManager$RegistrationEnvironment;Ljava/util/List;ILorg/spongepowered/asm/mixin/injection/callback/CallbackInfo;)V has 0 override(s) in child classes
[14:23:36] [main/DEBUG] (FabricLoader/Mixin) fabric-tag-api-v1.mixins.json:DataPackContentsMixin from mod fabric-tag-api-v1->@Inject::storeDynamicRegistries(Lnet/minecraft/registry/CombinedDynamicRegistries;Lnet/minecraft/registry/RegistryWrapper$WrapperLookup;Lnet/minecraft/resource/featuretoggle/FeatureSet;Lnet/minecraft/server/command/CommandManager$RegistrationEnvironment;Ljava/util/List;ILorg/spongepowered/asm/mixin/injection/callback/CallbackInfo;)V won't be passed a CallbackInfo as a result
[14:23:36] [main/DEBUG] (FabricLoader/Mixin) fabric-tag-api-v1.mixins.json:DataPackContentsMixin from mod fabric-tag-api-v1->@Inject::applyDynamicTagAliases(Lorg/spongepowered/asm/mixin/injection/callback/CallbackInfo;)V doesn't use it's CallbackInfo
[14:23:36] [main/DEBUG] (FabricLoader/Mixin) fabric-tag-api-v1.mixins.json:DataPackContentsMixin from mod fabric-tag-api-v1->@Inject::applyDynamicTagAliases(Lorg/spongepowered/asm/mixin/injection/callback/CallbackInfo;)V has 0 override(s) in child classes
[14:23:36] [main/DEBUG] (FabricLoader/Mixin) fabric-tag-api-v1.mixins.json:DataPackContentsMixin from mod fabric-tag-api-v1->@Inject::applyDynamicTagAliases(Lorg/spongepowered/asm/mixin/injection/callback/CallbackInfo;)V won't be passed a CallbackInfo as a result
[14:23:36] [main/DEBUG] (FabricLoader/Mixin) fabric-resource-conditions-api-v1.mixins.json:DataPackContentsMixin from mod fabric-resource-conditions-api-v1->@Inject::hookReload(Lnet/minecraft/resource/ResourceManager;Lnet/minecraft/registry/CombinedDynamicRegistries;Ljava/util/List;Lnet/minecraft/resource/featuretoggle/FeatureSet;Lnet/minecraft/server/command/CommandManager$RegistrationEnvironment;ILjava/util/concurrent/Executor;Ljava/util/concurrent/Executor;Lorg/spongepowered/asm/mixin/injection/callback/CallbackInfoReturnable;)V doesn't use it's CallbackInfoReturnable
[14:23:36] [main/DEBUG] (FabricLoader/Mixin) fabric-resource-conditions-api-v1.mixins.json:DataPackContentsMixin from mod fabric-resource-conditions-api-v1->@Inject::removeLoadedTags(Lorg/spongepowered/asm/mixin/injection/callback/CallbackInfo;)V doesn't use it's CallbackInfo
[14:23:36] [main/DEBUG] (FabricLoader/Mixin) fabric-resource-conditions-api-v1.mixins.json:DataPackContentsMixin from mod fabric-resource-conditions-api-v1->@Inject::removeLoadedTags(Lorg/spongepowered/asm/mixin/injection/callback/CallbackInfo;)V has 0 override(s) in child classes
[14:23:36] [main/DEBUG] (FabricLoader/Mixin) fabric-resource-conditions-api-v1.mixins.json:DataPackContentsMixin from mod fabric-resource-conditions-api-v1->@Inject::removeLoadedTags(Lorg/spongepowered/asm/mixin/injection/callback/CallbackInfo;)V won't be passed a CallbackInfo as a result
[14:23:36] [main/DEBUG] (FabricLoader/Mixin) fabric-lifecycle-events-v1.mixins.json:DataPackContentsMixin from mod fabric-lifecycle-events-v1->@Inject::init(Lnet/minecraft/registry/CombinedDynamicRegistries;Lnet/minecraft/registry/RegistryWrapper$WrapperLookup;Lnet/minecraft/resource/featuretoggle/FeatureSet;Lnet/minecraft/server/command/CommandManager$RegistrationEnvironment;Ljava/util/List;ILorg/spongepowered/asm/mixin/injection/callback/CallbackInfo;)V doesn't use it's CallbackInfo
[14:23:36] [main/DEBUG] (FabricLoader/Mixin) fabric-lifecycle-events-v1.mixins.json:DataPackContentsMixin from mod fabric-lifecycle-events-v1->@Inject::init(Lnet/minecraft/registry/CombinedDynamicRegistries;Lnet/minecraft/registry/RegistryWrapper$WrapperLookup;Lnet/minecraft/resource/featuretoggle/FeatureSet;Lnet/minecraft/server/command/CommandManager$RegistrationEnvironment;Ljava/util/List;ILorg/spongepowered/asm/mixin/injection/callback/CallbackInfo;)V has 0 override(s) in child classes
[14:23:36] [main/DEBUG] (FabricLoader/Mixin) fabric-lifecycle-events-v1.mixins.json:DataPackContentsMixin from mod fabric-lifecycle-events-v1->@Inject::init(Lnet/minecraft/registry/CombinedDynamicRegistries;Lnet/minecraft/registry/RegistryWrapper$WrapperLookup;Lnet/minecraft/resource/featuretoggle/FeatureSet;Lnet/minecraft/server/command/CommandManager$RegistrationEnvironment;Ljava/util/List;ILorg/spongepowered/asm/mixin/injection/callback/CallbackInfo;)V won't be passed a CallbackInfo as a result
[14:23:36] [main/DEBUG] (FabricLoader/Mixin) fabric-lifecycle-events-v1.mixins.json:DataPackContentsMixin from mod fabric-lifecycle-events-v1->@Inject::hookRefresh(Lorg/spongepowered/asm/mixin/injection/callback/CallbackInfo;)V doesn't use it's CallbackInfo
[14:23:36] [main/DEBUG] (FabricLoader/Mixin) fabric-lifecycle-events-v1.mixins.json:DataPackContentsMixin from mod fabric-lifecycle-events-v1->@Inject::hookRefresh(Lorg/spongepowered/asm/mixin/injection/callback/CallbackInfo;)V has 0 override(s) in child classes
[14:23:36] [main/DEBUG] (FabricLoader/Mixin) fabric-lifecycle-events-v1.mixins.json:DataPackContentsMixin from mod fabric-lifecycle-events-v1->@Inject::hookRefresh(Lorg/spongepowered/asm/mixin/injection/callback/CallbackInfo;)V won't be passed a CallbackInfo as a result
[14:23:36] [main/DEBUG] (FabricLoader/Mixin) Mixing SaveLoadingMixin from fabric-registry-sync-v0.mixins.json into net.minecraft.server.SaveLoading
[14:23:36] [main/DEBUG] (FabricLoader/Mixin) Mixing ServerPlayerInteractionManagerMixin from fabric-events-interaction-v0.mixins.json into net.minecraft.server.network.ServerPlayerInteractionManager
[14:23:36] [main/DEBUG] (FabricLoader/Mixin) fabric-events-interaction-v0.mixins.json:ServerPlayerInteractionManagerMixin from mod fabric-events-interaction-v0->@Inject::startBlockBreak(Lnet/minecraft/util/math/BlockPos;Lnet/minecraft/network/packet/c2s/play/PlayerActionC2SPacket$Action;Lnet/minecraft/util/math/Direction;IILorg/spongepowered/asm/mixin/injection/callback/CallbackInfo;)V does use it's CallbackInfo
[14:23:36] [main/DEBUG] (FabricLoader/Mixin) fabric-events-interaction-v0.mixins.json:ServerPlayerInteractionManagerMixin from mod fabric-events-interaction-v0->@Inject::interactBlock(Lnet/minecraft/server/network/ServerPlayerEntity;Lnet/minecraft/world/World;Lnet/minecraft/item/ItemStack;Lnet/minecraft/util/Hand;Lnet/minecraft/util/hit/BlockHitResult;Lorg/spongepowered/asm/mixin/injection/callback/CallbackInfoReturnable;)V does use it's CallbackInfoReturnable
[14:23:36] [main/DEBUG] (FabricLoader/Mixin) fabric-events-interaction-v0.mixins.json:ServerPlayerInteractionManagerMixin from mod fabric-events-interaction-v0->@Inject::interactItem(Lnet/minecraft/server/network/ServerPlayerEntity;Lnet/minecraft/world/World;Lnet/minecraft/item/ItemStack;Lnet/minecraft/util/Hand;Lorg/spongepowered/asm/mixin/injection/callback/CallbackInfoReturnable;)V does use it's CallbackInfoReturnable
[14:23:36] [main/DEBUG] (FabricLoader/Mixin) fabric-events-interaction-v0.mixins.json:ServerPlayerInteractionManagerMixin from mod fabric-events-interaction-v0->@Inject::breakBlock(Lnet/minecraft/util/math/BlockPos;Lorg/spongepowered/asm/mixin/injection/callback/CallbackInfoReturnable;)V does use it's CallbackInfoReturnable
[14:23:36] [main/DEBUG] (FabricLoader/Mixin) fabric-events-interaction-v0.mixins.json:ServerPlayerInteractionManagerMixin from mod fabric-events-interaction-v0->@Inject::onBlockBroken(Lnet/minecraft/util/math/BlockPos;Lorg/spongepowered/asm/mixin/injection/callback/CallbackInfoReturnable;)V doesn't use it's CallbackInfoReturnable
[14:23:36] [main/DEBUG] (FabricLoader/Mixin) fabric-events-interaction-v0.mixins.json:ServerPlayerInteractionManagerMixin from mod fabric-events-interaction-v0->@Inject::onBlockBroken(Lnet/minecraft/util/math/BlockPos;Lorg/spongepowered/asm/mixin/injection/callback/CallbackInfoReturnable;)V has 0 override(s) in child classes
[14:23:36] [main/DEBUG] (FabricLoader/Mixin) fabric-events-interaction-v0.mixins.json:ServerPlayerInteractionManagerMixin from mod fabric-events-interaction-v0->@Inject::onBlockBroken(Lnet/minecraft/util/math/BlockPos;Lorg/spongepowered/asm/mixin/injection/callback/CallbackInfoReturnable;)V won't be passed a CallbackInfoReturnable as a result
[14:23:36] [main/DEBUG] (net.fabricmc.fabric.impl.resource.loader.ModResourcePackUtil) [Fabric] Starting internal pack sorting with: [fabric, fabric-convention-tags-v2, fabric-gametest-api-v1]
[14:23:36] [main/DEBUG] (net.fabricmc.fabric.impl.resource.loader.ModResourcePackUtil) [Fabric] Removed all internal packs, result: [fabric]
[14:23:36] [main/DEBUG] (net.fabricmc.fabric.impl.resource.loader.ModResourcePackUtil) [Fabric] cur @ fabric, auto-enabled fabric-convention-tags-v2, currently enabled: [fabric, fabric-convention-tags-v2]
[14:23:36] [main/DEBUG] (net.fabricmc.fabric.impl.resource.loader.ModResourcePackUtil) [Fabric] cur @ fabric, auto-enabled fabric-gametest-api-v1, currently enabled: [fabric, fabric-convention-tags-v2, fabric-gametest-api-v1]
[14:23:36] [main/DEBUG] (net.fabricmc.fabric.impl.resource.loader.ModResourcePackUtil) [Fabric] Final sorting result: [fabric, fabric-convention-tags-v2, fabric-gametest-api-v1]
[14:23:36] [main/DEBUG] (net.fabricmc.fabric.impl.resource.loader.ModResourcePackUtil) [Fabric] Starting internal pack sorting with: [vanilla, fabric, fabric-convention-tags-v2, fabric-gametest-api-v1, file/Lor_G4.zip]
[14:23:36] [main/DEBUG] (net.fabricmc.fabric.impl.resource.loader.ModResourcePackUtil) [Fabric] Removed all internal packs, result: [vanilla, fabric, file/Lor_G4.zip]
[14:23:36] [main/DEBUG] (net.fabricmc.fabric.impl.resource.loader.ModResourcePackUtil) [Fabric] cur @ fabric, auto-enabled fabric-convention-tags-v2, currently enabled: [vanilla, fabric, fabric-convention-tags-v2]
[14:23:36] [main/DEBUG] (net.fabricmc.fabric.impl.resource.loader.ModResourcePackUtil) [Fabric] cur @ fabric, auto-enabled fabric-gametest-api-v1, currently enabled: [vanilla, fabric, fabric-convention-tags-v2, fabric-gametest-api-v1]
[14:23:36] [main/DEBUG] (net.fabricmc.fabric.impl.resource.loader.ModResourcePackUtil) [Fabric] Final sorting result: [vanilla, fabric, fabric-convention-tags-v2, fabric-gametest-api-v1, file/Lor_G4.zip]
[14:23:36] [main/DEBUG] (FabricLoader/Mixin) Mixing LifecycledResourceManagerImplMixin from fabric-resource-loader-v0.mixins.json into net.minecraft.resource.LifecycledResourceManagerImpl
[14:23:36] [main/DEBUG] (FabricLoader/Mixin) fabric-resource-loader-v0.mixins.json:LifecycledResourceManagerImplMixin from mod fabric-resource-loader-v0->@Inject::init(Lnet/minecraft/resource/ResourceType;Ljava/util/List;Lorg/spongepowered/asm/mixin/injection/callback/CallbackInfo;)V doesn't use it's CallbackInfo
[14:23:36] [main/DEBUG] (FabricLoader/Mixin) fabric-resource-loader-v0.mixins.json:LifecycledResourceManagerImplMixin from mod fabric-resource-loader-v0->@Inject::init(Lnet/minecraft/resource/ResourceType;Ljava/util/List;Lorg/spongepowered/asm/mixin/injection/callback/CallbackInfo;)V has 0 override(s) in child classes
[14:23:36] [main/DEBUG] (FabricLoader/Mixin) fabric-resource-loader-v0.mixins.json:LifecycledResourceManagerImplMixin from mod fabric-resource-loader-v0->@Inject::init(Lnet/minecraft/resource/ResourceType;Ljava/util/List;Lorg/spongepowered/asm/mixin/injection/callback/CallbackInfo;)V won't be passed a CallbackInfo as a result
[14:23:36] [main/DEBUG] (FabricLoader/Mixin) Mixing modification.DynamicRegistryManagerImmutableImplMixin from fabric-biome-api-v1.mixins.json into net.minecraft.registry.DynamicRegistryManager$ImmutableImpl
[14:23:36] [main/DEBUG] (FabricLoader/Mixin) Mixing ResourceMixin from fabric-resource-loader-v0.mixins.json into net.minecraft.resource.Resource
[14:23:36] [main/DEBUG] (FabricLoader/Mixin) Mixing SimpleRegistry2Mixin from fabric-tag-api-v1.mixins.json into net.minecraft.registry.SimpleRegistry$2
[14:23:36] [main/DEBUG] (FabricLoader/Mixin) Mixing SimpleRegistry3Mixin from fabric-tag-api-v1.mixins.json into net.minecraft.registry.SimpleRegistry$3
[14:23:36] [main/DEBUG] (FabricLoader/Mixin) fabric-tag-api-v1.mixins.json:SimpleRegistry3Mixin from mod fabric-tag-api-v1->@Inject::applyTagAliases(Lorg/spongepowered/asm/mixin/injection/callback/CallbackInfo;)V doesn't use it's CallbackInfo
[14:23:36] [main/DEBUG] (FabricLoader/Mixin) fabric-tag-api-v1.mixins.json:SimpleRegistry3Mixin from mod fabric-tag-api-v1->@Inject::applyTagAliases(Lorg/spongepowered/asm/mixin/injection/callback/CallbackInfo;)V has 0 override(s) in child classes
[14:23:36] [main/DEBUG] (FabricLoader/Mixin) fabric-tag-api-v1.mixins.json:SimpleRegistry3Mixin from mod fabric-tag-api-v1->@Inject::applyTagAliases(Lorg/spongepowered/asm/mixin/injection/callback/CallbackInfo;)V won't be passed a CallbackInfo as a result
[14:23:36] [main/DEBUG] (FabricLoader/Mixin) Mixing RegistryLoaderMixin from fabric-resource-conditions-api-v1.mixins.json into net.minecraft.registry.RegistryLoader
[14:23:36] [main/DEBUG] (FabricLoader/Mixin) Mixing RegistryLoaderMixin from fabric-gametest-api-v1.mixins.json into net.minecraft.registry.RegistryLoader
[14:23:36] [main/DEBUG] (FabricLoader/Mixin) Renaming synthetic method lambda$loadFromResources$0(Lnet/minecraft/registry/RegistryLoader$Entry;)Z to md0fa23f$fabric-gametest-api-v1$lambda$loadFromResources$0$0 in fabric-gametest-api-v1.mixins.json:RegistryLoaderMixin from mod fabric-gametest-api-v1
[14:23:36] [main/DEBUG] (FabricLoader/Mixin) Mixing RegistryLoaderMixin from fabric-item-api-v1.mixins.json into net.minecraft.registry.RegistryLoader
[14:23:36] [main/DEBUG] (FabricLoader/Mixin) Mixing RegistryLoaderMixin from fabric-registry-sync-v0.mixins.json into net.minecraft.registry.RegistryLoader
[14:23:36] [main/DEBUG] (FabricLoader/Mixin) Renaming synthetic method lambda$static$0()Ljava/lang/Boolean; to md0fa23f$fabric-registry-sync-v0$lambda$static$0$1 in fabric-registry-sync-v0.mixins.json:RegistryLoaderMixin from mod fabric-registry-sync-v0
[14:23:36] [main/DEBUG] (FabricLoader/Mixin) fabric-resource-conditions-api-v1.mixins.json:RegistryLoaderMixin from mod fabric-resource-conditions-api-v1->@Inject::captureRegistries(Lnet/minecraft/resource/ResourceManager;Lnet/minecraft/registry/RegistryOps$RegistryInfoGetter;Lnet/minecraft/registry/MutableRegistry;Lcom/mojang/serialization/Decoder;Ljava/util/Map;Lorg/spongepowered/asm/mixin/injection/callback/CallbackInfo;)V doesn't use it's CallbackInfo
[14:23:36] [main/DEBUG] (FabricLoader/Mixin) fabric-resource-conditions-api-v1.mixins.json:RegistryLoaderMixin from mod fabric-resource-conditions-api-v1->@Inject::releaseRegistries(Lnet/minecraft/resource/ResourceManager;Lnet/minecraft/registry/RegistryOps$RegistryInfoGetter;Lnet/minecraft/registry/MutableRegistry;Lcom/mojang/serialization/Decoder;Ljava/util/Map;Lorg/spongepowered/asm/mixin/injection/callback/CallbackInfo;)V doesn't use it's CallbackInfo
[14:23:36] [main/DEBUG] (FabricLoader/Mixin) fabric-resource-conditions-api-v1.mixins.json:RegistryLoaderMixin from mod fabric-resource-conditions-api-v1->@Inject::checkResourceCondition(Lnet/minecraft/registry/MutableRegistry;Lcom/mojang/serialization/Decoder;Lnet/minecraft/registry/RegistryOps;Lnet/minecraft/registry/RegistryKey;Lnet/minecraft/resource/Resource;Lnet/minecraft/registry/entry/RegistryEntryInfo;Lorg/spongepowered/asm/mixin/injection/callback/CallbackInfo;)V does use it's CallbackInfo
[14:23:36] [main/DEBUG] (FabricLoader/Mixin) fabric-gametest-api-v1.mixins.json:RegistryLoaderMixin from mod fabric-gametest-api-v1->@Inject::loadFromResources(Lnet/minecraft/resource/ResourceManager;Ljava/util/List;Ljava/util/List;Lorg/spongepowered/asm/mixin/injection/callback/CallbackInfoReturnable;)V doesn't use it's CallbackInfoReturnable
[14:23:36] [main/DEBUG] (FabricLoader/Mixin) fabric-gametest-api-v1.mixins.json:RegistryLoaderMixin from mod fabric-gametest-api-v1->@Inject::beforeFreeze(Ljava/lang/Object;Ljava/util/List;Ljava/util/List;Lorg/spongepowered/asm/mixin/injection/callback/CallbackInfoReturnable;)V doesn't use it's CallbackInfoReturnable
[14:23:36] [main/DEBUG] (FabricLoader/Mixin) fabric-registry-sync-v0.mixins.json:RegistryLoaderMixin from mod fabric-registry-sync-v0->@Inject::beforeLoad(Ljava/lang/Object;Ljava/util/List;Ljava/util/List;Lorg/spongepowered/asm/mixin/injection/callback/CallbackInfoReturnable;)V doesn't use it's CallbackInfoReturnable
[14:23:36] [main/WARN] (net.minecraft.world.gen.densityfunction.DensityFunctionTypes$BinaryOperationLike) Creating a MIN function between two non-overlapping inputs: RegistryEntryHolder[function=Direct{BinaryOperation[type=ADD, argument1=RegistryEntryHolder[function=Direct{BinaryOperation[type=MUL, argument1=RegistryEntryHolder[function=Direct{Constant[value=4.0]}], argument2=RegistryEntryHolder[function=Direct{UnaryOperation[type=SQUARE, input=RegistryEntryHolder[function=Direct{Constant[value=6.0]}], minValue=6.0, maxValue=36.0]}], minValue=24.0, maxValue=144.0]}], argument2=RegistryEntryHolder[function=Direct{BinaryOperation[type=ADD, argument1=RegistryEntryHolder[function=Direct{Clamp[input=BinaryOperation[type=ADD, argument1=RegistryEntryHolder[function=Direct{Constant[value=0.27]}], argument2=RegistryEntryHolder[function=Direct{UnaryOperation[type=CUBE, input=RegistryEntryHolder[function=Direct{Constant[value=5.0]}], minValue=125.0, maxValue=125.0]}], minValue=125.27, maxValue=125.27], minValue=-1.0, maxValue=1.0]}], argument2=RegistryEntryHolder[function=Direct{Clamp[input=BinaryOperation[type=ADD, argument1=RegistryEntryHolder[function=Direct{Constant[value=1.5]}], argument2=RegistryEntryHolder[function=Direct{BinaryOperation[type=MUL, argument1=RegistryEntryHolder[function=Direct{Constant[value=-0.64]}], argument2=RegistryEntryHolder[function=Direct{UnaryOperation[type=CUBE, input=RegistryEntryHolder[function=Direct{Constant[value=1.0]}], minValue=1.0, maxValue=1.0]}], minValue=-0.64, maxValue=-0.64]}], minValue=0.86, maxValue=0.86], minValue=0.0, maxValue=0.5]}], minValue=-1.0, maxValue=1.5]}], minValue=23.0, maxValue=145.5]}] and RegistryEntryHolder[function=Direct{Constant[value=3.0]}]
[14:23:36] [main/WARN] (net.minecraft.world.gen.densityfunction.DensityFunctionTypes$BinaryOperationLike) Creating a MIN function between two non-overlapping inputs: RegistryEntryHolder[function=Direct{BinaryOperation[type=MIN, argument1=RegistryEntryHolder[function=Direct{BinaryOperation[type=ADD, argument1=RegistryEntryHolder[function=Direct{BinaryOperation[type=MUL, argument1=RegistryEntryHolder[function=Direct{Constant[value=4.0]}], argument2=RegistryEntryHolder[function=Direct{UnaryOperation[type=SQUARE, input=RegistryEntryHolder[function=Direct{Constant[value=6.0]}], minValue=6.0, maxValue=36.0]}], minValue=24.0, maxValue=144.0]}], argument2=RegistryEntryHolder[function=Direct{BinaryOperation[type=ADD, argument1=RegistryEntryHolder[function=Direct{Clamp[input=BinaryOperation[type=ADD, argument1=RegistryEntryHolder[function=Direct{Constant[value=0.27]}], argument2=RegistryEntryHolder[function=Direct{UnaryOperation[type=CUBE, input=RegistryEntryHolder[function=Direct{Constant[value=5.0]}], minValue=125.0, maxValue=125.0]}], minValue=125.27, maxValue=125.27], minValue=-1.0, maxValue=1.0]}], argument2=RegistryEntryHolder[function=Direct{Clamp[input=BinaryOperation[type=ADD, argument1=RegistryEntryHolder[function=Direct{Constant[value=1.5]}], argument2=RegistryEntryHolder[function=Direct{BinaryOperation[type=MUL, argument1=RegistryEntryHolder[function=Direct{Constant[value=-0.64]}], argument2=RegistryEntryHolder[function=Direct{UnaryOperation[type=CUBE, input=RegistryEntryHolder[function=Direct{Constant[value=1.0]}], minValue=1.0, maxValue=1.0]}], minValue=-0.64, maxValue=-0.64]}], minValue=0.86, maxValue=0.86], minValue=0.0, maxValue=0.5]}], minValue=-1.0, maxValue=1.5]}], minValue=23.0, maxValue=145.5]}], argument2=RegistryEntryHolder[function=Direct{Constant[value=3.0]}], minValue=3.0, maxValue=3.0]}] and RegistryEntryHolder[function=Direct{BinaryOperation[type=ADD, argument1=RegistryEntryHolder[function=Direct{UnaryOperation[type=CUBE, input=RegistryEntryHolder[function=Direct{Constant[value=2.0]}], minValue=8.0, maxValue=8.0]}], argument2=RegistryEntryHolder[function=Direct{UnaryOperation[type=CUBE, input=RegistryEntryHolder[function=Direct{Constant[value=1.0]}], minValue=1.0, maxValue=1.0]}], minValue=9.0, maxValue=9.0]}]
[14:23:36] [main/WARN] (net.minecraft.world.gen.densityfunction.DensityFunctionTypes$BinaryOperationLike) Creating a MAX function between two non-overlapping inputs: RegistryEntryHolder[function=Direct{BinaryOperation[type=MIN, argument1=RegistryEntryHolder[function=Direct{BinaryOperation[type=MIN, argument1=RegistryEntryHolder[function=Direct{BinaryOperation[type=ADD, argument1=RegistryEntryHolder[function=Direct{BinaryOperation[type=MUL, argument1=RegistryEntryHolder[function=Direct{Constant[value=4.0]}], argument2=RegistryEntryHolder[function=Direct{UnaryOperation[type=SQUARE, input=RegistryEntryHolder[function=Direct{Constant[value=6.0]}], minValue=6.0, maxValue=36.0]}], minValue=24.0, maxValue=144.0]}], argument2=RegistryEntryHolder[function=Direct{BinaryOperation[type=ADD, argument1=RegistryEntryHolder[function=Direct{Clamp[input=BinaryOperation[type=ADD, argument1=RegistryEntryHolder[function=Direct{Constant[value=0.27]}], argument2=RegistryEntryHolder[function=Direct{UnaryOperation[type=CUBE, input=RegistryEntryHolder[function=Direct{Constant[value=5.0]}], minValue=125.0, maxValue=125.0]}], minValue=125.27, maxValue=125.27], minValue=-1.0, maxValue=1.0]}], argument2=RegistryEntryHolder[function=Direct{Clamp[input=BinaryOperation[type=ADD, argument1=RegistryEntryHolder[function=Direct{Constant[value=1.5]}], argument2=RegistryEntryHolder[function=Direct{BinaryOperation[type=MUL, argument1=RegistryEntryHolder[function=Direct{Constant[value=-0.64]}], argument2=RegistryEntryHolder[function=Direct{UnaryOperation[type=CUBE, input=RegistryEntryHolder[function=Direct{Constant[value=1.0]}], minValue=1.0, maxValue=1.0]}], minValue=-0.64, maxValue=-0.64]}], minValue=0.86, maxValue=0.86], minValue=0.0, maxValue=0.5]}], minValue=-1.0, maxValue=1.5]}], minValue=23.0, maxValue=145.5]}], argument2=RegistryEntryHolder[function=Direct{Constant[value=3.0]}], minValue=3.0, maxValue=3.0]}], argument2=RegistryEntryHolder[function=Direct{BinaryOperation[type=ADD, argument1=RegistryEntryHolder[function=Direct{UnaryOperation[type=CUBE, input=RegistryEntryHolder[function=Direct{Constant[value=2.0]}], minValue=8.0, maxValue=8.0]}], argument2=RegistryEntryHolder[function=Direct{UnaryOperation[type=CUBE, input=RegistryEntryHolder[function=Direct{Constant[value=1.0]}], minValue=1.0, maxValue=1.0]}], minValue=9.0, maxValue=9.0]}], minValue=3.0, maxValue=3.0]}] and RegistryEntryHolder[function=Direct{RangeChoice[input=RegistryEntryHolder[function=Direct{Constant[value=1.0]}], minInclusive=-1000000.0, maxExclusive=0.03, whenInRange=RegistryEntryHolder[function=Direct{Constant[value=-1000000.0]}], whenOutOfRange=RegistryEntryHolder[function=Direct{Constant[value=1.0]}]]}]
[14:23:36] [main/WARN] (net.minecraft.world.gen.densityfunction.DensityFunctionTypes$BinaryOperationLike) Creating a MIN function between two non-overlapping inputs: RegistryEntryHolder[function=Direct{UnaryOperation[type=SQUEEZE, input=RegistryEntryHolder[function=Direct{BinaryOperation[type=MUL, argument1=RegistryEntryHolder[function=Direct{Constant[value=0.64]}], argument2=RegistryEntryHolder[function=Direct{Wrapping[type=Interpolated, wrapped=RegistryEntryHolder[function=Direct{BlendDensity[input=RegistryEntryHolder[function=Direct{BinaryOperation[type=ADD, argument1=RegistryEntryHolder[function=Direct{Constant[value=0.1171875]}], argument2=RegistryEntryHolder[function=Direct{BinaryOperation[type=MUL, argument1=RegistryEntryHolder[function=Direct{YClampedGradient[fromY=-64, toY=-40, fromValue=0.0, toValue=1.0]}], argument2=RegistryEntryHolder[function=Direct{BinaryOperation[type=ADD, argument1=RegistryEntryHolder[function=Direct{Constant[value=-0.1171875]}], argument2=RegistryEntryHolder[function=Direct{BinaryOperation[type=ADD, argument1=RegistryEntryHolder[function=Direct{Constant[value=-0.078125]}], argument2=RegistryEntryHolder[function=Direct{BinaryOperation[type=MUL, argument1=RegistryEntryHolder[function=Direct{YClampedGradient[fromY=240, toY=256, fromValue=1.0, toValue=0.0]}], argument2=RegistryEntryHolder[function=Direct{BinaryOperation[type=ADD, argument1=RegistryEntryHolder[function=Direct{Constant[value=0.078125]}], argument2=RegistryEntryHolder[function=Direct{RangeChoice[input=RegistryEntryHolder[function=Reference{ResourceKey[minecraft:worldgen/density_function / minecraft:overworld/sloped_cheese]=null}], minInclusive=-1000000.0, maxExclusive=1.5625, whenInRange=RegistryEntryHolder[function=Direct{BinaryOperation[type=MIN, argument1=RegistryEntryHolder[function=Reference{ResourceKey[minecraft:worldgen/density_function / minecraft:overworld/sloped_cheese]=null}], argument2=RegistryEntryHolder[function=Direct{BinaryOperation[type=MUL, argument1=RegistryEntryHolder[function=Direct{Constant[value=5.0]}], argument2=RegistryEntryHolder[function=Direct{BlendDensity[input=RegistryEntryHolder[function=Direct{Constant[value=6.0]}]]}], minValue=-Infinity, maxValue=Infinity]}], minValue=-Infinity, maxValue=Infinity]}], whenOutOfRange=RegistryEntryHolder[function=Direct{BinaryOperation[type=MAX, argument1=RegistryEntryHolder[function=Direct{BinaryOperation[type=MIN, argument1=RegistryEntryHolder[function=Direct{BinaryOperation[type=MIN, argument1=RegistryEntryHolder[function=Direct{BinaryOperation[type=ADD, argument1=RegistryEntryHolder[function=Direct{BinaryOperation[type=MUL, argument1=RegistryEntryHolder[function=Direct{Constant[value=4.0]}], argument2=RegistryEntryHolder[function=Direct{UnaryOperation[type=SQUARE, input=RegistryEntryHolder[function=Direct{Constant[value=6.0]}], minValue=6.0, maxValue=36.0]}], minValue=24.0, maxValue=144.0]}], argument2=RegistryEntryHolder[function=Direct{BinaryOperation[type=ADD, argument1=RegistryEntryHolder[function=Direct{Clamp[input=BinaryOperation[type=ADD, argument1=RegistryEntryHolder[function=Direct{Constant[value=0.27]}], argument2=RegistryEntryHolder[function=Direct{UnaryOperation[type=CUBE, input=RegistryEntryHolder[function=Direct{Constant[value=5.0]}], minValue=125.0, maxValue=125.0]}], minValue=125.27, maxValue=125.27], minValue=-1.0, maxValue=1.0]}], argument2=RegistryEntryHolder[function=Direct{Clamp[input=BinaryOperation[type=ADD, argument1=RegistryEntryHolder[function=Direct{Constant[value=1.5]}], argument2=RegistryEntryHolder[function=Direct{BinaryOperation[type=MUL, argument1=RegistryEntryHolder[function=Direct{Constant[value=-0.64]}], argument2=RegistryEntryHolder[function=Direct{UnaryOperation[type=CUBE, input=RegistryEntryHolder[function=Direct{Constant[value=1.0]}], minValue=1.0, maxValue=1.0]}], minValue=-0.64, maxValue=-0.64]}], minValue=0.86, maxValue=0.86], minValue=0.0, maxValue=0.5]}], minValue=-1.0, maxValue=1.5]}], minValue=23.0, maxValue=145.5]}], argument2=RegistryEntryHolder[function=Direct{Constant[value=3.0]}], minValue=3.0, maxValue=3.0]}], argument2=RegistryEntryHolder[function=Direct{BinaryOperation[type=ADD, argument1=RegistryEntryHolder[function=Direct{UnaryOperation[type=CUBE, input=RegistryEntryHolder[function=Direct{Constant[value=2.0]}], minValue=8.0, maxValue=8.0]}], argument2=RegistryEntryHolder[function=Direct{UnaryOperation[type=CUBE, input=RegistryEntryHolder[function=Direct{Constant[value=1.0]}], minValue=1.0, maxValue=1.0]}], minValue=9.0, maxValue=9.0]}], minValue=3.0, maxValue=3.0]}], argument2=RegistryEntryHolder[function=Direct{RangeChoice[input=RegistryEntryHolder[function=Direct{Constant[value=1.0]}], minInclusive=-1000000.0, maxExclusive=0.03, whenInRange=RegistryEntryHolder[function=Direct{Constant[value=-1000000.0]}], whenOutOfRange=RegistryEntryHolder[function=Direct{Constant[value=1.0]}]]}], minValue=3.0, maxValue=3.0]}]]}], minValue=-Infinity, maxValue=Infinity]}], minValue=NaN, maxValue=NaN]}], minValue=NaN, maxValue=NaN]}], minValue=NaN, maxValue=NaN]}], minValue=NaN, maxValue=NaN]}], minValue=NaN, maxValue=NaN]}]]}]]}], minValue=-Infinity, maxValue=Infinity]}], minValue=-0.4583333333333333, maxValue=0.4583333333333333]}] and RegistryEntryHolder[function=Direct{UnaryOperation[type=CUBE, input=RegistryEntryHolder[function=Direct{Constant[value=3.0]}], minValue=27.0, maxValue=27.0]}]
[14:23:37] [main/DEBUG] (FabricLoader/Mixin) Mixing EnchantmentBuilderAccessor from fabric-item-api-v1.mixins.json into net.minecraft.enchantment.Enchantment$Builder
[14:23:37] [main/DEBUG] (FabricLoader/Mixin) Mixing EnchantmentBuilderMixin from fabric-item-api-v1.mixins.json into net.minecraft.enchantment.Enchantment$Builder
[14:23:37] [main/DEBUG] (FabricLoader/Mixin) fabric-item-api-v1.mixins.json:EnchantmentBuilderMixin from mod fabric-item-api-v1->@Inject::markModified(Lorg/spongepowered/asm/mixin/injection/callback/CallbackInfoReturnable;)V does use it's CallbackInfo
[14:23:37] [main/DEBUG] (FabricLoader/Mixin) fabric-item-api-v1.mixins.json:EnchantmentBuilderMixin from mod fabric-item-api-v1->@Inject::markModified(Lorg/spongepowered/asm/mixin/injection/callback/CallbackInfoReturnable;)V does use it's CallbackInfoReturnable
[14:23:37] [main/DEBUG] (FabricLoader/Mixin) fabric-item-api-v1.mixins.json:EnchantmentBuilderMixin from mod fabric-item-api-v1->@Inject::markModified(Lorg/spongepowered/asm/mixin/injection/callback/CallbackInfoReturnable;)V does use it's CallbackInfoReturnable
[14:23:37] [main/DEBUG] (FabricLoader/Mixin) fabric-item-api-v1.mixins.json:EnchantmentBuilderMixin from mod fabric-item-api-v1->@Inject::markModified(Lorg/spongepowered/asm/mixin/injection/callback/CallbackInfoReturnable;)V does use it's CallbackInfoReturnable
[14:23:37] [main/DEBUG] (FabricLoader/Mixin) fabric-item-api-v1.mixins.json:EnchantmentBuilderMixin from mod fabric-item-api-v1->@Inject::markModified(Lorg/spongepowered/asm/mixin/injection/callback/CallbackInfoReturnable;)V does use it's CallbackInfoReturnable
[14:23:37] [main/DEBUG] (FabricLoader/Mixin) fabric-item-api-v1.mixins.json:EnchantmentBuilderMixin from mod fabric-item-api-v1->@Inject::markModified(Lorg/spongepowered/asm/mixin/injection/callback/CallbackInfoReturnable;)V does use it's CallbackInfoReturnable
[14:23:37] [main/DEBUG] (FabricLoader/Mixin) fabric-item-api-v1.mixins.json:EnchantmentBuilderMixin from mod fabric-item-api-v1->@Inject::markModified(Lorg/spongepowered/asm/mixin/injection/callback/CallbackInfoReturnable;)V does use it's CallbackInfoReturnable
[14:23:37] [main/DEBUG] (FabricLoader/Mixin) fabric-item-api-v1.mixins.json:EnchantmentBuilderMixin from mod fabric-item-api-v1->@Inject::markModified(Lorg/spongepowered/asm/mixin/injection/callback/CallbackInfoReturnable;)V does use it's CallbackInfoReturnable
[14:23:37] [main/DEBUG] (FabricLoader/Mixin) fabric-item-api-v1.mixins.json:EnchantmentBuilderMixin from mod fabric-item-api-v1->@Inject::markModified(Lorg/spongepowered/asm/mixin/injection/callback/CallbackInfoReturnable;)V does use it's CallbackInfoReturnable
[14:23:37] [main/DEBUG] (FabricLoader/Mixin) fabric-item-api-v1.mixins.json:EnchantmentBuilderMixin from mod fabric-item-api-v1->@Inject::markModified(Lorg/spongepowered/asm/mixin/injection/callback/CallbackInfoReturnable;)V does use it's CallbackInfoReturnable
[14:23:37] [main/DEBUG] (FabricLoader/Mixin) fabric-item-api-v1.mixins.json:EnchantmentBuilderMixin from mod fabric-item-api-v1->@Inject::markModified(Lorg/spongepowered/asm/mixin/injection/callback/CallbackInfoReturnable;)V does use it's CallbackInfoReturnable
[14:23:37] [main/DEBUG] (FabricLoader/Mixin) fabric-item-api-v1.mixins.json:EnchantmentBuilderMixin from mod fabric-item-api-v1->@Inject::markModified(Lorg/spongepowered/asm/mixin/injection/callback/CallbackInfoReturnable;)V does use it's CallbackInfoReturnable
[14:23:37] [main/DEBUG] (FabricLoader/Mixin) Mixing DimensionOptionsRegistryHolderMixin from fabric-dimensions-v1.mixins.json into net.minecraft.world.dimension.DimensionOptionsRegistryHolder
[14:23:37] [main/DEBUG] (FabricLoader/Mixin) Mixing ReloadableRegistriesMixin from fabric-resource-conditions-api-v1.mixins.json into net.minecraft.registry.ReloadableRegistries
[14:23:37] [main/DEBUG] (FabricLoader/Mixin) Mixing ReloadableRegistriesMixin from fabric-loot-api-v3.mixins.json into net.minecraft.registry.ReloadableRegistries
[14:23:37] [main/DEBUG] (FabricLoader/Mixin) Renaming synthetic method lambda$onLootTablesLoaded$2(Lnet/minecraft/registry/entry/RegistryEntry$Reference;)V to md0fa23f$fabric-loot-api-v3$lambda$onLootTablesLoaded$2$0 in fabric-loot-api-v3.mixins.json:ReloadableRegistriesMixin from mod fabric-loot-api-v3
[14:23:37] [main/DEBUG] (FabricLoader/Mixin) Renaming synthetic method lambda$modifyLootTable$1(Lnet/minecraft/registry/RegistryOps;Lnet/minecraft/util/Identifier;Ljava/lang/Object;)Ljava/lang/Object; to md0fa23f$fabric-loot-api-v3$lambda$modifyLootTable$1$1 in fabric-loot-api-v3.mixins.json:ReloadableRegistriesMixin from mod fabric-loot-api-v3
[14:23:37] [main/DEBUG] (FabricLoader/Mixin) Renaming synthetic method lambda$removeOps$0(Lnet/minecraft/registry/RegistryOps;Ljava/util/List;)Ljava/util/List; to md0fa23f$fabric-loot-api-v3$lambda$removeOps$0$2 in fabric-loot-api-v3.mixins.json:ReloadableRegistriesMixin from mod fabric-loot-api-v3
[14:23:37] [main/DEBUG] (FabricLoader/Mixin) fabric-resource-conditions-api-v1.mixins.json:ReloadableRegistriesMixin from mod fabric-resource-conditions-api-v1->@Inject::storeWrapperLookup(Lnet/minecraft/registry/CombinedDynamicRegistries;Ljava/util/List;Lnet/minecraft/resource/ResourceManager;Ljava/util/concurrent/Executor;Lorg/spongepowered/asm/mixin/injection/callback/CallbackInfoReturnable;)V doesn't use it's CallbackInfoReturnable
[14:23:37] [main/DEBUG] (FabricLoader/Mixin) fabric-loot-api-v3.mixins.json:ReloadableRegistriesMixin from mod fabric-loot-api-v3->@Inject::modifyLootTable(Lnet/minecraft/loot/LootDataType;Lnet/minecraft/resource/ResourceManager;Lnet/minecraft/registry/RegistryOps;Lorg/spongepowered/asm/mixin/injection/callback/CallbackInfoReturnable;)V doesn't use it's CallbackInfoReturnable
[14:23:37] [main/DEBUG] (FabricLoader/Mixin) fabric-loot-api-v3.mixins.json:ReloadableRegistriesMixin from mod fabric-loot-api-v3->@Inject::onLootTablesLoaded(Lnet/minecraft/loot/LootDataType;Lnet/minecraft/resource/ResourceManager;Lnet/minecraft/registry/RegistryOps;Lorg/spongepowered/asm/mixin/injection/callback/CallbackInfoReturnable;)V does use it's CallbackInfoReturnable
[14:23:37] [Worker-Main-1/DEBUG] (FabricLoader/Mixin) Mixing JsonDataLoaderMixin from fabric-resource-conditions-api-v1.mixins.json into net.minecraft.resource.JsonDataLoader
[14:23:37] [Worker-Main-1/DEBUG] (FabricLoader/Mixin) Mixing JsonDataLoaderMixin from fabric-loot-api-v3.mixins.json into net.minecraft.resource.JsonDataLoader
[14:23:37] [Worker-Main-1/DEBUG] (FabricLoader/Mixin) fabric-resource-conditions-api-v1.mixins.json:JsonDataLoaderMixin from mod fabric-resource-conditions-api-v1->@Inject::skipData(Ljava/util/Map;Lnet/minecraft/util/Identifier;Ljava/lang/Object;Lorg/spongepowered/asm/mixin/injection/callback/CallbackInfo;)V does use it's CallbackInfo
[14:23:37] [Worker-Main-1/DEBUG] (FabricLoader/Mixin) fabric-loot-api-v3.mixins.json:JsonDataLoaderMixin from mod fabric-loot-api-v3->@Inject::fillSourceMap(Lnet/minecraft/resource/ResourceManager;Lnet/minecraft/resource/ResourceFinder;Lcom/mojang/serialization/DynamicOps;Lcom/mojang/serialization/Codec;Ljava/util/Map;Lorg/spongepowered/asm/mixin/injection/callback/CallbackInfo;)V doesn't use it's CallbackInfo
[14:23:37] [Worker-Main-3/DEBUG] (FabricLoader/Mixin) Mixing LootPoolAccessor from fabric-loot-api-v3.mixins.json into net.minecraft.loot.LootPool
[14:23:37] [Worker-Main-3/DEBUG] (FabricLoader/Mixin) Mixing ServerRecipeManagerMixin from fabric-recipe-api-v1.mixins.json into net.minecraft.recipe.ServerRecipeManager
[14:23:37] [Worker-Main-3/DEBUG] (FabricLoader/Mixin) Mixing KeyedResourceReloadListenerMixin from fabric-resource-loader-v0.mixins.json into net.minecraft.recipe.ServerRecipeManager
[14:23:37] [Worker-Main-3/DEBUG] (FabricLoader/Mixin) Mixing ServerRecipeManagerMixin from fabric-resource-loader-v0.mixins.json into net.minecraft.recipe.ServerRecipeManager
[14:23:37] [Worker-Main-3/DEBUG] (FabricLoader/Mixin) Renaming @Unique field registriesLnet/minecraft/registry/RegistryWrapper$WrapperLookup; to fd0fa23f$fabric-resource-loader-v0$registries$0 in fabric-resource-loader-v0.mixins.json:ServerRecipeManagerMixin from mod fabric-resource-loader-v0
[14:23:37] [Worker-Main-3/DEBUG] (FabricLoader/Mixin) fabric-resource-loader-v0.mixins.json:ServerRecipeManagerMixin from mod fabric-resource-loader-v0->@Inject::init(Lnet/minecraft/registry/RegistryWrapper$WrapperLookup;Lorg/spongepowered/asm/mixin/injection/callback/CallbackInfo;)V doesn't use it's CallbackInfo
[14:23:37] [Worker-Main-3/DEBUG] (FabricLoader/Mixin) fabric-resource-loader-v0.mixins.json:ServerRecipeManagerMixin from mod fabric-resource-loader-v0->@Inject::init(Lnet/minecraft/registry/RegistryWrapper$WrapperLookup;Lorg/spongepowered/asm/mixin/injection/callback/CallbackInfo;)V has 0 override(s) in child classes
[14:23:37] [Worker-Main-3/DEBUG] (FabricLoader/Mixin) fabric-resource-loader-v0.mixins.json:ServerRecipeManagerMixin from mod fabric-resource-loader-v0->@Inject::init(Lnet/minecraft/registry/RegistryWrapper$WrapperLookup;Lorg/spongepowered/asm/mixin/injection/callback/CallbackInfo;)V won't be passed a CallbackInfo as a result
[14:23:37] [Worker-Main-3/DEBUG] (FabricLoader/Mixin) Mixing CommandManagerMixin from fabric-networking-api-v1.mixins.json into net.minecraft.server.command.CommandManager
[14:23:37] [Worker-Main-3/DEBUG] (FabricLoader/Mixin) Mixing CommandManagerMixin from fabric-command-api-v2.mixins.json into net.minecraft.server.command.CommandManager
[14:23:37] [Worker-Main-3/DEBUG] (FabricLoader/Mixin) fabric-networking-api-v1.mixins.json:CommandManagerMixin from mod fabric-networking-api-v1->@Inject::init(Lnet/minecraft/server/command/CommandManager$RegistrationEnvironment;Lnet/minecraft/command/CommandRegistryAccess;Lorg/spongepowered/asm/mixin/injection/callback/CallbackInfo;)V doesn't use it's CallbackInfo
[14:23:37] [Worker-Main-3/DEBUG] (FabricLoader/Mixin) fabric-networking-api-v1.mixins.json:CommandManagerMixin from mod fabric-networking-api-v1->@Inject::init(Lnet/minecraft/server/command/CommandManager$RegistrationEnvironment;Lnet/minecraft/command/CommandRegistryAccess;Lorg/spongepowered/asm/mixin/injection/callback/CallbackInfo;)V has 0 override(s) in child classes
[14:23:37] [Worker-Main-3/DEBUG] (FabricLoader/Mixin) fabric-networking-api-v1.mixins.json:CommandManagerMixin from mod fabric-networking-api-v1->@Inject::init(Lnet/minecraft/server/command/CommandManager$RegistrationEnvironment;Lnet/minecraft/command/CommandRegistryAccess;Lorg/spongepowered/asm/mixin/injection/callback/CallbackInfo;)V won't be passed a CallbackInfo as a result
[14:23:37] [Worker-Main-3/DEBUG] (FabricLoader/Mixin) fabric-command-api-v2.mixins.json:CommandManagerMixin from mod fabric-command-api-v2->@Inject::fabric_addCommands(Lnet/minecraft/server/command/CommandManager$RegistrationEnvironment;Lnet/minecraft/command/CommandRegistryAccess;Lorg/spongepowered/asm/mixin/injection/callback/CallbackInfo;)V doesn't use it's CallbackInfo
[14:23:37] [Worker-Main-3/DEBUG] (FabricLoader/Mixin) fabric-command-api-v2.mixins.json:CommandManagerMixin from mod fabric-command-api-v2->@Inject::fabric_addCommands(Lnet/minecraft/server/command/CommandManager$RegistrationEnvironment;Lnet/minecraft/command/CommandRegistryAccess;Lorg/spongepowered/asm/mixin/injection/callback/CallbackInfo;)V has 0 override(s) in child classes
[14:23:37] [Worker-Main-3/DEBUG] (FabricLoader/Mixin) fabric-command-api-v2.mixins.json:CommandManagerMixin from mod fabric-command-api-v2->@Inject::fabric_addCommands(Lnet/minecraft/server/command/CommandManager$RegistrationEnvironment;Lnet/minecraft/command/CommandRegistryAccess;Lorg/spongepowered/asm/mixin/injection/callback/CallbackInfo;)V won't be passed a CallbackInfo as a result
[14:23:37] [Worker-Main-3/DEBUG] (FabricLoader/Mixin) Mixing DatapackCommandMixin from fabric-resource-loader-v0.mixins.json into net.minecraft.server.command.DatapackCommand
[14:23:37] [Worker-Main-3/DEBUG] (FabricLoader/Mixin) Renaming synthetic method lambda$filterDisabledPackSuggestions$2(Lnet/minecraft/resource/ResourcePackProfile;)Z to md0fa23f$fabric-resource-loader-v0$lambda$filterDisabledPackSuggestions$2$0 in fabric-resource-loader-v0.mixins.json:DatapackCommandMixin from mod fabric-resource-loader-v0
[14:23:37] [Worker-Main-3/DEBUG] (FabricLoader/Mixin) Renaming synthetic method lambda$filterEnabledPackSuggestions$1(Lnet/minecraft/resource/ResourcePackProfile;)Z to md0fa23f$fabric-resource-loader-v0$lambda$filterEnabledPackSuggestions$1$1 in fabric-resource-loader-v0.mixins.json:DatapackCommandMixin from mod fabric-resource-loader-v0
[14:23:37] [Worker-Main-3/DEBUG] (FabricLoader/Mixin) Renaming synthetic method lambda$static$0(Ljava/lang/Object;)Lcom/mojang/brigadier/Message; to md0fa23f$fabric-resource-loader-v0$lambda$static$0$2 in fabric-resource-loader-v0.mixins.json:DatapackCommandMixin from mod fabric-resource-loader-v0
[14:23:37] [Worker-Main-3/DEBUG] (FabricLoader/Mixin) fabric-resource-loader-v0.mixins.json:DatapackCommandMixin from mod fabric-resource-loader-v0->@Inject::errorOnInternalPack(Lcom/mojang/brigadier/context/CommandContext;Ljava/lang/String;ZLorg/spongepowered/asm/mixin/injection/callback/CallbackInfoReturnable;)V doesn't use it's CallbackInfoReturnable
[14:23:37] [Worker-Main-3/DEBUG] (FabricLoader/Mixin) Mixing EnchantCommandMixin from fabric-item-api-v1.mixins.json into net.minecraft.server.command.EnchantCommand
[14:23:37] [Worker-Main-3/DEBUG] (FabricLoader/Mixin) Mixing GameRuleCommandAccessor from fabric-game-rule-api-v1.mixins.json into net.minecraft.server.command.GameRuleCommand
[14:23:37] [Worker-Main-3/DEBUG] (FabricLoader/Mixin) Renaming @Invoker method invokeExecuteSet(Lcom/mojang/brigadier/context/CommandContext;Lnet/minecraft/world/GameRules$Key;)I to invokeExecuteSet$fabric-game-rule-api-v1_$md$0fa23f$0 in fabric-game-rule-api-v1.mixins.json:GameRuleCommandAccessor from mod fabric-game-rule-api-v1
[14:23:37] [Worker-Main-3/DEBUG] (FabricLoader/Mixin) Renaming @Invoker method invokeExecuteQuery(Lnet/minecraft/server/command/ServerCommandSource;Lnet/minecraft/world/GameRules$Key;)I to invokeExecuteQuery$fabric-game-rule-api-v1_$md$0fa23f$1 in fabric-game-rule-api-v1.mixins.json:GameRuleCommandAccessor from mod fabric-game-rule-api-v1
[14:23:37] [Worker-Main-3/DEBUG] (FabricLoader/Mixin) Mixing GameRuleCommandVisitorMixin from fabric-game-rule-api-v1.mixins.json into net.minecraft.server.command.GameRuleCommand$1
[14:23:37] [Worker-Main-3/DEBUG] (FabricLoader/Mixin) fabric-game-rule-api-v1.mixins.json:GameRuleCommandVisitorMixin from mod fabric-game-rule-api-v1->@Inject::onRegisterCommand(Lnet/minecraft/world/GameRules$Key;Lnet/minecraft/world/GameRules$Type;Lorg/spongepowered/asm/mixin/injection/callback/CallbackInfo;)V does use it's CallbackInfo
[14:23:37] [Worker-Main-3/DEBUG] (FabricLoader/Mixin) Mixing HelpCommandAccessor from fabric-command-api-v2.mixins.json into net.minecraft.server.command.HelpCommand
[14:23:37] [Worker-Main-3/DEBUG] (FabricLoader/Mixin) Renaming @Accessor method getFailedException()Lcom/mojang/brigadier/exceptions/SimpleCommandExceptionType; to getFailedException$fabric-command-api-v2_$md$0fa23f$0 in fabric-command-api-v2.mixins.json:HelpCommandAccessor from mod fabric-command-api-v2
[14:23:37] [Worker-Main-3/DEBUG] (FabricLoader/Mixin) Mixing DebugConfigCommandMixin from fabric-networking-api-v1.mixins.json into net.minecraft.server.command.DebugConfigCommand
[14:23:37] [Worker-Main-3/DEBUG] (FabricLoader/Mixin) Mixing KeyedResourceReloadListenerMixin from fabric-resource-loader-v0.mixins.json into net.minecraft.server.ServerAdvancementLoader
[14:23:37] [Worker-Main-3/DEBUG] (FabricLoader/Mixin) Mixing KeyedResourceReloadListenerMixin from fabric-resource-loader-v0.mixins.json into net.minecraft.server.function.FunctionLoader
[14:23:37] [Worker-Main-3/DEBUG] (FabricLoader/Mixin) Mixing SimpleResourceReloadMixin from fabric-resource-loader-v0.mixins.json into net.minecraft.resource.SimpleResourceReload
[14:23:38] [main/INFO] (net.minecraft.recipe.ServerRecipeManager) Loaded 1407 recipes
[14:23:38] [main/INFO] (net.minecraft.advancement.AdvancementManager) Loaded 1520 advancements
[14:23:38] [main/DEBUG] (FabricLoader/Mixin) Mixing PlayerManagerMixin from fabric-entity-events-v1.mixins.json into net.minecraft.server.PlayerManager
[14:23:38] [main/DEBUG] (FabricLoader/Mixin) Mixing PlayerManagerMixin from fabric-message-api-v1.mixins.json into net.minecraft.server.PlayerManager
[14:23:38] [main/DEBUG] (FabricLoader/Mixin) Mixing PlayerManagerMixin from fabric-networking-api-v1.mixins.json into net.minecraft.server.PlayerManager
[14:23:38] [main/DEBUG] (FabricLoader/Mixin) Mixing PlayerManagerMixin from fabric-lifecycle-events-v1.mixins.json into net.minecraft.server.PlayerManager
[14:23:38] [main/DEBUG] (FabricLoader/Mixin) fabric-entity-events-v1.mixins.json:PlayerManagerMixin from mod fabric-entity-events-v1->@Inject::afterRespawn(Lnet/minecraft/server/network/ServerPlayerEntity;ZLnet/minecraft/entity/Entity$RemovalReason;Lorg/spongepowered/asm/mixin/injection/callback/CallbackInfoReturnable;)V does use it's CallbackInfoReturnable
[14:23:38] [main/DEBUG] (FabricLoader/Mixin) fabric-entity-events-v1.mixins.json:PlayerManagerMixin from mod fabric-entity-events-v1->@Inject::firePlayerJoinEvent(Lnet/minecraft/network/ClientConnection;Lnet/minecraft/server/network/ServerPlayerEntity;Lnet/minecraft/server/network/ConnectedClientData;Lorg/spongepowered/asm/mixin/injection/callback/CallbackInfo;)V doesn't use it's CallbackInfo
[14:23:38] [main/DEBUG] (FabricLoader/Mixin) fabric-entity-events-v1.mixins.json:PlayerManagerMixin from mod fabric-entity-events-v1->@Inject::firePlayerJoinEvent(Lnet/minecraft/network/ClientConnection;Lnet/minecraft/server/network/ServerPlayerEntity;Lnet/minecraft/server/network/ConnectedClientData;Lorg/spongepowered/asm/mixin/injection/callback/CallbackInfo;)V has 0 override(s) in child classes
[14:23:38] [main/DEBUG] (FabricLoader/Mixin) fabric-entity-events-v1.mixins.json:PlayerManagerMixin from mod fabric-entity-events-v1->@Inject::firePlayerJoinEvent(Lnet/minecraft/network/ClientConnection;Lnet/minecraft/server/network/ServerPlayerEntity;Lnet/minecraft/server/network/ConnectedClientData;Lorg/spongepowered/asm/mixin/injection/callback/CallbackInfo;)V won't be passed a CallbackInfo as a result
[14:23:38] [main/DEBUG] (FabricLoader/Mixin) fabric-entity-events-v1.mixins.json:PlayerManagerMixin from mod fabric-entity-events-v1->@Inject::firePlayerLeaveEvent(Lnet/minecraft/server/network/ServerPlayerEntity;Lorg/spongepowered/asm/mixin/injection/callback/CallbackInfo;)V doesn't use it's CallbackInfo
[14:23:38] [main/DEBUG] (FabricLoader/Mixin) fabric-entity-events-v1.mixins.json:PlayerManagerMixin from mod fabric-entity-events-v1->@Inject::firePlayerLeaveEvent(Lnet/minecraft/server/network/ServerPlayerEntity;Lorg/spongepowered/asm/mixin/injection/callback/CallbackInfo;)V has 0 override(s) in child classes
[14:23:38] [main/DEBUG] (FabricLoader/Mixin) fabric-entity-events-v1.mixins.json:PlayerManagerMixin from mod fabric-entity-events-v1->@Inject::firePlayerLeaveEvent(Lnet/minecraft/server/network/ServerPlayerEntity;Lorg/spongepowered/asm/mixin/injection/callback/CallbackInfo;)V won't be passed a CallbackInfo as a result
[14:23:38] [main/DEBUG] (FabricLoader/Mixin) fabric-message-api-v1.mixins.json:PlayerManagerMixin from mod fabric-message-api-v1->@Inject::onSendChatMessage(Lnet/minecraft/network/message/SignedMessage;Lnet/minecraft/server/network/ServerPlayerEntity;Lnet/minecraft/network/message/MessageType$Parameters;Lorg/spongepowered/asm/mixin/injection/callback/CallbackInfo;)V does use it's CallbackInfo
[14:23:38] [main/DEBUG] (FabricLoader/Mixin) fabric-message-api-v1.mixins.json:PlayerManagerMixin from mod fabric-message-api-v1->@Inject::onSendGameMessage(Lnet/minecraft/text/Text;Ljava/util/function/Function;ZLorg/spongepowered/asm/mixin/injection/callback/CallbackInfo;)V does use it's CallbackInfo
[14:23:38] [main/DEBUG] (FabricLoader/Mixin) fabric-message-api-v1.mixins.json:PlayerManagerMixin from mod fabric-message-api-v1->@Inject::onSendCommandMessage(Lnet/minecraft/network/message/SignedMessage;Lnet/minecraft/server/command/ServerCommandSource;Lnet/minecraft/network/message/MessageType$Parameters;Lorg/spongepowered/asm/mixin/injection/callback/CallbackInfo;)V does use it's CallbackInfo
[14:23:38] [main/DEBUG] (FabricLoader/Mixin) fabric-networking-api-v1.mixins.json:PlayerManagerMixin from mod fabric-networking-api-v1->@Inject::handlePlayerConnection(Lnet/minecraft/network/ClientConnection;Lnet/minecraft/server/network/ServerPlayerEntity;Lnet/minecraft/server/network/ConnectedClientData;Lorg/spongepowered/asm/mixin/injection/callback/CallbackInfo;)V doesn't use it's CallbackInfo
[14:23:38] [main/DEBUG] (FabricLoader/Mixin) fabric-networking-api-v1.mixins.json:PlayerManagerMixin from mod fabric-networking-api-v1->@Inject::handlePlayerConnection(Lnet/minecraft/network/ClientConnection;Lnet/minecraft/server/network/ServerPlayerEntity;Lnet/minecraft/server/network/ConnectedClientData;Lorg/spongepowered/asm/mixin/injection/callback/CallbackInfo;)V has 0 override(s) in child classes
[14:23:38] [main/DEBUG] (FabricLoader/Mixin) fabric-networking-api-v1.mixins.json:PlayerManagerMixin from mod fabric-networking-api-v1->@Inject::handlePlayerConnection(Lnet/minecraft/network/ClientConnection;Lnet/minecraft/server/network/ServerPlayerEntity;Lnet/minecraft/server/network/ConnectedClientData;Lorg/spongepowered/asm/mixin/injection/callback/CallbackInfo;)V won't be passed a CallbackInfo as a result
[14:23:38] [main/DEBUG] (FabricLoader/Mixin) fabric-lifecycle-events-v1.mixins.json:PlayerManagerMixin from mod fabric-lifecycle-events-v1->@Inject::hookOnPlayerConnect(Lnet/minecraft/network/ClientConnection;Lnet/minecraft/server/network/ServerPlayerEntity;Lnet/minecraft/server/network/ConnectedClientData;Lorg/spongepowered/asm/mixin/injection/callback/CallbackInfo;)V doesn't use it's CallbackInfo
[14:23:38] [main/DEBUG] (FabricLoader/Mixin) fabric-lifecycle-events-v1.mixins.json:PlayerManagerMixin from mod fabric-lifecycle-events-v1->@Inject::hookOnPlayerConnect(Lnet/minecraft/network/ClientConnection;Lnet/minecraft/server/network/ServerPlayerEntity;Lnet/minecraft/server/network/ConnectedClientData;Lorg/spongepowered/asm/mixin/injection/callback/CallbackInfo;)V has 0 override(s) in child classes
[14:23:38] [main/DEBUG] (FabricLoader/Mixin) fabric-lifecycle-events-v1.mixins.json:PlayerManagerMixin from mod fabric-lifecycle-events-v1->@Inject::hookOnPlayerConnect(Lnet/minecraft/network/ClientConnection;Lnet/minecraft/server/network/ServerPlayerEntity;Lnet/minecraft/server/network/ConnectedClientData;Lorg/spongepowered/asm/mixin/injection/callback/CallbackInfo;)V won't be passed a CallbackInfo as a result
[14:23:38] [main/DEBUG] (FabricLoader/Mixin) fabric-lifecycle-events-v1.mixins.json:PlayerManagerMixin from mod fabric-lifecycle-events-v1->@Inject::hookOnDataPacksReloaded(Lorg/spongepowered/asm/mixin/injection/callback/CallbackInfo;)V doesn't use it's CallbackInfo
[14:23:38] [main/DEBUG] (FabricLoader/Mixin) fabric-lifecycle-events-v1.mixins.json:PlayerManagerMixin from mod fabric-lifecycle-events-v1->@Inject::hookOnDataPacksReloaded(Lorg/spongepowered/asm/mixin/injection/callback/CallbackInfo;)V has 0 override(s) in child classes
[14:23:38] [main/DEBUG] (FabricLoader/Mixin) fabric-lifecycle-events-v1.mixins.json:PlayerManagerMixin from mod fabric-lifecycle-events-v1->@Inject::hookOnDataPacksReloaded(Lorg/spongepowered/asm/mixin/injection/callback/CallbackInfo;)V won't be passed a CallbackInfo as a result
[14:23:38] [main/DEBUG] (FabricLoader/Mixin) Mixing BrewingRecipeRegistryBuilderMixin from fabric-content-registries-v0.mixins.json into net.minecraft.recipe.BrewingRecipeRegistry$Builder
[14:23:38] [main/DEBUG] (FabricLoader/Mixin) fabric-content-registries-v0.mixins.json:BrewingRecipeRegistryBuilderMixin from mod fabric-content-registries-v0->@Inject::build(Lorg/spongepowered/asm/mixin/injection/callback/CallbackInfoReturnable;)V doesn't use it's CallbackInfoReturnable
[14:23:38] [main/DEBUG] (FabricLoader/Mixin) fabric-content-registries-v0.mixins.json:BrewingRecipeRegistryBuilderMixin from mod fabric-content-registries-v0->@Inject::build(Lorg/spongepowered/asm/mixin/injection/callback/CallbackInfoReturnable;)V has 0 override(s) in child classes
[14:23:38] [main/DEBUG] (FabricLoader/Mixin) fabric-content-registries-v0.mixins.json:BrewingRecipeRegistryBuilderMixin from mod fabric-content-registries-v0->@Inject::build(Lorg/spongepowered/asm/mixin/injection/callback/CallbackInfoReturnable;)V won't be passed a CallbackInfoReturnable as a result
[14:23:38] [main/DEBUG] (FabricLoader/Mixin) Mixing FuelRegistryMixin from fabric-content-registries-v0.mixins.json into net.minecraft.item.FuelRegistry
[14:23:38] [main/INFO] (net.fabricmc.fabric.impl.biome.modification.BiomeModificationImpl) Applied 0 biome modifications to 0 of 66 new biomes in 1.245 ms
[14:23:38] [Server thread/INFO] (net.minecraft.server.dedicated.MinecraftDedicatedServer) Starting minecraft server version 1.21.7
[14:23:38] [Server thread/INFO] (net.minecraft.server.dedicated.MinecraftDedicatedServer) Loading properties
[14:23:38] [Server thread/INFO] (net.minecraft.server.dedicated.MinecraftDedicatedServer) Default game type: SURVIVAL
[14:23:38] [Server thread/INFO] (net.minecraft.server.MinecraftServer) Generating keypair
[14:23:38] [Server thread/INFO] (net.minecraft.server.dedicated.MinecraftDedicatedServer) Starting Minecraft server on *:25565
[14:23:38] [Server thread/DEBUG] (io.netty.util.internal.PlatformDependent0) -Dio.netty.noUnsafe: false
[14:23:38] [Server thread/DEBUG] (io.netty.util.internal.PlatformDependent0) Java version: 21
[14:23:38] [Server thread/DEBUG] (io.netty.util.internal.PlatformDependent0) sun.misc.Unsafe.theUnsafe: available
[14:23:38] [Server thread/DEBUG] (io.netty.util.internal.PlatformDependent0) sun.misc.Unsafe base methods: all available
[14:23:38] [Server thread/DEBUG] (io.netty.util.internal.PlatformDependent0) sun.misc.Unsafe.storeFence: available
[14:23:38] [Server thread/DEBUG] (io.netty.util.internal.PlatformDependent0) java.nio.Buffer.address: available
[14:23:38] [Server thread/DEBUG] (io.netty.util.internal.PlatformDependent0) direct buffer constructor: unavailable
java.lang.UnsupportedOperationException: Reflective setAccessible(true) disabled
	at knot/io.netty.util.internal.ReflectionUtil.trySetAccessible(ReflectionUtil.java:31) ~[netty-common-4.1.118.Final.jar:?]
	at knot/io.netty.util.internal.PlatformDependent0$5.run(PlatformDependent0.java:332) ~[netty-common-4.1.118.Final.jar:?]
	at java.base/java.security.AccessController.doPrivileged(AccessController.java:319) ~[?:?]
	at knot/io.netty.util.internal.PlatformDependent0.<clinit>(PlatformDependent0.java:325) ~[netty-common-4.1.118.Final.jar:?]
	at knot/io.netty.util.internal.PlatformDependent.isAndroid(PlatformDependent.java:334) ~[netty-common-4.1.118.Final.jar:?]
	at knot/io.netty.util.internal.PlatformDependent.<clinit>(PlatformDependent.java:90) ~[netty-common-4.1.118.Final.jar:?]
	at knot/io.netty.util.internal.ClassInitializerUtil.tryLoadClasses(ClassInitializerUtil.java:32) ~[netty-common-4.1.118.Final.jar:?]
	at knot/io.netty.channel.epoll.Native.<clinit>(Native.java:83) ~[netty-transport-classes-epoll-4.1.118.Final.jar:?]
	at knot/io.netty.channel.epoll.Epoll.<clinit>(Epoll.java:40) ~[netty-transport-classes-epoll-4.1.118.Final.jar:?]
	at knot/net.minecraft.server.ServerNetworkIo.bind(ServerNetworkIo.java:75) ~[minecraft-common-b07cf08c30-1.21.7-net.fabricmc.yarn.1_21_7.1.21.7+build.6-v2.jar:?]
	at knot/net.minecraft.server.dedicated.MinecraftDedicatedServer.setupServer(MinecraftDedicatedServer.java:152) ~[minecraft-common-b07cf08c30-1.21.7-net.fabricmc.yarn.1_21_7.1.21.7+build.6-v2.jar:?]
	at knot/net.minecraft.server.MinecraftServer.runServer(MinecraftServer.java:672) ~[minecraft-common-b07cf08c30-1.21.7-net.fabricmc.yarn.1_21_7.1.21.7+build.6-v2.jar:?]
	at knot/net.minecraft.server.MinecraftServer.method_29739(MinecraftServer.java:291) ~[minecraft-common-b07cf08c30-1.21.7-net.fabricmc.yarn.1_21_7.1.21.7+build.6-v2.jar:?]
	at java.base/java.lang.Thread.run(Thread.java:1583) [?:?]
[14:23:38] [Server thread/DEBUG] (io.netty.util.internal.PlatformDependent0) java.nio.Bits.unaligned: available, true
[14:23:38] [Server thread/DEBUG] (io.netty.util.internal.PlatformDependent0) jdk.internal.misc.Unsafe.allocateUninitializedArray(int): unavailable
java.lang.IllegalAccessException: class io.netty.util.internal.PlatformDependent0$7 cannot access class jdk.internal.misc.Unsafe (in module java.base) because module java.base does not export jdk.internal.misc to unnamed module @37271612
	at java.base/jdk.internal.reflect.Reflection.newIllegalAccessException(Reflection.java:394) ~[?:?]
	at java.base/java.lang.reflect.AccessibleObject.checkAccess(AccessibleObject.java:714) ~[?:?]
	at java.base/java.lang.reflect.Method.invoke(Method.java:571) ~[?:?]
	at knot/io.netty.util.internal.PlatformDependent0$7.run(PlatformDependent0.java:468) ~[netty-common-4.1.118.Final.jar:?]
	at java.base/java.security.AccessController.doPrivileged(AccessController.java:319) ~[?:?]
	at knot/io.netty.util.internal.PlatformDependent0.<clinit>(PlatformDependent0.java:459) ~[netty-common-4.1.118.Final.jar:?]
	at knot/io.netty.util.internal.PlatformDependent.isAndroid(PlatformDependent.java:334) ~[netty-common-4.1.118.Final.jar:?]
	at knot/io.netty.util.internal.PlatformDependent.<clinit>(PlatformDependent.java:90) ~[netty-common-4.1.118.Final.jar:?]
	at knot/io.netty.util.internal.ClassInitializerUtil.tryLoadClasses(ClassInitializerUtil.java:32) ~[netty-common-4.1.118.Final.jar:?]
	at knot/io.netty.channel.epoll.Native.<clinit>(Native.java:83) ~[netty-transport-classes-epoll-4.1.118.Final.jar:?]
	at knot/io.netty.channel.epoll.Epoll.<clinit>(Epoll.java:40) ~[netty-transport-classes-epoll-4.1.118.Final.jar:?]
	at knot/net.minecraft.server.ServerNetworkIo.bind(ServerNetworkIo.java:75) ~[minecraft-common-b07cf08c30-1.21.7-net.fabricmc.yarn.1_21_7.1.21.7+build.6-v2.jar:?]
	at knot/net.minecraft.server.dedicated.MinecraftDedicatedServer.setupServer(MinecraftDedicatedServer.java:152) ~[minecraft-common-b07cf08c30-1.21.7-net.fabricmc.yarn.1_21_7.1.21.7+build.6-v2.jar:?]
	at knot/net.minecraft.server.MinecraftServer.runServer(MinecraftServer.java:672) ~[minecraft-common-b07cf08c30-1.21.7-net.fabricmc.yarn.1_21_7.1.21.7+build.6-v2.jar:?]
	at knot/net.minecraft.server.MinecraftServer.method_29739(MinecraftServer.java:291) ~[minecraft-common-b07cf08c30-1.21.7-net.fabricmc.yarn.1_21_7.1.21.7+build.6-v2.jar:?]
	at java.base/java.lang.Thread.run(Thread.java:1583) [?:?]
[14:23:38] [Server thread/DEBUG] (io.netty.util.internal.PlatformDependent0) java.nio.DirectByteBuffer.<init>(long, {int,long}): unavailable
[14:23:38] [Server thread/DEBUG] (io.netty.util.internal.PlatformDependent) sun.misc.Unsafe: available
[14:23:38] [Server thread/DEBUG] (io.netty.util.internal.PlatformDependent) -Dio.netty.tmpdir: C:\Users\ms928\AppData\Local\Temp (java.io.tmpdir)
[14:23:38] [Server thread/DEBUG] (io.netty.util.internal.PlatformDependent) -Dio.netty.bitMode: 64 (sun.arch.data.model)
[14:23:38] [Server thread/DEBUG] (io.netty.util.internal.PlatformDependent) Platform: Windows
[14:23:38] [Server thread/DEBUG] (io.netty.util.internal.PlatformDependent) -Dio.netty.maxDirectMemory: -1 bytes
[14:23:38] [Server thread/DEBUG] (io.netty.util.internal.PlatformDependent) -Dio.netty.uninitializedArrayAllocationThreshold: -1
[14:23:38] [Server thread/DEBUG] (io.netty.util.internal.CleanerJava9) java.nio.ByteBuffer.cleaner(): available
[14:23:38] [Server thread/DEBUG] (io.netty.util.internal.PlatformDependent) -Dio.netty.noPreferDirect: false
[14:23:38] [Server thread/DEBUG] (io.netty.channel.MultithreadEventLoopGroup) -Dio.netty.eventLoopThreads: 32
[14:23:38] [Server thread/DEBUG] (io.netty.util.concurrent.GlobalEventExecutor) -Dio.netty.globalEventExecutor.quietPeriodSeconds: 1
[14:23:38] [Server thread/DEBUG] (io.netty.util.internal.InternalThreadLocalMap) -Dio.netty.threadLocalMap.stringBuilder.initialSize: 1024
[14:23:38] [Server thread/DEBUG] (io.netty.util.internal.InternalThreadLocalMap) -Dio.netty.threadLocalMap.stringBuilder.maxSize: 4096
[14:23:38] [Server thread/DEBUG] (io.netty.channel.nio.NioEventLoop) -Dio.netty.noKeySetOptimization: false
[14:23:38] [Server thread/DEBUG] (io.netty.channel.nio.NioEventLoop) -Dio.netty.selectorAutoRebuildThreshold: 512
[14:23:38] [Server thread/DEBUG] (io.netty.util.internal.PlatformDependent) org.jctools-core.MpscChunkedArrayQueue: available
[14:23:38] [Server thread/INFO] (net.minecraft.server.ServerNetworkIo) Using default channel type
[14:23:38] [Server thread/DEBUG] (FabricLoader/Mixin) Mixing ingredient.ClientConnectionMixin from fabric-recipe-api-v1.mixins.json into net.minecraft.network.ClientConnection
[14:23:38] [Server thread/DEBUG] (FabricLoader/Mixin) Mixing ClientConnectionMixin from fabric-data-attachment-api-v1.mixins.json into net.minecraft.network.ClientConnection
[14:23:38] [Server thread/DEBUG] (FabricLoader/Mixin) Mixing ClientConnectionMixin from fabric-networking-api-v1.mixins.json into net.minecraft.network.ClientConnection
[14:23:38] [Server thread/DEBUG] (FabricLoader/Mixin) Renaming synthetic method lambda$fabric_getPendingChannelsNames$0(Lnet/minecraft/network/NetworkPhase;)Ljava/util/Collection; to md0fa23f$fabric-networking-api-v1$lambda$fabric_getPendingChannelsNames$0$0 in fabric-networking-api-v1.mixins.json:ClientConnectionMixin from mod fabric-networking-api-v1
[14:23:38] [Server thread/DEBUG] (FabricLoader/Mixin) fabric-networking-api-v1.mixins.json:ClientConnectionMixin from mod fabric-networking-api-v1->@Inject::initAddedFields(Lnet/minecraft/network/NetworkSide;Lorg/spongepowered/asm/mixin/injection/callback/CallbackInfo;)V doesn't use it's CallbackInfo
[14:23:38] [Server thread/DEBUG] (FabricLoader/Mixin) fabric-networking-api-v1.mixins.json:ClientConnectionMixin from mod fabric-networking-api-v1->@Inject::initAddedFields(Lnet/minecraft/network/NetworkSide;Lorg/spongepowered/asm/mixin/injection/callback/CallbackInfo;)V has 0 override(s) in child classes
[14:23:38] [Server thread/DEBUG] (FabricLoader/Mixin) fabric-networking-api-v1.mixins.json:ClientConnectionMixin from mod fabric-networking-api-v1->@Inject::initAddedFields(Lnet/minecraft/network/NetworkSide;Lorg/spongepowered/asm/mixin/injection/callback/CallbackInfo;)V won't be passed a CallbackInfo as a result
[14:23:38] [Server thread/DEBUG] (FabricLoader/Mixin) fabric-networking-api-v1.mixins.json:ClientConnectionMixin from mod fabric-networking-api-v1->@Inject::checkPacket(Lnet/minecraft/network/packet/Packet;Lio/netty/channel/ChannelFutureListener;ZLorg/spongepowered/asm/mixin/injection/callback/CallbackInfo;)V doesn't use it's CallbackInfo
[14:23:38] [Server thread/DEBUG] (FabricLoader/Mixin) fabric-networking-api-v1.mixins.json:ClientConnectionMixin from mod fabric-networking-api-v1->@Inject::checkPacket(Lnet/minecraft/network/packet/Packet;Lio/netty/channel/ChannelFutureListener;ZLorg/spongepowered/asm/mixin/injection/callback/CallbackInfo;)V has 0 override(s) in child classes
[14:23:38] [Server thread/DEBUG] (FabricLoader/Mixin) fabric-networking-api-v1.mixins.json:ClientConnectionMixin from mod fabric-networking-api-v1->@Inject::checkPacket(Lnet/minecraft/network/packet/Packet;Lio/netty/channel/ChannelFutureListener;ZLorg/spongepowered/asm/mixin/injection/callback/CallbackInfo;)V won't be passed a CallbackInfo as a result
[14:23:38] [Server thread/DEBUG] (FabricLoader/Mixin) fabric-networking-api-v1.mixins.json:ClientConnectionMixin from mod fabric-networking-api-v1->@Inject::checkPacket(Lnet/minecraft/network/packet/Packet;Lio/netty/channel/ChannelFutureListener;ZLorg/spongepowered/asm/mixin/injection/callback/CallbackInfo;)V doesn't use it's CallbackInfo
[14:23:38] [Server thread/DEBUG] (FabricLoader/Mixin) fabric-networking-api-v1.mixins.json:ClientConnectionMixin from mod fabric-networking-api-v1->@Inject::checkPacket(Lnet/minecraft/network/packet/Packet;Lio/netty/channel/ChannelFutureListener;ZLorg/spongepowered/asm/mixin/injection/callback/CallbackInfo;)V has 0 override(s) in child classes
[14:23:38] [Server thread/DEBUG] (FabricLoader/Mixin) fabric-networking-api-v1.mixins.json:ClientConnectionMixin from mod fabric-networking-api-v1->@Inject::checkPacket(Lnet/minecraft/network/packet/Packet;Lio/netty/channel/ChannelFutureListener;ZLorg/spongepowered/asm/mixin/injection/callback/CallbackInfo;)V won't be passed a CallbackInfo as a result
[14:23:38] [Server thread/DEBUG] (FabricLoader/Mixin) fabric-networking-api-v1.mixins.json:ClientConnectionMixin from mod fabric-networking-api-v1->@Inject::unwatchAddon(Lnet/minecraft/network/state/NetworkState;Lnet/minecraft/network/listener/PacketListener;Lorg/spongepowered/asm/mixin/injection/callback/CallbackInfo;)V doesn't use it's CallbackInfo
[14:23:38] [Server thread/DEBUG] (FabricLoader/Mixin) fabric-networking-api-v1.mixins.json:ClientConnectionMixin from mod fabric-networking-api-v1->@Inject::unwatchAddon(Lnet/minecraft/network/state/NetworkState;Lnet/minecraft/network/listener/PacketListener;Lorg/spongepowered/asm/mixin/injection/callback/CallbackInfo;)V has 0 override(s) in child classes
[14:23:38] [Server thread/DEBUG] (FabricLoader/Mixin) fabric-networking-api-v1.mixins.json:ClientConnectionMixin from mod fabric-networking-api-v1->@Inject::unwatchAddon(Lnet/minecraft/network/state/NetworkState;Lnet/minecraft/network/listener/PacketListener;Lorg/spongepowered/asm/mixin/injection/callback/CallbackInfo;)V won't be passed a CallbackInfo as a result
[14:23:38] [Server thread/DEBUG] (FabricLoader/Mixin) fabric-networking-api-v1.mixins.json:ClientConnectionMixin from mod fabric-networking-api-v1->@Inject::disconnectAddon(Lio/netty/channel/ChannelHandlerContext;Lorg/spongepowered/asm/mixin/injection/callback/CallbackInfo;)V doesn't use it's CallbackInfo
[14:23:38] [Server thread/DEBUG] (FabricLoader/Mixin) fabric-networking-api-v1.mixins.json:ClientConnectionMixin from mod fabric-networking-api-v1->@Inject::disconnectAddon(Lio/netty/channel/ChannelHandlerContext;Lorg/spongepowered/asm/mixin/injection/callback/CallbackInfo;)V has 0 override(s) in child classes
[14:23:38] [Server thread/DEBUG] (FabricLoader/Mixin) fabric-networking-api-v1.mixins.json:ClientConnectionMixin from mod fabric-networking-api-v1->@Inject::disconnectAddon(Lio/netty/channel/ChannelHandlerContext;Lorg/spongepowered/asm/mixin/injection/callback/CallbackInfo;)V won't be passed a CallbackInfo as a result
[14:23:38] [Server thread/DEBUG] (FabricLoader/Mixin) fabric-networking-api-v1.mixins.json:ClientConnectionMixin from mod fabric-networking-api-v1->@Inject::disconnectAddon(Lorg/spongepowered/asm/mixin/injection/callback/CallbackInfo;)V doesn't use it's CallbackInfo
[14:23:38] [Server thread/DEBUG] (FabricLoader/Mixin) fabric-networking-api-v1.mixins.json:ClientConnectionMixin from mod fabric-networking-api-v1->@Inject::disconnectAddon(Lorg/spongepowered/asm/mixin/injection/callback/CallbackInfo;)V has 0 override(s) in child classes
[14:23:38] [Server thread/DEBUG] (FabricLoader/Mixin) fabric-networking-api-v1.mixins.json:ClientConnectionMixin from mod fabric-networking-api-v1->@Inject::disconnectAddon(Lorg/spongepowered/asm/mixin/injection/callback/CallbackInfo;)V won't be passed a CallbackInfo as a result
[14:23:38] [Server thread/DEBUG] (io.netty.channel.DefaultChannelId) -Dio.netty.processId: 24132 (auto-detected)
[14:23:38] [Server thread/DEBUG] (io.netty.util.NetUtil) -Djava.net.preferIPv4Stack: false
[14:23:38] [Server thread/DEBUG] (io.netty.util.NetUtil) -Djava.net.preferIPv6Addresses: false
[14:23:38] [Server thread/DEBUG] (io.netty.util.NetUtilInitializations) Loopback interface: loopback_0 (Software Loopback Interface 1, 0:0:0:0:0:0:0:1)
[14:23:38] [Server thread/DEBUG] (io.netty.util.NetUtil) Failed to get SOMAXCONN from sysctl and file \proc\sys\net\core\somaxconn. Default: 200
[14:23:38] [Server thread/DEBUG] (io.netty.channel.DefaultChannelId) -Dio.netty.machineId: e4:c7:67:ff:fe:e5:45:a1 (auto-detected)
[14:23:38] [Server thread/DEBUG] (io.netty.buffer.PooledByteBufAllocator) -Dio.netty.allocator.numHeapArenas: 32
[14:23:38] [Server thread/DEBUG] (io.netty.buffer.PooledByteBufAllocator) -Dio.netty.allocator.numDirectArenas: 32
[14:23:38] [Server thread/DEBUG] (io.netty.buffer.PooledByteBufAllocator) -Dio.netty.allocator.pageSize: 8192
[14:23:38] [Server thread/DEBUG] (io.netty.buffer.PooledByteBufAllocator) -Dio.netty.allocator.maxOrder: 9
[14:23:38] [Server thread/DEBUG] (io.netty.buffer.PooledByteBufAllocator) -Dio.netty.allocator.chunkSize: 4194304
[14:23:38] [Server thread/DEBUG] (io.netty.buffer.PooledByteBufAllocator) -Dio.netty.allocator.smallCacheSize: 256
[14:23:38] [Server thread/DEBUG] (io.netty.buffer.PooledByteBufAllocator) -Dio.netty.allocator.normalCacheSize: 64
[14:23:38] [Server thread/DEBUG] (io.netty.buffer.PooledByteBufAllocator) -Dio.netty.allocator.maxCachedBufferCapacity: 32768
[14:23:38] [Server thread/DEBUG] (io.netty.buffer.PooledByteBufAllocator) -Dio.netty.allocator.cacheTrimInterval: 8192
[14:23:38] [Server thread/DEBUG] (io.netty.buffer.PooledByteBufAllocator) -Dio.netty.allocator.cacheTrimIntervalMillis: 0
[14:23:38] [Server thread/DEBUG] (io.netty.buffer.PooledByteBufAllocator) -Dio.netty.allocator.useCacheForAllThreads: false
[14:23:38] [Server thread/DEBUG] (io.netty.buffer.PooledByteBufAllocator) -Dio.netty.allocator.maxCachedByteBuffersPerChunk: 1023
[14:23:38] [Server thread/DEBUG] (io.netty.buffer.PooledByteBufAllocator) -Dio.netty.allocator.disableCacheFinalizersForFastThreadLocalThreads: false
[14:23:38] [Server thread/DEBUG] (io.netty.buffer.ByteBufUtil) -Dio.netty.allocator.type: pooled
[14:23:38] [Server thread/DEBUG] (io.netty.buffer.ByteBufUtil) -Dio.netty.threadLocalDirectBufferSize: 0
[14:23:38] [Server thread/DEBUG] (io.netty.buffer.ByteBufUtil) -Dio.netty.maxThreadLocalCharBufferSize: 16384
[14:23:38] [Server thread/DEBUG] (io.netty.bootstrap.ChannelInitializerExtensions) -Dio.netty.bootstrap.extensions: null
[14:23:38] [Server thread/INFO] (net.minecraft.server.dedicated.MinecraftDedicatedServer) Preparing level "world"
[14:23:38] [Server thread/DEBUG] (FabricLoader/Mixin) Mixing ServerWorldServerEntityHandlerMixin from fabric-lifecycle-events-v1.mixins.json into net.minecraft.server.world.ServerWorld$ServerEntityHandler
[14:23:38] [Server thread/DEBUG] (FabricLoader/Mixin) fabric-lifecycle-events-v1.mixins.json:ServerWorldServerEntityHandlerMixin from mod fabric-lifecycle-events-v1->@Inject::invokeEntityLoadEvent(Lnet/minecraft/entity/Entity;Lorg/spongepowered/asm/mixin/injection/callback/CallbackInfo;)V doesn't use it's CallbackInfo
[14:23:38] [Server thread/DEBUG] (FabricLoader/Mixin) fabric-lifecycle-events-v1.mixins.json:ServerWorldServerEntityHandlerMixin from mod fabric-lifecycle-events-v1->@Inject::invokeEntityUnloadEvent(Lnet/minecraft/entity/Entity;Lorg/spongepowered/asm/mixin/injection/callback/CallbackInfo;)V doesn't use it's CallbackInfo
[14:23:38] [Server thread/DEBUG] (FabricLoader/Mixin) Mixing PersistentStateManagerMixin from fabric-object-builder-v1.mixins.json into net.minecraft.world.PersistentStateManager
[14:23:38] [Server thread/DEBUG] (FabricLoader/Mixin) Mixing accessor.ServerChunkLoadingManagerAccessor from fabric-networking-api-v1.mixins.json into net.minecraft.server.world.ServerChunkLoadingManager
[14:23:38] [Server thread/DEBUG] (FabricLoader/Mixin) Mixing ServerChunkLoadingManagerMixin from fabric-lifecycle-events-v1.mixins.json into net.minecraft.server.world.ServerChunkLoadingManager
[14:23:38] [Server thread/DEBUG] (FabricLoader/Mixin) fabric-lifecycle-events-v1.mixins.json:ServerChunkLoadingManagerMixin from mod fabric-lifecycle-events-v1->@Inject::onChunkUnload(Lnet/minecraft/server/world/ChunkHolder;Ljava/util/concurrent/CompletableFuture;JLorg/spongepowered/asm/mixin/injection/callback/CallbackInfo;)V doesn't use it's CallbackInfo
[14:23:38] [Server thread/DEBUG] (FabricLoader/Mixin) fabric-lifecycle-events-v1.mixins.json:ServerChunkLoadingManagerMixin from mod fabric-lifecycle-events-v1->@Inject::onChunkUnload(Lnet/minecraft/server/world/ChunkHolder;Ljava/util/concurrent/CompletableFuture;JLorg/spongepowered/asm/mixin/injection/callback/CallbackInfo;)V has 0 override(s) in child classes
[14:23:38] [Server thread/DEBUG] (FabricLoader/Mixin) fabric-lifecycle-events-v1.mixins.json:ServerChunkLoadingManagerMixin from mod fabric-lifecycle-events-v1->@Inject::onChunkUnload(Lnet/minecraft/server/world/ChunkHolder;Ljava/util/concurrent/CompletableFuture;JLorg/spongepowered/asm/mixin/injection/callback/CallbackInfo;)V won't be passed a CallbackInfo as a result
[14:23:38] [Server thread/DEBUG] (FabricLoader/Mixin) Mixing ChunkHolderMixin from fabric-lifecycle-events-v1.mixins.json into net.minecraft.server.world.ChunkHolder
[14:23:38] [Server thread/DEBUG] (FabricLoader/Mixin) fabric-lifecycle-events-v1.mixins.json:ChunkHolderMixin from mod fabric-lifecycle-events-v1->@Inject::updateFutures$inaccessibleToFull(Lnet/minecraft/server/world/ServerChunkLoadingManager;Ljava/util/concurrent/Executor;Lorg/spongepowered/asm/mixin/injection/callback/CallbackInfo;)V doesn't use it's CallbackInfo
[14:23:38] [Server thread/DEBUG] (FabricLoader/Mixin) fabric-lifecycle-events-v1.mixins.json:ChunkHolderMixin from mod fabric-lifecycle-events-v1->@Inject::updateFutures$inaccessibleToFull(Lnet/minecraft/server/world/ServerChunkLoadingManager;Ljava/util/concurrent/Executor;Lorg/spongepowered/asm/mixin/injection/callback/CallbackInfo;)V has 0 override(s) in child classes
[14:23:38] [Server thread/DEBUG] (FabricLoader/Mixin) fabric-lifecycle-events-v1.mixins.json:ChunkHolderMixin from mod fabric-lifecycle-events-v1->@Inject::updateFutures$inaccessibleToFull(Lnet/minecraft/server/world/ServerChunkLoadingManager;Ljava/util/concurrent/Executor;Lorg/spongepowered/asm/mixin/injection/callback/CallbackInfo;)V won't be passed a CallbackInfo as a result
[14:23:38] [Server thread/DEBUG] (FabricLoader/Mixin) fabric-lifecycle-events-v1.mixins.json:ChunkHolderMixin from mod fabric-lifecycle-events-v1->@Inject::updateFutures$fullToBlockTicking(Lnet/minecraft/server/world/ServerChunkLoadingManager;Ljava/util/concurrent/Executor;Lorg/spongepowered/asm/mixin/injection/callback/CallbackInfo;)V doesn't use it's CallbackInfo
[14:23:38] [Server thread/DEBUG] (FabricLoader/Mixin) fabric-lifecycle-events-v1.mixins.json:ChunkHolderMixin from mod fabric-lifecycle-events-v1->@Inject::updateFutures$fullToBlockTicking(Lnet/minecraft/server/world/ServerChunkLoadingManager;Ljava/util/concurrent/Executor;Lorg/spongepowered/asm/mixin/injection/callback/CallbackInfo;)V has 0 override(s) in child classes
[14:23:38] [Server thread/DEBUG] (FabricLoader/Mixin) fabric-lifecycle-events-v1.mixins.json:ChunkHolderMixin from mod fabric-lifecycle-events-v1->@Inject::updateFutures$fullToBlockTicking(Lnet/minecraft/server/world/ServerChunkLoadingManager;Ljava/util/concurrent/Executor;Lorg/spongepowered/asm/mixin/injection/callback/CallbackInfo;)V won't be passed a CallbackInfo as a result
[14:23:38] [Server thread/DEBUG] (FabricLoader/Mixin) fabric-lifecycle-events-v1.mixins.json:ChunkHolderMixin from mod fabric-lifecycle-events-v1->@Inject::updateFutures$blockTickingToEntityTicking(Lnet/minecraft/server/world/ServerChunkLoadingManager;Ljava/util/concurrent/Executor;Lorg/spongepowered/asm/mixin/injection/callback/CallbackInfo;)V doesn't use it's CallbackInfo
[14:23:38] [Server thread/DEBUG] (FabricLoader/Mixin) fabric-lifecycle-events-v1.mixins.json:ChunkHolderMixin from mod fabric-lifecycle-events-v1->@Inject::updateFutures$blockTickingToEntityTicking(Lnet/minecraft/server/world/ServerChunkLoadingManager;Ljava/util/concurrent/Executor;Lorg/spongepowered/asm/mixin/injection/callback/CallbackInfo;)V has 0 override(s) in child classes
[14:23:38] [Server thread/DEBUG] (FabricLoader/Mixin) fabric-lifecycle-events-v1.mixins.json:ChunkHolderMixin from mod fabric-lifecycle-events-v1->@Inject::updateFutures$blockTickingToEntityTicking(Lnet/minecraft/server/world/ServerChunkLoadingManager;Ljava/util/concurrent/Executor;Lorg/spongepowered/asm/mixin/injection/callback/CallbackInfo;)V won't be passed a CallbackInfo as a result
[14:23:38] [Server thread/DEBUG] (FabricLoader/Mixin) fabric-lifecycle-events-v1.mixins.json:ChunkHolderMixin from mod fabric-lifecycle-events-v1->@Inject::decreaseLevel(Lnet/minecraft/server/world/ServerChunkLoadingManager;Lnet/minecraft/server/world/ChunkLevelType;Lorg/spongepowered/asm/mixin/injection/callback/CallbackInfo;)V doesn't use it's CallbackInfo
[14:23:38] [Server thread/DEBUG] (FabricLoader/Mixin) fabric-lifecycle-events-v1.mixins.json:ChunkHolderMixin from mod fabric-lifecycle-events-v1->@Inject::decreaseLevel(Lnet/minecraft/server/world/ServerChunkLoadingManager;Lnet/minecraft/server/world/ChunkLevelType;Lorg/spongepowered/asm/mixin/injection/callback/CallbackInfo;)V has 0 override(s) in child classes
[14:23:38] [Server thread/DEBUG] (FabricLoader/Mixin) fabric-lifecycle-events-v1.mixins.json:ChunkHolderMixin from mod fabric-lifecycle-events-v1->@Inject::decreaseLevel(Lnet/minecraft/server/world/ServerChunkLoadingManager;Lnet/minecraft/server/world/ChunkLevelType;Lorg/spongepowered/asm/mixin/injection/callback/CallbackInfo;)V won't be passed a CallbackInfo as a result
[14:23:38] [Server thread/DEBUG] (FabricLoader/Mixin) Mixing NoiseConfigMixin from fabric-biome-api-v1.mixins.json into net.minecraft.world.gen.noise.NoiseConfig
[14:23:38] [Server thread/DEBUG] (FabricLoader/Mixin) fabric-biome-api-v1.mixins.json:NoiseConfigMixin from mod fabric-biome-api-v1->@Inject::init(Lnet/minecraft/world/gen/chunk/ChunkGeneratorSettings;Lnet/minecraft/registry/RegistryEntryLookup;JLorg/spongepowered/asm/mixin/injection/callback/CallbackInfo;)V doesn't use it's CallbackInfo
[14:23:38] [Server thread/DEBUG] (FabricLoader/Mixin) Mixing MultiNoiseUtilMultiNoiseSamplerMixin from fabric-biome-api-v1.mixins.json into net.minecraft.world.biome.source.util.MultiNoiseUtil$MultiNoiseSampler
[14:23:39] [Server thread/WARN] (net.minecraft.world.gen.densityfunction.DensityFunctionTypes$BinaryOperationLike) Creating a MIN function between two non-overlapping inputs: RegistryEntryHolder[function=Direct{BinaryOperation[type=ADD, argument1=RegistryEntryHolder[function=Direct{BinaryOperation[type=MUL, argument1=RegistryEntryHolder[function=Direct{Constant[value=4.0]}], argument2=RegistryEntryHolder[function=Direct{UnaryOperation[type=SQUARE, input=RegistryEntryHolder[function=Direct{Constant[value=6.0]}], minValue=6.0, maxValue=36.0]}], minValue=24.0, maxValue=144.0]}], argument2=RegistryEntryHolder[function=Direct{BinaryOperation[type=ADD, argument1=RegistryEntryHolder[function=Direct{Clamp[input=BinaryOperation[type=ADD, argument1=RegistryEntryHolder[function=Direct{Constant[value=0.27]}], argument2=RegistryEntryHolder[function=Direct{UnaryOperation[type=CUBE, input=RegistryEntryHolder[function=Direct{Constant[value=5.0]}], minValue=125.0, maxValue=125.0]}], minValue=125.27, maxValue=125.27], minValue=-1.0, maxValue=1.0]}], argument2=RegistryEntryHolder[function=Direct{Clamp[input=BinaryOperation[type=ADD, argument1=RegistryEntryHolder[function=Direct{Constant[value=1.5]}], argument2=RegistryEntryHolder[function=Direct{BinaryOperation[type=MUL, argument1=RegistryEntryHolder[function=Direct{Constant[value=-0.64]}], argument2=RegistryEntryHolder[function=Direct{UnaryOperation[type=CUBE, input=RegistryEntryHolder[function=Direct{Constant[value=1.0]}], minValue=1.0, maxValue=1.0]}], minValue=-0.64, maxValue=-0.64]}], minValue=0.86, maxValue=0.86], minValue=0.0, maxValue=0.5]}], minValue=-1.0, maxValue=1.5]}], minValue=23.0, maxValue=145.5]}] and RegistryEntryHolder[function=Direct{Constant[value=3.0]}]
[14:23:39] [Server thread/WARN] (net.minecraft.world.gen.densityfunction.DensityFunctionTypes$BinaryOperationLike) Creating a MIN function between two non-overlapping inputs: RegistryEntryHolder[function=Direct{BinaryOperation[type=MIN, argument1=RegistryEntryHolder[function=Direct{BinaryOperation[type=ADD, argument1=RegistryEntryHolder[function=Direct{BinaryOperation[type=MUL, argument1=RegistryEntryHolder[function=Direct{Constant[value=4.0]}], argument2=RegistryEntryHolder[function=Direct{UnaryOperation[type=SQUARE, input=RegistryEntryHolder[function=Direct{Constant[value=6.0]}], minValue=6.0, maxValue=36.0]}], minValue=24.0, maxValue=144.0]}], argument2=RegistryEntryHolder[function=Direct{BinaryOperation[type=ADD, argument1=RegistryEntryHolder[function=Direct{Clamp[input=BinaryOperation[type=ADD, argument1=RegistryEntryHolder[function=Direct{Constant[value=0.27]}], argument2=RegistryEntryHolder[function=Direct{UnaryOperation[type=CUBE, input=RegistryEntryHolder[function=Direct{Constant[value=5.0]}], minValue=125.0, maxValue=125.0]}], minValue=125.27, maxValue=125.27], minValue=-1.0, maxValue=1.0]}], argument2=RegistryEntryHolder[function=Direct{Clamp[input=BinaryOperation[type=ADD, argument1=RegistryEntryHolder[function=Direct{Constant[value=1.5]}], argument2=RegistryEntryHolder[function=Direct{BinaryOperation[type=MUL, argument1=RegistryEntryHolder[function=Direct{Constant[value=-0.64]}], argument2=RegistryEntryHolder[function=Direct{UnaryOperation[type=CUBE, input=RegistryEntryHolder[function=Direct{Constant[value=1.0]}], minValue=1.0, maxValue=1.0]}], minValue=-0.64, maxValue=-0.64]}], minValue=0.86, maxValue=0.86], minValue=0.0, maxValue=0.5]}], minValue=-1.0, maxValue=1.5]}], minValue=23.0, maxValue=145.5]}], argument2=RegistryEntryHolder[function=Direct{Constant[value=3.0]}], minValue=3.0, maxValue=3.0]}] and RegistryEntryHolder[function=Direct{BinaryOperation[type=ADD, argument1=RegistryEntryHolder[function=Direct{UnaryOperation[type=CUBE, input=RegistryEntryHolder[function=Direct{Constant[value=2.0]}], minValue=8.0, maxValue=8.0]}], argument2=RegistryEntryHolder[function=Direct{UnaryOperation[type=CUBE, input=RegistryEntryHolder[function=Direct{Constant[value=1.0]}], minValue=1.0, maxValue=1.0]}], minValue=9.0, maxValue=9.0]}]
[14:23:39] [Server thread/WARN] (net.minecraft.world.gen.densityfunction.DensityFunctionTypes$BinaryOperationLike) Creating a MAX function between two non-overlapping inputs: RegistryEntryHolder[function=Direct{BinaryOperation[type=MIN, argument1=RegistryEntryHolder[function=Direct{BinaryOperation[type=MIN, argument1=RegistryEntryHolder[function=Direct{BinaryOperation[type=ADD, argument1=RegistryEntryHolder[function=Direct{BinaryOperation[type=MUL, argument1=RegistryEntryHolder[function=Direct{Constant[value=4.0]}], argument2=RegistryEntryHolder[function=Direct{UnaryOperation[type=SQUARE, input=RegistryEntryHolder[function=Direct{Constant[value=6.0]}], minValue=6.0, maxValue=36.0]}], minValue=24.0, maxValue=144.0]}], argument2=RegistryEntryHolder[function=Direct{BinaryOperation[type=ADD, argument1=RegistryEntryHolder[function=Direct{Clamp[input=BinaryOperation[type=ADD, argument1=RegistryEntryHolder[function=Direct{Constant[value=0.27]}], argument2=RegistryEntryHolder[function=Direct{UnaryOperation[type=CUBE, input=RegistryEntryHolder[function=Direct{Constant[value=5.0]}], minValue=125.0, maxValue=125.0]}], minValue=125.27, maxValue=125.27], minValue=-1.0, maxValue=1.0]}], argument2=RegistryEntryHolder[function=Direct{Clamp[input=BinaryOperation[type=ADD, argument1=RegistryEntryHolder[function=Direct{Constant[value=1.5]}], argument2=RegistryEntryHolder[function=Direct{BinaryOperation[type=MUL, argument1=RegistryEntryHolder[function=Direct{Constant[value=-0.64]}], argument2=RegistryEntryHolder[function=Direct{UnaryOperation[type=CUBE, input=RegistryEntryHolder[function=Direct{Constant[value=1.0]}], minValue=1.0, maxValue=1.0]}], minValue=-0.64, maxValue=-0.64]}], minValue=0.86, maxValue=0.86], minValue=0.0, maxValue=0.5]}], minValue=-1.0, maxValue=1.5]}], minValue=23.0, maxValue=145.5]}], argument2=RegistryEntryHolder[function=Direct{Constant[value=3.0]}], minValue=3.0, maxValue=3.0]}], argument2=RegistryEntryHolder[function=Direct{BinaryOperation[type=ADD, argument1=RegistryEntryHolder[function=Direct{UnaryOperation[type=CUBE, input=RegistryEntryHolder[function=Direct{Constant[value=2.0]}], minValue=8.0, maxValue=8.0]}], argument2=RegistryEntryHolder[function=Direct{UnaryOperation[type=CUBE, input=RegistryEntryHolder[function=Direct{Constant[value=1.0]}], minValue=1.0, maxValue=1.0]}], minValue=9.0, maxValue=9.0]}], minValue=3.0, maxValue=3.0]}] and RegistryEntryHolder[function=Direct{RangeChoice[input=RegistryEntryHolder[function=Direct{Constant[value=1.0]}], minInclusive=-1000000.0, maxExclusive=0.03, whenInRange=RegistryEntryHolder[function=Direct{Constant[value=-1000000.0]}], whenOutOfRange=RegistryEntryHolder[function=Direct{Constant[value=1.0]}]]}]
[14:23:39] [Server thread/WARN] (net.minecraft.world.gen.densityfunction.DensityFunctionTypes$BinaryOperationLike) Creating a MIN function between two non-overlapping inputs: RegistryEntryHolder[function=Direct{UnaryOperation[type=SQUEEZE, input=RegistryEntryHolder[function=Direct{BinaryOperation[type=MUL, argument1=RegistryEntryHolder[function=Direct{Constant[value=0.64]}], argument2=RegistryEntryHolder[function=Direct{Wrapping[type=Interpolated, wrapped=RegistryEntryHolder[function=Direct{BlendDensity[input=RegistryEntryHolder[function=Direct{BinaryOperation[type=ADD, argument1=RegistryEntryHolder[function=Direct{Constant[value=0.1171875]}], argument2=RegistryEntryHolder[function=Direct{BinaryOperation[type=MUL, argument1=RegistryEntryHolder[function=Direct{YClampedGradient[fromY=-64, toY=-40, fromValue=0.0, toValue=1.0]}], argument2=RegistryEntryHolder[function=Direct{BinaryOperation[type=ADD, argument1=RegistryEntryHolder[function=Direct{Constant[value=-0.1171875]}], argument2=RegistryEntryHolder[function=Direct{BinaryOperation[type=ADD, argument1=RegistryEntryHolder[function=Direct{Constant[value=-0.078125]}], argument2=RegistryEntryHolder[function=Direct{BinaryOperation[type=MUL, argument1=RegistryEntryHolder[function=Direct{YClampedGradient[fromY=240, toY=256, fromValue=1.0, toValue=0.0]}], argument2=RegistryEntryHolder[function=Direct{BinaryOperation[type=ADD, argument1=RegistryEntryHolder[function=Direct{Constant[value=0.078125]}], argument2=RegistryEntryHolder[function=Direct{RangeChoice[input=RegistryEntryHolder[function=Direct{BinaryOperation[type=ADD, argument1=RegistryEntryHolder[function=Direct{BinaryOperation[type=MUL, argument1=RegistryEntryHolder[function=Direct{Constant[value=4.0]}], argument2=RegistryEntryHolder[function=Direct{UnaryOperation[type=QUARTER_NEGATIVE, input=RegistryEntryHolder[function=Direct{BinaryOperation[type=MUL, argument1=RegistryEntryHolder[function=Direct{BinaryOperation[type=ADD, argument1=RegistryEntryHolder[function=Direct{BinaryOperation[type=ADD, argument1=RegistryEntryHolder[function=Direct{YClampedGradient[fromY=-64, toY=320, fromValue=1.5, toValue=-1.5]}], argument2=RegistryEntryHolder[function=Direct{Wrapping[type=FlatCache, wrapped=RegistryEntryHolder[function=Direct{Wrapping[type=Cache2D, wrapped=RegistryEntryHolder[function=Direct{BinaryOperation[type=ADD, argument1=RegistryEntryHolder[function=Direct{BinaryOperation[type=MUL, argument1=RegistryEntryHolder[function=Direct{INSTANCE}], argument2=RegistryEntryHolder[function=Direct{BinaryOperation[type=ADD, argument1=RegistryEntryHolder[function=Direct{Constant[value=1.0]}], argument2=RegistryEntryHolder[function=Direct{BinaryOperation[type=MUL, argument1=RegistryEntryHolder[function=Direct{Constant[value=-1.0]}], argument2=RegistryEntryHolder[function=Direct{Wrapping[type=CacheOnce, wrapped=RegistryEntryHolder[function=Direct{INSTANCE}]]}], minValue=-1.0, maxValue=-1.0]}], minValue=0.0, maxValue=0.0]}], minValue=0.0, maxValue=0.0]}], argument2=RegistryEntryHolder[function=Direct{BinaryOperation[type=MUL, argument1=RegistryEntryHolder[function=Direct{BinaryOperation[type=ADD, argument1=RegistryEntryHolder[function=Direct{Constant[value=-0.5037500262260437]}], argument2=RegistryEntryHolder[function=Direct{Spline[spline=Implementation[coordinate=Coordinate[Direct{Wrapping[type=FlatCache, wrapped=RegistryEntryHolder[function=Direct{ShiftedNoise[shiftX=RegistryEntryHolder[function=Direct{Wrapping[type=FlatCache, wrapped=RegistryEntryHolder[function=Direct{Wrapping[type=Cache2D, wrapped=RegistryEntryHolder[function=Direct{ShiftA[offsetNoise=Noise[noiseData=Reference{ResourceKey[minecraft:worldgen/noise / minecraft:offset]=NoiseParameters[firstOctave=-3, amplitudes=[1.0, 1.0, 1.0, 0.0]]}, noise=net.minecraft.util.math.noise.DoublePerlinNoiseSampler@7977c5ae]]}]]}]]}], shiftY=RegistryEntryHolder[function=Direct{Constant[value=0.0]}], shiftZ=RegistryEntryHolder[function=Direct{Wrapping[type=FlatCache, wrapped=RegistryEntryHolder[function=Direct{Wrapping[type=Cache2D, wrapped=RegistryEntryHolder[function=Direct{ShiftB[offsetNoise=Noise[noiseData=Reference{ResourceKey[minecraft:worldgen/noise / minecraft:offset]=NoiseParameters[firstOctave=-3, amplitudes=[1.0, 1.0, 1.0, 0.0]]}, noise=net.minecraft.util.math.noise.DoublePerlinNoiseSampler@7977c5ae]]}]]}]]}], xzScale=0.25, yScale=0.0, noise=Noise[noiseData=Reference{ResourceKey[minecraft:worldgen/noise / minecraft:continentalness]=NoiseParameters[firstOctave=-9, amplitudes=[1.0, 1.0, 2.0, 2.0, 2.0, 1.0, 1.0, 1.0, 1.0]]}, noise=net.minecraft.util.math.noise.DoublePerlinNoiseSampler@69bcde28]]}]]}], locations=[F@728f6ae, values=[FixedFloatFunction[value=0.044], FixedFloatFunction[value=-0.2222], FixedFloatFunction[value=-0.2222], FixedFloatFunction[value=-0.12], FixedFloatFunction[value=-0.12], Implementation[coordinate=Coordinate[Direct{Wrapping[type=FlatCache, wrapped=RegistryEntryHolder[function=Direct{ShiftedNoise[shiftX=RegistryEntryHolder[function=Direct{Wrapping[type=FlatCache, wrapped=RegistryEntryHolder[function=Direct{Wrapping[type=Cache2D, wrapped=RegistryEntryHolder[function=Direct{ShiftA[offsetNoise=Noise[noiseData=Reference{ResourceKey[minecraft:worldgen/noise / minecraft:offset]=NoiseParameters[firstOctave=-3, amplitudes=[1.0, 1.0, 1.0, 0.0]]}, noise=net.minecraft.util.math.noise.DoublePerlinNoiseSampler@7977c5ae]]}]]}]]}], shiftY=RegistryEntryHolder[function=Direct{Constant[value=0.0]}], shiftZ=RegistryEntryHolder[function=Direct{Wrapping[type=FlatCache, wrapped=RegistryEntryHolder[function=Direct{Wrapping[type=Cache2D, wrapped=RegistryEntryHolder[function=Direct{ShiftB[offsetNoise=Noise[noiseData=Reference{ResourceKey[minecraft:worldgen/noise / minecraft:offset]=NoiseParameters[firstOctave=-3, amplitudes=[1.0, 1.0, 1.0, 0.0]]}, noise=net.minecraft.util.math.noise.DoublePerlinNoiseSampler@7977c5ae]]}]]}]]}], xzScale=0.25, yScale=0.0, noise=Noise[noiseData=Reference{ResourceKey[minecraft:worldgen/noise / minecraft:erosion]=NoiseParameters[firstOctave=-9, amplitudes=[1.0, 1.0, 0.0, 1.0, 1.0]]}, noise=net.minecraft.util.math.noise.DoublePerlinNoiseSampler@2e212c04]]}]]}], locations=[F@369a8643, values=[Implementation[coordinate=Coordinate[Direct{BinaryOperation[type=MUL, argument1=RegistryEntryHolder[function=Direct{Constant[value=-3.0]}], argument2=RegistryEntryHolder[function=Direct{BinaryOperation[type=ADD, argument1=RegistryEntryHolder[function=Direct{Constant[value=-0.3333333333333333]}], argument2=RegistryEntryHolder[function=Direct{UnaryOperation[type=ABS, input=RegistryEntryHolder[function=Direct{BinaryOperation[type=ADD, argument1=RegistryEntryHolder[function=Direct{Constant[value=-0.6666666666666666]}], argument2=RegistryEntryHolder[function=Direct{UnaryOperation[type=ABS, input=RegistryEntryHolder[function=Direct{Wrapping[type=FlatCache, wrapped=RegistryEntryHolder[function=Direct{ShiftedNoise[shiftX=RegistryEntryHolder[function=Direct{Wrapping[type=FlatCache, wrapped=RegistryEntryHolder[function=Direct{Wrapping[type=Cache2D, wrapped=RegistryEntryHolder[function=Direct{ShiftA[offsetNoise=Noise[noiseData=Reference{ResourceKey[minecraft:worldgen/noise / minecraft:offset]=NoiseParameters[firstOctave=-3, amplitudes=[1.0, 1.0, 1.0, 0.0]]}, noise=net.minecraft.util.math.noise.DoublePerlinNoiseSampler@7977c5ae]]}]]}]]}], shiftY=RegistryEntryHolder[function=Direct{Constant[value=0.0]}], shiftZ=RegistryEntryHolder[function=Direct{Wrapping[type=FlatCache, wrapped=RegistryEntryHolder[function=Direct{Wrapping[type=Cache2D, wrapped=RegistryEntryHolder[function=Direct{ShiftB[offsetNoise=Noise[noiseData=Reference{ResourceKey[minecraft:worldgen/noise / minecraft:offset]=NoiseParameters[firstOctave=-3, amplitudes=[1.0, 1.0, 1.0, 0.0]]}, noise=net.minecraft.util.math.noise.DoublePerlinNoiseSampler@7977c5ae]]}]]}]]}], xzScale=0.25, yScale=0.0, noise=Noise[noiseData=Reference{ResourceKey[minecraft:worldgen/noise / minecraft:ridge]=NoiseParameters[firstOctave=-7, amplitudes=[1.0, 2.0, 1.0, 0.0, 0.0, 0.0]]}, noise=net.minecraft.util.math.noise.DoublePerlinNoiseSampler@29ecbef]]}]]}], minValue=0.0, maxValue=5.7142857142857135]}], minValue=-0.6666666666666666, maxValue=5.047619047619047]}], minValue=0.0, maxValue=5.047619047619047]}], minValue=-0.3333333333333333, maxValue=4.7142857142857135]}], minValue=-14.14285714285714, maxValue=1.0]}], locations=[F@31b74fd7, values=[FixedFloatFunction[value=-0.08880186], FixedFloatFunction[value=0.69000006]], derivatives=[F@10a56962, minValue=-5.206643, maxValue=0.69000006], Implementation[coordinate=Coordinate[Direct{BinaryOperation[type=MUL, argument1=RegistryEntryHolder[function=Direct{Constant[value=-3.0]}], argument2=RegistryEntryHolder[function=Direct{BinaryOperation[type=ADD, argument1=RegistryEntryHolder[function=Direct{Constant[value=-0.3333333333333333]}], argument2=RegistryEntryHolder[function=Direct{UnaryOperation[type=ABS, input=RegistryEntryHolder[function=Direct{BinaryOperation[type=ADD, argument1=RegistryEntryHolder[function=Direct{Constant[value=-0.6666666666666666]}], argument2=RegistryEntryHolder[function=Direct{UnaryOperation[type=ABS, input=RegistryEntryHolder[function=Direct{Wrapping[type=FlatCache, wrapped=RegistryEntryHolder[function=Direct{ShiftedNoise[shiftX=RegistryEntryHolder[function=Direct{Wrapping[type=FlatCache, wrapped=RegistryEntryHolder[function=Direct{Wrapping[type=Cache2D, wrapped=RegistryEntryHolder[function=Direct{ShiftA[offsetNoise=Noise[noiseData=Reference{ResourceKey[minecraft:worldgen/noise / minecraft:offset]=NoiseParameters[firstOctave=-3, amplitudes=[1.0, 1.0, 1.0, 0.0]]}, noise=net.minecraft.util.math.noise.DoublePerlinNoiseSampler@7977c5ae]]}]]}]]}], shiftY=RegistryEntryHolder[function=Direct{Constant[value=0.0]}], shiftZ=RegistryEntryHolder[function=Direct{Wrapping[type=FlatCache, wrapped=RegistryEntryHolder[function=Direct{Wrapping[type=Cache2D, wrapped=RegistryEntryHolder[function=Direct{ShiftB[offsetNoise=Noise[noiseData=Reference{ResourceKey[minecraft:worldgen/noise / minecraft:offset]=NoiseParameters[firstOctave=-3, amplitudes=[1.0, 1.0, 1.0, 0.0]]}, noise=net.minecraft.util.math.noise.DoublePerlinNoiseSampler@7977c5ae]]}]]}]]}], xzScale=0.25, yScale=0.0, noise=Noise[noiseData=Reference{ResourceKey[minecraft:worldgen/noise / minecraft:ridge]=NoiseParameters[firstOctave=-7, amplitudes=[1.0, 2.0, 1.0, 0.0, 0.0, 0.0]]}, noise=net.minecraft.util.math.noise.DoublePerlinNoiseSampler@29ecbef]]}]]}], minValue=0.0, maxValue=5.7142857142857135]}], minValue=-0.6666666666666666, maxValue=5.047619047619047]}], minValue=0.0, maxValue=5.047619047619047]}], minValue=-0.3333333333333333, maxValue=4.7142857142857135]}], minValue=-14.14285714285714, maxValue=1.0]}], locations=[F@50f8605e, values=[FixedFloatFunction[value=-0.115760356], FixedFloatFunction[value=0.6400001]], derivatives=[F@32b25c9c, minValue=-5.082186, maxValue=0.6400001], Implementation[coordinate=Coordinate[Direct{BinaryOperation[type=MUL, argument1=RegistryEntryHolder[function=Direct{Constant[value=-3.0]}], argument2=RegistryEntryHolder[function=Direct{BinaryOperation[type=ADD, argument1=RegistryEntryHolder[function=Direct{Constant[value=-0.3333333333333333]}], argument2=RegistryEntryHolder[function=Direct{UnaryOperation[type=ABS, input=RegistryEntryHolder[function=Direct{BinaryOperation[type=ADD, argument1=RegistryEntryHolder[function=Direct{Constant[value=-0.6666666666666666]}], argument2=RegistryEntryHolder[function=Direct{UnaryOperation[type=ABS, input=RegistryEntryHolder[function=Direct{Wrapping[type=FlatCache, wrapped=RegistryEntryHolder[function=Direct{ShiftedNoise[shiftX=RegistryEntryHolder[function=Direct{Wrapping[type=FlatCache, wrapped=RegistryEntryHolder[function=Direct{Wrapping[type=Cache2D, wrapped=RegistryEntryHolder[function=Direct{ShiftA[offsetNoise=Noise[noiseData=Reference{ResourceKey[minecraft:worldgen/noise / minecraft:offset]=NoiseParameters[firstOctave=-3, amplitudes=[1.0, 1.0, 1.0, 0.0]]}, noise=net.minecraft.util.math.noise.DoublePerlinNoiseSampler@7977c5ae]]}]]}]]}], shiftY=RegistryEntryHolder[function=Direct{Constant[value=0.0]}], shiftZ=RegistryEntryHolder[function=Direct{Wrapping[type=FlatCache, wrapped=RegistryEntryHolder[function=Direct{Wrapping[type=Cache2D, wrapped=RegistryEntryHolder[function=Direct{ShiftB[offsetNoise=Noise[noiseData=Reference{ResourceKey[minecraft:worldgen/noise / minecraft:offset]=NoiseParameters[firstOctave=-3, amplitudes=[1.0, 1.0, 1.0, 0.0]]}, noise=net.minecraft.util.math.noise.DoublePerlinNoiseSampler@7977c5ae]]}]]}]]}], xzScale=0.25, yScale=0.0, noise=Noise[noiseData=Reference{ResourceKey[minecraft:worldgen/noise / minecraft:ridge]=NoiseParameters[firstOctave=-7, amplitudes=[1.0, 2.0, 1.0, 0.0, 0.0, 0.0]]}, noise=net.minecraft.util.math.noise.DoublePerlinNoiseSampler@29ecbef]]}]]}], minValue=0.0, maxValue=5.7142857142857135]}], minValue=-0.6666666666666666, maxValue=5.047619047619047]}], minValue=0.0, maxValue=5.047619047619047]}], minValue=-0.3333333333333333, maxValue=4.7142857142857135]}], minValue=-14.14285714285714, maxValue=1.0]}], locations=[F@397074ea, values=[FixedFloatFunction[value=-0.2222], FixedFloatFunction[value=-0.2222], FixedFloatFunction[value=0.0], FixedFloatFunction[value=2.9802322E-8], FixedFloatFunction[value=2.9802322E-8], FixedFloatFunction[value=0.100000024]], derivatives=[F@225f4df, minValue=-0.2222, maxValue=0.100000024], Implementation[coordinate=Coordinate[Direct{BinaryOperation[type=MUL, argument1=RegistryEntryHolder[function=Direct{Constant[value=-3.0]}], argument2=RegistryEntryHolder[function=Direct{BinaryOperation[type=ADD, argument1=RegistryEntryHolder[function=Direct{Constant[value=-0.3333333333333333]}], argument2=RegistryEntryHolder[function=Direct{UnaryOperation[type=ABS, input=RegistryEntryHolder[function=Direct{BinaryOperation[type=ADD, argument1=RegistryEntryHolder[function=Direct{Constant[value=-0.6666666666666666]}], argument2=RegistryEntryHolder[function=Direct{UnaryOperation[type=ABS, input=RegistryEntryHolder[function=Direct{Wrapping[type=FlatCache, wrapped=RegistryEntryHolder[function=Direct{ShiftedNoise[shiftX=RegistryEntryHolder[function=Direct{Wrapping[type=FlatCache, wrapped=RegistryEntryHolder[function=Direct{Wrapping[type=Cache2D, wrapped=RegistryEntryHolder[function=Direct{ShiftA[offsetNoise=Noise[noiseData=Reference{ResourceKey[minecraft:worldgen/noise / minecraft:offset]=NoiseParameters[firstOctave=-3, amplitudes=[1.0, 1.0, 1.0, 0.0]]}, noise=net.minecraft.util.math.noise.DoublePerlinNoiseSampler@7977c5ae]]}]]}]]}], shiftY=RegistryEntryHolder[function=Direct{Constant[value=0.0]}], shiftZ=RegistryEntryHolder[function=Direct{Wrapping[type=FlatCache, wrapped=RegistryEntryHolder[function=Direct{Wrapping[type=Cache2D, wrapped=RegistryEntryHolder[function=Direct{ShiftB[offsetNoise=Noise[noiseData=Reference{ResourceKey[minecraft:worldgen/noise / minecraft:offset]=NoiseParameters[firstOctave=-3, amplitudes=[1.0, 1.0, 1.0, 0.0]]}, noise=net.minecraft.util.math.noise.DoublePerlinNoiseSampler@7977c5ae]]}]]}]]}], xzScale=0.25, yScale=0.0, noise=Noise[noiseData=Reference{ResourceKey[minecraft:worldgen/noise / minecraft:ridge]=NoiseParameters[firstOctave=-7, amplitudes=[1.0, 2.0, 1.0, 0.0, 0.0, 0.0]]}, noise=net.minecraft.util.math.noise.DoublePerlinNoiseSampler@29ecbef]]}]]}], minValue=0.0, maxValue=5.7142857142857135]}], minValue=-0.6666666666666666, maxValue=5.047619047619047]}], minValue=0.0, maxValue=5.047619047619047]}], minValue=-0.3333333333333333, maxValue=4.7142857142857135]}], minValue=-14.14285714285714, maxValue=1.0]}], locations=[F@114c9e55, values=[FixedFloatFunction[value=-0.3], FixedFloatFunction[value=0.05], FixedFloatFunction[value=0.05], FixedFloatFunction[value=0.05], FixedFloatFunction[value=0.060000002]], derivatives=[F@313a665c, minValue=-6.871429, maxValue=0.1375], Implementation[coordinate=Coordinate[Direct{BinaryOperation[type=MUL, argument1=RegistryEntryHolder[function=Direct{Constant[value=-3.0]}], argument2=RegistryEntryHolder[function=Direct{BinaryOperation[type=ADD, argument1=RegistryEntryHolder[function=Direct{Constant[value=-0.3333333333333333]}], argument2=RegistryEntryHolder[function=Direct{UnaryOperation[type=ABS, input=RegistryEntryHolder[function=Direct{BinaryOperation[type=ADD, argument1=RegistryEntryHolder[function=Direct{Constant[value=-0.6666666666666666]}], argument2=RegistryEntryHolder[function=Direct{UnaryOperation[type=ABS, input=RegistryEntryHolder[function=Direct{Wrapping[type=FlatCache, wrapped=RegistryEntryHolder[function=Direct{ShiftedNoise[shiftX=RegistryEntryHolder[function=Direct{Wrapping[type=FlatCache, wrapped=RegistryEntryHolder[function=Direct{Wrapping[type=Cache2D, wrapped=RegistryEntryHolder[function=Direct{ShiftA[offsetNoise=Noise[noiseData=Reference{ResourceKey[minecraft:worldgen/noise / minecraft:offset]=NoiseParameters[firstOctave=-3, amplitudes=[1.0, 1.0, 1.0, 0.0]]}, noise=net.minecraft.util.math.noise.DoublePerlinNoiseSampler@7977c5ae]]}]]}]]}], shiftY=RegistryEntryHolder[function=Direct{Constant[value=0.0]}], shiftZ=RegistryEntryHolder[function=Direct{Wrapping[type=FlatCache, wrapped=RegistryEntryHolder[function=Direct{Wrapping[type=Cache2D, wrapped=RegistryEntryHolder[function=Direct{ShiftB[offsetNoise=Noise[noiseData=Reference{ResourceKey[minecraft:worldgen/noise / minecraft:offset]=NoiseParameters[firstOctave=-3, amplitudes=[1.0, 1.0, 1.0, 0.0]]}, noise=net.minecraft.util.math.noise.DoublePerlinNoiseSampler@7977c5ae]]}]]}]]}], xzScale=0.25, yScale=0.0, noise=Noise[noiseData=Reference{ResourceKey[minecraft:worldgen/noise / minecraft:ridge]=NoiseParameters[firstOctave=-7, amplitudes=[1.0, 2.0, 1.0, 0.0, 0.0, 0.0]]}, noise=net.minecraft.util.math.noise.DoublePerlinNoiseSampler@29ecbef]]}]]}], minValue=0.0, maxValue=5.7142857142857135]}], minValue=-0.6666666666666666, maxValue=5.047619047619047]}], minValue=0.0, maxValue=5.047619047619047]}], minValue=-0.3333333333333333, maxValue=4.7142857142857135]}], minValue=-14.14285714285714, maxValue=1.0]}], locations=[F@bd783b5, values=[FixedFloatFunction[value=-0.15], FixedFloatFunction[value=0.0], FixedFloatFunction[value=0.0], FixedFloatFunction[value=0.05], FixedFloatFunction[value=0.060000002]], derivatives=[F@26791d1c, minValue=-6.721429, maxValue=0.072500005], Implementation[coordinate=Coordinate[Direct{BinaryOperation[type=MUL, argument1=RegistryEntryHolder[function=Direct{Constant[value=-3.0]}], argument2=RegistryEntryHolder[function=Direct{BinaryOperation[type=ADD, argument1=RegistryEntryHolder[function=Direct{Constant[value=-0.3333333333333333]}], argument2=RegistryEntryHolder[function=Direct{UnaryOperation[type=ABS, input=RegistryEntryHolder[function=Direct{BinaryOperation[type=ADD, argument1=RegistryEntryHolder[function=Direct{Constant[value=-0.6666666666666666]}], argument2=RegistryEntryHolder[function=Direct{UnaryOperation[type=ABS, input=RegistryEntryHolder[function=Direct{Wrapping[type=FlatCache, wrapped=RegistryEntryHolder[function=Direct{ShiftedNoise[shiftX=RegistryEntryHolder[function=Direct{Wrapping[type=FlatCache, wrapped=RegistryEntryHolder[function=Direct{Wrapping[type=Cache2D, wrapped=RegistryEntryHolder[function=Direct{ShiftA[offsetNoise=Noise[noiseData=Reference{ResourceKey[minecraft:worldgen/noise / minecraft:offset]=NoiseParameters[firstOctave=-3, amplitudes=[1.0, 1.0, 1.0, 0.0]]}, noise=net.minecraft.util.math.noise.DoublePerlinNoiseSampler@7977c5ae]]}]]}]]}], shiftY=RegistryEntryHolder[function=Direct{Constant[value=0.0]}], shiftZ=RegistryEntryHolder[function=Direct{Wrapping[type=FlatCache, wrapped=RegistryEntryHolder[function=Direct{Wrapping[type=Cache2D, wrapped=RegistryEntryHolder[function=Direct{ShiftB[offsetNoise=Noise[noiseData=Reference{ResourceKey[minecraft:worldgen/noise / minecraft:offset]=NoiseParameters[firstOctave=-3, amplitudes=[1.0, 1.0, 1.0, 0.0]]}, noise=net.minecraft.util.math.noise.DoublePerlinNoiseSampler@7977c5ae]]}]]}]]}], xzScale=0.25, yScale=0.0, noise=Noise[noiseData=Reference{ResourceKey[minecraft:worldgen/noise / minecraft:ridge]=NoiseParameters[firstOctave=-7, amplitudes=[1.0, 2.0, 1.0, 0.0, 0.0, 0.0]]}, noise=net.minecraft.util.math.noise.DoublePerlinNoiseSampler@29ecbef]]}]]}], minValue=0.0, maxValue=5.7142857142857135]}], minValue=-0.6666666666666666, maxValue=5.047619047619047]}], minValue=0.0, maxValue=5.047619047619047]}], minValue=-0.3333333333333333, maxValue=4.7142857142857135]}], minValue=-14.14285714285714, maxValue=1.0]}], locations=[F@533281b0, values=[FixedFloatFunction[value=-0.15], FixedFloatFunction[value=0.0], FixedFloatFunction[value=0.0], FixedFloatFunction[value=0.0], FixedFloatFunction[value=0.0]], derivatives=[F@3158050c, minValue=-6.721429, maxValue=0.0375], Implementation[coordinate=Coordinate[Direct{BinaryOperation[type=MUL, argument1=RegistryEntryHolder[function=Direct{Constant[value=-3.0]}], argument2=RegistryEntryHolder[function=Direct{BinaryOperation[type=ADD, argument1=RegistryEntryHolder[function=Direct{Constant[value=-0.3333333333333333]}], argument2=RegistryEntryHolder[function=Direct{UnaryOperation[type=ABS, input=RegistryEntryHolder[function=Direct{BinaryOperation[type=ADD, argument1=RegistryEntryHolder[function=Direct{Constant[value=-0.6666666666666666]}], argument2=RegistryEntryHolder[function=Direct{UnaryOperation[type=ABS, input=RegistryEntryHolder[function=Direct{Wrapping[type=FlatCache, wrapped=RegistryEntryHolder[function=Direct{ShiftedNoise[shiftX=RegistryEntryHolder[function=Direct{Wrapping[type=FlatCache, wrapped=RegistryEntryHolder[function=Direct{Wrapping[type=Cache2D, wrapped=RegistryEntryHolder[function=Direct{ShiftA[offsetNoise=Noise[noiseData=Reference{ResourceKey[minecraft:worldgen/noise / minecraft:offset]=NoiseParameters[firstOctave=-3, amplitudes=[1.0, 1.0, 1.0, 0.0]]}, noise=net.minecraft.util.math.noise.DoublePerlinNoiseSampler@7977c5ae]]}]]}]]}], shiftY=RegistryEntryHolder[function=Direct{Constant[value=0.0]}], shiftZ=RegistryEntryHolder[function=Direct{Wrapping[type=FlatCache, wrapped=RegistryEntryHolder[function=Direct{Wrapping[type=Cache2D, wrapped=RegistryEntryHolder[function=Direct{ShiftB[offsetNoise=Noise[noiseData=Reference{ResourceKey[minecraft:worldgen/noise / minecraft:offset]=NoiseParameters[firstOctave=-3, amplitudes=[1.0, 1.0, 1.0, 0.0]]}, noise=net.minecraft.util.math.noise.DoublePerlinNoiseSampler@7977c5ae]]}]]}]]}], xzScale=0.25, yScale=0.0, noise=Noise[noiseData=Reference{ResourceKey[minecraft:worldgen/noise / minecraft:ridge]=NoiseParameters[firstOctave=-7, amplitudes=[1.0, 2.0, 1.0, 0.0, 0.0, 0.0]]}, noise=net.minecraft.util.math.noise.DoublePerlinNoiseSampler@29ecbef]]}]]}], minValue=0.0, maxValue=5.7142857142857135]}], minValue=-0.6666666666666666, maxValue=5.047619047619047]}], minValue=0.0, maxValue=5.047619047619047]}], minValue=-0.3333333333333333, maxValue=4.7142857142857135]}], minValue=-14.14285714285714, maxValue=1.0]}], locations=[F@6a5e2b9, values=[FixedFloatFunction[value=-0.02], FixedFloatFunction[value=-0.03], FixedFloatFunction[value=-0.03], FixedFloatFunction[value=0.0], FixedFloatFunction[value=0.0]], derivatives=[F@685a8e8c, minValue=-0.037499998, maxValue=0.009000001]], derivatives=[F@2fa2bd36, minValue=-6.871429, maxValue=0.69000006], Implementation[coordinate=Coordinate[Direct{Wrapping[type=FlatCache, wrapped=RegistryEntryHolder[function=Direct{ShiftedNoise[shiftX=RegistryEntryHolder[function=Direct{Wrapping[type=FlatCache, wrapped=RegistryEntryHolder[function=Direct{Wrapping[type=Cache2D, wrapped=RegistryEntryHolder[function=Direct{ShiftA[offsetNoise=Noise[noiseData=Reference{ResourceKey[minecraft:worldgen/noise / minecraft:offset]=NoiseParameters[firstOctave=-3, amplitudes=[1.0, 1.0, 1.0, 0.0]]}, noise=net.minecraft.util.math.noise.DoublePerlinNoiseSampler@7977c5ae]]}]]}]]}], shiftY=RegistryEntryHolder[function=Direct{Constant[value=0.0]}], shiftZ=RegistryEntryHolder[function=Direct{Wrapping[type=FlatCache, wrapped=RegistryEntryHolder[function=Direct{Wrapping[type=Cache2D, wrapped=RegistryEntryHolder[function=Direct{ShiftB[offsetNoise=Noise[noiseData=Reference{ResourceKey[minecraft:worldgen/noise / minecraft:offset]=NoiseParameters[firstOctave=-3, amplitudes=[1.0, 1.0, 1.0, 0.0]]}, noise=net.minecraft.util.math.noise.DoublePerlinNoiseSampler@7977c5ae]]}]]}]]}], xzScale=0.25, yScale=0.0, noise=Noise[noiseData=Reference{ResourceKey[minecraft:worldgen/noise / minecraft:erosion]=NoiseParameters[firstOctave=-9, amplitudes=[1.0, 1.0, 0.0, 1.0, 1.0]]}, noise=net.minecraft.util.math.noise.DoublePerlinNoiseSampler@2e212c04]]}]]}], locations=[F@5e23bdab, values=[Implementation[coordinate=Coordinate[Direct{BinaryOperation[type=MUL, argument1=RegistryEntryHolder[function=Direct{Constant[value=-3.0]}], argument2=RegistryEntryHolder[function=Direct{BinaryOperation[type=ADD, argument1=RegistryEntryHolder[function=Direct{Constant[value=-0.3333333333333333]}], argument2=RegistryEntryHolder[function=Direct{UnaryOperation[type=ABS, input=RegistryEntryHolder[function=Direct{BinaryOperation[type=ADD, argument1=RegistryEntryHolder[function=Direct{Constant[value=-0.6666666666666666]}], argument2=RegistryEntryHolder[function=Direct{UnaryOperation[type=ABS, input=RegistryEntryHolder[function=Direct{Wrapping[type=FlatCache, wrapped=RegistryEntryHolder[function=Direct{ShiftedNoise[shiftX=RegistryEntryHolder[function=Direct{Wrapping[type=FlatCache, wrapped=RegistryEntryHolder[function=Direct{Wrapping[type=Cache2D, wrapped=RegistryEntryHolder[function=Direct{ShiftA[offsetNoise=Noise[noiseData=Reference{ResourceKey[minecraft:worldgen/noise / minecraft:offset]=NoiseParameters[firstOctave=-3, amplitudes=[1.0, 1.0, 1.0, 0.0]]}, noise=net.minecraft.util.math.noise.DoublePerlinNoiseSampler@7977c5ae]]}]]}]]}], shiftY=RegistryEntryHolder[function=Direct{Constant[value=0.0]}], shiftZ=RegistryEntryHolder[function=Direct{Wrapping[type=FlatCache, wrapped=RegistryEntryHolder[function=Direct{Wrapping[type=Cache2D, wrapped=RegistryEntryHolder[function=Direct{ShiftB[offsetNoise=Noise[noiseData=Reference{ResourceKey[minecraft:worldgen/noise / minecraft:offset]=NoiseParameters[firstOctave=-3, amplitudes=[1.0, 1.0, 1.0, 0.0]]}, noise=net.minecraft.util.math.noise.DoublePerlinNoiseSampler@7977c5ae]]}]]}]]}], xzScale=0.25, yScale=0.0, noise=Noise[noiseData=Reference{ResourceKey[minecraft:worldgen/noise / minecraft:ridge]=NoiseParameters[firstOctave=-7, amplitudes=[1.0, 2.0, 1.0, 0.0, 0.0, 0.0]]}, noise=net.minecraft.util.math.noise.DoublePerlinNoiseSampler@29ecbef]]}]]}], minValue=0.0, maxValue=5.7142857142857135]}], minValue=-0.6666666666666666, maxValue=5.047619047619047]}], minValue=0.0, maxValue=5.047619047619047]}], minValue=-0.3333333333333333, maxValue=4.7142857142857135]}], minValue=-14.14285714285714, maxValue=1.0]}], locations=[F@77ba2cfc, values=[FixedFloatFunction[value=-0.08880186], FixedFloatFunction[value=0.69000006]], derivatives=[F@4b28e269, minValue=-5.206643, maxValue=0.69000006], Implementation[coordinate=Coordinate[Direct{BinaryOperation[type=MUL, argument1=RegistryEntryHolder[function=Direct{Constant[value=-3.0]}], argument2=RegistryEntryHolder[function=Direct{BinaryOperation[type=ADD, argument1=RegistryEntryHolder[function=Direct{Constant[value=-0.3333333333333333]}], argument2=RegistryEntryHolder[function=Direct{UnaryOperation[type=ABS, input=RegistryEntryHolder[function=Direct{BinaryOperation[type=ADD, argument1=RegistryEntryHolder[function=Direct{Constant[value=-0.6666666666666666]}], argument2=RegistryEntryHolder[function=Direct{UnaryOperation[type=ABS, input=RegistryEntryHolder[function=Direct{Wrapping[type=FlatCache, wrapped=RegistryEntryHolder[function=Direct{ShiftedNoise[shiftX=RegistryEntryHolder[function=Direct{Wrapping[type=FlatCache, wrapped=RegistryEntryHolder[function=Direct{Wrapping[type=Cache2D, wrapped=RegistryEntryHolder[function=Direct{ShiftA[offsetNoise=Noise[noiseData=Reference{ResourceKey[minecraft:worldgen/noise / minecraft:offset]=NoiseParameters[firstOctave=-3, amplitudes=[1.0, 1.0, 1.0, 0.0]]}, noise=net.minecraft.util.math.noise.DoublePerlinNoiseSampler@7977c5ae]]}]]}]]}], shiftY=RegistryEntryHolder[function=Direct{Constant[value=0.0]}], shiftZ=RegistryEntryHolder[function=Direct{Wrapping[type=FlatCache, wrapped=RegistryEntryHolder[function=Direct{Wrapping[type=Cache2D, wrapped=RegistryEntryHolder[function=Direct{ShiftB[offsetNoise=Noise[noiseData=Reference{ResourceKey[minecraft:worldgen/noise / minecraft:offset]=NoiseParameters[firstOctave=-3, amplitudes=[1.0, 1.0, 1.0, 0.0]]}, noise=net.minecraft.util.math.noise.DoublePerlinNoiseSampler@7977c5ae]]}]]}]]}], xzScale=0.25, yScale=0.0, noise=Noise[noiseData=Reference{ResourceKey[minecraft:worldgen/noise / minecraft:ridge]=NoiseParameters[firstOctave=-7, amplitudes=[1.0, 2.0, 1.0, 0.0, 0.0, 0.0]]}, noise=net.minecraft.util.math.noise.DoublePerlinNoiseSampler@29ecbef]]}]]}], minValue=0.0, maxValue=5.7142857142857135]}], minValue=-0.6666666666666666, maxValue=5.047619047619047]}], minValue=0.0, maxValue=5.047619047619047]}], minValue=-0.3333333333333333, maxValue=4.7142857142857135]}], minValue=-14.14285714285714, maxValue=1.0]}], locations=[F@71d9bd37, values=[FixedFloatFunction[value=-0.115760356], FixedFloatFunction[value=0.6400001]], derivatives=[F@32549842, minValue=-5.082186, maxValue=0.6400001], Implementation[coordinate=Coordinate[Direct{BinaryOperation[type=MUL, argument1=RegistryEntryHolder[function=Direct{Constant[value=-3.0]}], argument2=RegistryEntryHolder[function=Direct{BinaryOperation[type=ADD, argument1=RegistryEntryHolder[function=Direct{Constant[value=-0.3333333333333333]}], argument2=RegistryEntryHolder[function=Direct{UnaryOperation[type=ABS, input=RegistryEntryHolder[function=Direct{BinaryOperation[type=ADD, argument1=RegistryEntryHolder[function=Direct{Constant[value=-0.6666666666666666]}], argument2=RegistryEntryHolder[function=Direct{UnaryOperation[type=ABS, input=RegistryEntryHolder[function=Direct{Wrapping[type=FlatCache, wrapped=RegistryEntryHolder[function=Direct{ShiftedNoise[shiftX=RegistryEntryHolder[function=Direct{Wrapping[type=FlatCache, wrapped=RegistryEntryHolder[function=Direct{Wrapping[type=Cache2D, wrapped=RegistryEntryHolder[function=Direct{ShiftA[offsetNoise=Noise[noiseData=Reference{ResourceKey[minecraft:worldgen/noise / minecraft:offset]=NoiseParameters[firstOctave=-3, amplitudes=[1.0, 1.0, 1.0, 0.0]]}, noise=net.minecraft.util.math.noise.DoublePerlinNoiseSampler@7977c5ae]]}]]}]]}], shiftY=RegistryEntryHolder[function=Direct{Constant[value=0.0]}], shiftZ=RegistryEntryHolder[function=Direct{Wrapping[type=FlatCache, wrapped=RegistryEntryHolder[function=Direct{Wrapping[type=Cache2D, wrapped=RegistryEntryHolder[function=Direct{ShiftB[offsetNoise=Noise[noiseData=Reference{ResourceKey[minecraft:worldgen/noise / minecraft:offset]=NoiseParameters[firstOctave=-3, amplitudes=[1.0, 1.0, 1.0, 0.0]]}, noise=net.minecraft.util.math.noise.DoublePerlinNoiseSampler@7977c5ae]]}]]}]]}], xzScale=0.25, yScale=0.0, noise=Noise[noiseData=Reference{ResourceKey[minecraft:worldgen/noise / minecraft:ridge]=NoiseParameters[firstOctave=-7, amplitudes=[1.0, 2.0, 1.0, 0.0, 0.0, 0.0]]}, noise=net.minecraft.util.math.noise.DoublePerlinNoiseSampler@29ecbef]]}]]}], minValue=0.0, maxValue=5.7142857142857135]}], minValue=-0.6666666666666666, maxValue=5.047619047619047]}], minValue=0.0, maxValue=5.047619047619047]}], minValue=-0.3333333333333333, maxValue=4.7142857142857135]}], minValue=-14.14285714285714, maxValue=1.0]}], locations=[F@142f8f38, values=[FixedFloatFunction[value=-0.2222], FixedFloatFunction[value=-0.2222], FixedFloatFunction[value=0.0], FixedFloatFunction[value=2.9802322E-8], FixedFloatFunction[value=2.9802322E-8], FixedFloatFunction[value=0.100000024]], derivatives=[F@18980c7e, minValue=-0.2222, maxValue=0.100000024], Implementation[coordinate=Coordinate[Direct{BinaryOperation[type=MUL, argument1=RegistryEntryHolder[function=Direct{Constant[value=-3.0]}], argument2=RegistryEntryHolder[function=Direct{BinaryOperation[type=ADD, argument1=RegistryEntryHolder[function=Direct{Constant[value=-0.3333333333333333]}], argument2=RegistryEntryHolder[function=Direct{UnaryOperation[type=ABS, input=RegistryEntryHolder[function=Direct{BinaryOperation[type=ADD, argument1=RegistryEntryHolder[function=Direct{Constant[value=-0.6666666666666666]}], argument2=RegistryEntryHolder[function=Direct{UnaryOperation[type=ABS, input=RegistryEntryHolder[function=Direct{Wrapping[type=FlatCache, wrapped=RegistryEntryHolder[function=Direct{ShiftedNoise[shiftX=RegistryEntryHolder[function=Direct{Wrapping[type=FlatCache, wrapped=RegistryEntryHolder[function=Direct{Wrapping[type=Cache2D, wrapped=RegistryEntryHolder[function=Direct{ShiftA[offsetNoise=Noise[noiseData=Reference{ResourceKey[minecraft:worldgen/noise / minecraft:offset]=NoiseParameters[firstOctave=-3, amplitudes=[1.0, 1.0, 1.0, 0.0]]}, noise=net.minecraft.util.math.noise.DoublePerlinNoiseSampler@7977c5ae]]}]]}]]}], shiftY=RegistryEntryHolder[function=Direct{Constant[value=0.0]}], shiftZ=RegistryEntryHolder[function=Direct{Wrapping[type=FlatCache, wrapped=RegistryEntryHolder[function=Direct{Wrapping[type=Cache2D, wrapped=RegistryEntryHolder[function=Direct{ShiftB[offsetNoise=Noise[noiseData=Reference{ResourceKey[minecraft:worldgen/noise / minecraft:offset]=NoiseParameters[firstOctave=-3, amplitudes=[1.0, 1.0, 1.0, 0.0]]}, noise=net.minecraft.util.math.noise.DoublePerlinNoiseSampler@7977c5ae]]}]]}]]}], xzScale=0.25, yScale=0.0, noise=Noise[noiseData=Reference{ResourceKey[minecraft:worldgen/noise / minecraft:ridge]=NoiseParameters[firstOctave=-7, amplitudes=[1.0, 2.0, 1.0, 0.0, 0.0, 0.0]]}, noise=net.minecraft.util.math.noise.DoublePerlinNoiseSampler@29ecbef]]}]]}], minValue=0.0, maxValue=5.7142857142857135]}], minValue=-0.6666666666666666, maxValue=5.047619047619047]}], minValue=0.0, maxValue=5.047619047619047]}], minValue=-0.3333333333333333, maxValue=4.7142857142857135]}], minValue=-14.14285714285714, maxValue=1.0]}], locations=[F@24143a5f, values=[FixedFloatFunction[value=-0.3], FixedFloatFunction[value=0.05], FixedFloatFunction[value=0.05], FixedFloatFunction[value=0.05], FixedFloatFunction[value=0.060000002]], derivatives=[F@32143017, minValue=-6.871429, maxValue=0.1375], Implementation[coordinate=Coordinate[Direct{BinaryOperation[type=MUL, argument1=RegistryEntryHolder[function=Direct{Constant[value=-3.0]}], argument2=RegistryEntryHolder[function=Direct{BinaryOperation[type=ADD, argument1=RegistryEntryHolder[function=Direct{Constant[value=-0.3333333333333333]}], argument2=RegistryEntryHolder[function=Direct{UnaryOperation[type=ABS, input=RegistryEntryHolder[function=Direct{BinaryOperation[type=ADD, argument1=RegistryEntryHolder[function=Direct{Constant[value=-0.6666666666666666]}], argument2=RegistryEntryHolder[function=Direct{UnaryOperation[type=ABS, input=RegistryEntryHolder[function=Direct{Wrapping[type=FlatCache, wrapped=RegistryEntryHolder[function=Direct{ShiftedNoise[shiftX=RegistryEntryHolder[function=Direct{Wrapping[type=FlatCache, wrapped=RegistryEntryHolder[function=Direct{Wrapping[type=Cache2D, wrapped=RegistryEntryHolder[function=Direct{ShiftA[offsetNoise=Noise[noiseData=Reference{ResourceKey[minecraft:worldgen/noise / minecraft:offset]=NoiseParameters[firstOctave=-3, amplitudes=[1.0, 1.0, 1.0, 0.0]]}, noise=net.minecraft.util.math.noise.DoublePerlinNoiseSampler@7977c5ae]]}]]}]]}], shiftY=RegistryEntryHolder[function=Direct{Constant[value=0.0]}], shiftZ=RegistryEntryHolder[function=Direct{Wrapping[type=FlatCache, wrapped=RegistryEntryHolder[function=Direct{Wrapping[type=Cache2D, wrapped=RegistryEntryHolder[function=Direct{ShiftB[offsetNoise=Noise[noiseData=Reference{ResourceKey[minecraft:worldgen/noise / minecraft:offset]=NoiseParameters[firstOctave=-3, amplitudes=[1.0, 1.0, 1.0, 0.0]]}, noise=net.minecraft.util.math.noise.DoublePerlinNoiseSampler@7977c5ae]]}]]}]]}], xzScale=0.25, yScale=0.0, noise=Noise[noiseData=Reference{ResourceKey[minecraft:worldgen/noise / minecraft:ridge]=NoiseParameters[firstOctave=-7, amplitudes=[1.0, 2.0, 1.0, 0.0, 0.0, 0.0]]}, noise=net.minecraft.util.math.noise.DoublePerlinNoiseSampler@29ecbef]]}]]}], minValue=0.0, maxValue=5.7142857142857135]}], minValue=-0.6666666666666666, maxValue=5.047619047619047]}], minValue=0.0, maxValue=5.047619047619047]}], minValue=-0.3333333333333333, maxValue=4.7142857142857135]}], minValue=-14.14285714285714, maxValue=1.0]}], locations=[F@5aaa2f22, values=[FixedFloatFunction[value=-0.15], FixedFloatFunction[value=0.0], FixedFloatFunction[value=0.0], FixedFloatFunction[value=0.05], FixedFloatFunction[value=0.060000002]], derivatives=[F@28933f5, minValue=-6.721429, maxValue=0.072500005], Implementation[coordinate=Coordinate[Direct{BinaryOperation[type=MUL, argument1=RegistryEntryHolder[function=Direct{Constant[value=-3.0]}], argument2=RegistryEntryHolder[function=Direct{BinaryOperation[type=ADD, argument1=RegistryEntryHolder[function=Direct{Constant[value=-0.3333333333333333]}], argument2=RegistryEntryHolder[function=Direct{UnaryOperation[type=ABS, input=RegistryEntryHolder[function=Direct{BinaryOperation[type=ADD, argument1=RegistryEntryHolder[function=Direct{Constant[value=-0.6666666666666666]}], argument2=RegistryEntryHolder[function=Direct{UnaryOperation[type=ABS, input=RegistryEntryHolder[function=Direct{Wrapping[type=FlatCache, wrapped=RegistryEntryHolder[function=Direct{ShiftedNoise[shiftX=RegistryEntryHolder[function=Direct{Wrapping[type=FlatCache, wrapped=RegistryEntryHolder[function=Direct{Wrapping[type=Cache2D, wrapped=RegistryEntryHolder[function=Direct{ShiftA[offsetNoise=Noise[noiseData=Reference{ResourceKey[minecraft:worldgen/noise / minecraft:offset]=NoiseParameters[firstOctave=-3, amplitudes=[1.0, 1.0, 1.0, 0.0]]}, noise=net.minecraft.util.math.noise.DoublePerlinNoiseSampler@7977c5ae]]}]]}]]}], shiftY=RegistryEntryHolder[function=Direct{Constant[value=0.0]}], shiftZ=RegistryEntryHolder[function=Direct{Wrapping[type=FlatCache, wrapped=RegistryEntryHolder[function=Direct{Wrapping[type=Cache2D, wrapped=RegistryEntryHolder[function=Direct{ShiftB[offsetNoise=Noise[noiseData=Reference{ResourceKey[minecraft:worldgen/noise / minecraft:offset]=NoiseParameters[firstOctave=-3, amplitudes=[1.0, 1.0, 1.0, 0.0]]}, noise=net.minecraft.util.math.noise.DoublePerlinNoiseSampler@7977c5ae]]}]]}]]}], xzScale=0.25, yScale=0.0, noise=Noise[noiseData=Reference{ResourceKey[minecraft:worldgen/noise / minecraft:ridge]=NoiseParameters[firstOctave=-7, amplitudes=[1.0, 2.0, 1.0, 0.0, 0.0, 0.0]]}, noise=net.minecraft.util.math.noise.DoublePerlinNoiseSampler@29ecbef]]}]]}], minValue=0.0, maxValue=5.7142857142857135]}], minValue=-0.6666666666666666, maxValue=5.047619047619047]}], minValue=0.0, maxValue=5.047619047619047]}], minValue=-0.3333333333333333, maxValue=4.7142857142857135]}], minValue=-14.14285714285714, maxValue=1.0]}], locations=[F@74a3739, values=[FixedFloatFunction[value=-0.15], FixedFloatFunction[value=0.0], FixedFloatFunction[value=0.0], FixedFloatFunction[value=0.0], FixedFloatFunction[value=0.0]], derivatives=[F@144d2b4f, minValue=-6.721429, maxValue=0.0375], Implementation[coordinate=Coordinate[Direct{BinaryOperation[type=MUL, argument1=RegistryEntryHolder[function=Direct{Constant[value=-3.0]}], argument2=RegistryEntryHolder[function=Direct{BinaryOperation[type=ADD, argument1=RegistryEntryHolder[function=Direct{Constant[value=-0.3333333333333333]}], argument2=RegistryEntryHolder[function=Direct{UnaryOperation[type=ABS, input=RegistryEntryHolder[function=Direct{BinaryOperation[type=ADD, argument1=RegistryEntryHolder[function=Direct{Constant[value=-0.6666666666666666]}], argument2=RegistryEntryHolder[function=Direct{UnaryOperation[type=ABS, input=RegistryEntryHolder[function=Direct{Wrapping[type=FlatCache, wrapped=RegistryEntryHolder[function=Direct{ShiftedNoise[shiftX=RegistryEntryHolder[function=Direct{Wrapping[type=FlatCache, wrapped=RegistryEntryHolder[function=Direct{Wrapping[type=Cache2D, wrapped=RegistryEntryHolder[function=Direct{ShiftA[offsetNoise=Noise[noiseData=Reference{ResourceKey[minecraft:worldgen/noise / minecraft:offset]=NoiseParameters[firstOctave=-3, amplitudes=[1.0, 1.0, 1.0, 0.0]]}, noise=net.minecraft.util.math.noise.DoublePerlinNoiseSampler@7977c5ae]]}]]}]]}], shiftY=RegistryEntryHolder[function=Direct{Constant[value=0.0]}], shiftZ=RegistryEntryHolder[function=Direct{Wrapping[type=FlatCache, wrapped=RegistryEntryHolder[function=Direct{Wrapping[type=Cache2D, wrapped=RegistryEntryHolder[function=Direct{ShiftB[offsetNoise=Noise[noiseData=Reference{ResourceKey[minecraft:worldgen/noise / minecraft:offset]=NoiseParameters[firstOctave=-3, amplitudes=[1.0, 1.0, 1.0, 0.0]]}, noise=net.minecraft.util.math.noise.DoublePerlinNoiseSampler@7977c5ae]]}]]}]]}], xzScale=0.25, yScale=0.0, noise=Noise[noiseData=Reference{ResourceKey[minecraft:worldgen/noise / minecraft:ridge]=NoiseParameters[firstOctave=-7, amplitudes=[1.0, 2.0, 1.0, 0.0, 0.0, 0.0]]}, noise=net.minecraft.util.math.noise.DoublePerlinNoiseSampler@29ecbef]]}]]}], minValue=0.0, maxValue=5.7142857142857135]}], minValue=-0.6666666666666666, maxValue=5.047619047619047]}], minValue=0.0, maxValue=5.047619047619047]}], minValue=-0.3333333333333333, maxValue=4.7142857142857135]}], minValue=-14.14285714285714, maxValue=1.0]}], locations=[F@1f15d5db, values=[FixedFloatFunction[value=-0.02], FixedFloatFunction[value=-0.03], FixedFloatFunction[value=-0.03], FixedFloatFunction[value=0.0], FixedFloatFunction[value=0.0]], derivatives=[F@54485b57, minValue=-0.037499998, maxValue=0.009000001]], derivatives=[F@2ed5d18, minValue=-6.871429, maxValue=0.69000006], Implementation[coordinate=Coordinate[Direct{Wrapping[type=FlatCache, wrapped=RegistryEntryHolder[function=Direct{ShiftedNoise[shiftX=RegistryEntryHolder[function=Direct{Wrapping[type=FlatCache, wrapped=RegistryEntryHolder[function=Direct{Wrapping[type=Cache2D, wrapped=RegistryEntryHolder[function=Direct{ShiftA[offsetNoise=Noise[noiseData=Reference{ResourceKey[minecraft:worldgen/noise / minecraft:offset]=NoiseParameters[firstOctave=-3, amplitudes=[1.0, 1.0, 1.0, 0.0]]}, noise=net.minecraft.util.math.noise.DoublePerlinNoiseSampler@7977c5ae]]}]]}]]}], shiftY=RegistryEntryHolder[function=Direct{Constant[value=0.0]}], shiftZ=RegistryEntryHolder[function=Direct{Wrapping[type=FlatCache, wrapped=RegistryEntryHolder[function=Direct{Wrapping[type=Cache2D, wrapped=RegistryEntryHolder[function=Direct{ShiftB[offsetNoise=Noise[noiseData=Reference{ResourceKey[minecraft:worldgen/noise / minecraft:offset]=NoiseParameters[firstOctave=-3, amplitudes=[1.0, 1.0, 1.0, 0.0]]}, noise=net.minecraft.util.math.noise.DoublePerlinNoiseSampler@7977c5ae]]}]]}]]}], xzScale=0.25, yScale=0.0, noise=Noise[noiseData=Reference{ResourceKey[minecraft:worldgen/noise / minecraft:erosion]=NoiseParameters[firstOctave=-9, amplitudes=[1.0, 1.0, 0.0, 1.0, 1.0]]}, noise=net.minecraft.util.math.noise.DoublePerlinNoiseSampler@2e212c04]]}]]}], locations=[F@7f071959, values=[Implementation[coordinate=Coordinate[Direct{BinaryOperation[type=MUL, argument1=RegistryEntryHolder[function=Direct{Constant[value=-3.0]}], argument2=RegistryEntryHolder[function=Direct{BinaryOperation[type=ADD, argument1=RegistryEntryHolder[function=Direct{Constant[value=-0.3333333333333333]}], argument2=RegistryEntryHolder[function=Direct{UnaryOperation[type=ABS, input=RegistryEntryHolder[function=Direct{BinaryOperation[type=ADD, argument1=RegistryEntryHolder[function=Direct{Constant[value=-0.6666666666666666]}], argument2=RegistryEntryHolder[function=Direct{UnaryOperation[type=ABS, input=RegistryEntryHolder[function=Direct{Wrapping[type=FlatCache, wrapped=RegistryEntryHolder[function=Direct{ShiftedNoise[shiftX=RegistryEntryHolder[function=Direct{Wrapping[type=FlatCache, wrapped=RegistryEntryHolder[function=Direct{Wrapping[type=Cache2D, wrapped=RegistryEntryHolder[function=Direct{ShiftA[offsetNoise=Noise[noiseData=Reference{ResourceKey[minecraft:worldgen/noise / minecraft:offset]=NoiseParameters[firstOctave=-3, amplitudes=[1.0, 1.0, 1.0, 0.0]]}, noise=net.minecraft.util.math.noise.DoublePerlinNoiseSampler@7977c5ae]]}]]}]]}], shiftY=RegistryEntryHolder[function=Direct{Constant[value=0.0]}], shiftZ=RegistryEntryHolder[function=Direct{Wrapping[type=FlatCache, wrapped=RegistryEntryHolder[function=Direct{Wrapping[type=Cache2D, wrapped=RegistryEntryHolder[function=Direct{ShiftB[offsetNoise=Noise[noiseData=Reference{ResourceKey[minecraft:worldgen/noise / minecraft:offset]=NoiseParameters[firstOctave=-3, amplitudes=[1.0, 1.0, 1.0, 0.0]]}, noise=net.minecraft.util.math.noise.DoublePerlinNoiseSampler@7977c5ae]]}]]}]]}], xzScale=0.25, yScale=0.0, noise=Noise[noiseData=Reference{ResourceKey[minecraft:worldgen/noise / minecraft:ridge]=NoiseParameters[firstOctave=-7, amplitudes=[1.0, 2.0, 1.0, 0.0, 0.0, 0.0]]}, noise=net.minecraft.util.math.noise.DoublePerlinNoiseSampler@29ecbef]]}]]}], minValue=0.0, maxValue=5.7142857142857135]}], minValue=-0.6666666666666666, maxValue=5.047619047619047]}], minValue=0.0, maxValue=5.047619047619047]}], minValue=-0.3333333333333333, maxValue=4.7142857142857135]}], minValue=-14.14285714285714, maxValue=1.0]}], locations=[F@4e0db06f, values=[FixedFloatFunction[value=-0.08880186], FixedFloatFunction[value=0.69000006]], derivatives=[F@5889c81a, minValue=-5.206643, maxValue=0.69000006], Implementation[coordinate=Coordinate[Direct{BinaryOperation[type=MUL, argument1=RegistryEntryHolder[function=Direct{Constant[value=-3.0]}], argument2=RegistryEntryHolder[function=Direct{BinaryOperation[type=ADD, argument1=RegistryEntryHolder[function=Direct{Constant[value=-0.3333333333333333]}], argument2=RegistryEntryHolder[function=Direct{UnaryOperation[type=ABS, input=RegistryEntryHolder[function=Direct{BinaryOperation[type=ADD, argument1=RegistryEntryHolder[function=Direct{Constant[value=-0.6666666666666666]}], argument2=RegistryEntryHolder[function=Direct{UnaryOperation[type=ABS, input=RegistryEntryHolder[function=Direct{Wrapping[type=FlatCache, wrapped=RegistryEntryHolder[function=Direct{ShiftedNoise[shiftX=RegistryEntryHolder[function=Direct{Wrapping[type=FlatCache, wrapped=RegistryEntryHolder[function=Direct{Wrapping[type=Cache2D, wrapped=RegistryEntryHolder[function=Direct{ShiftA[offsetNoise=Noise[noiseData=Reference{ResourceKey[minecraft:worldgen/noise / minecraft:offset]=NoiseParameters[firstOctave=-3, amplitudes=[1.0, 1.0, 1.0, 0.0]]}, noise=net.minecraft.util.math.noise.DoublePerlinNoiseSampler@7977c5ae]]}]]}]]}], shiftY=RegistryEntryHolder[function=Direct{Constant[value=0.0]}], shiftZ=RegistryEntryHolder[function=Direct{Wrapping[type=FlatCache, wrapped=RegistryEntryHolder[function=Direct{Wrapping[type=Cache2D, wrapped=RegistryEntryHolder[function=Direct{ShiftB[offsetNoise=Noise[noiseData=Reference{ResourceKey[minecraft:worldgen/noise / minecraft:offset]=NoiseParameters[firstOctave=-3, amplitudes=[1.0, 1.0, 1.0, 0.0]]}, noise=net.minecraft.util.math.noise.DoublePerlinNoiseSampler@7977c5ae]]}]]}]]}], xzScale=0.25, yScale=0.0, noise=Noise[noiseData=Reference{ResourceKey[minecraft:worldgen/noise / minecraft:ridge]=NoiseParameters[firstOctave=-7, amplitudes=[1.0, 2.0, 1.0, 0.0, 0.0, 0.0]]}, noise=net.minecraft.util.math.noise.DoublePerlinNoiseSampler@29ecbef]]}]]}], minValue=0.0, maxValue=5.7142857142857135]}], minValue=-0.6666666666666666, maxValue=5.047619047619047]}], minValue=0.0, maxValue=5.047619047619047]}], minValue=-0.3333333333333333, maxValue=4.7142857142857135]}], minValue=-14.14285714285714, maxValue=1.0]}], locations=[F@30e45b8e, values=[FixedFloatFunction[value=-0.115760356], FixedFloatFunction[value=0.6400001]], derivatives=[F@77ee411a, minValue=-5.082186, maxValue=0.6400001], Implementation[coordinate=Coordinate[Direct{BinaryOperation[type=MUL, argument1=RegistryEntryHolder[function=Direct{Constant[value=-3.0]}], argument2=RegistryEntryHolder[function=Direct{BinaryOperation[type=ADD, argument1=RegistryEntryHolder[function=Direct{Constant[value=-0.3333333333333333]}], argument2=RegistryEntryHolder[function=Direct{UnaryOperation[type=ABS, input=RegistryEntryHolder[function=Direct{BinaryOperation[type=ADD, argument1=RegistryEntryHolder[function=Direct{Constant[value=-0.6666666666666666]}], argument2=RegistryEntryHolder[function=Direct{UnaryOperation[type=ABS, input=RegistryEntryHolder[function=Direct{Wrapping[type=FlatCache, wrapped=RegistryEntryHolder[function=Direct{ShiftedNoise[shiftX=RegistryEntryHolder[function=Direct{Wrapping[type=FlatCache, wrapped=RegistryEntryHolder[function=Direct{Wrapping[type=Cache2D, wrapped=RegistryEntryHolder[function=Direct{ShiftA[offsetNoise=Noise[noiseData=Reference{ResourceKey[minecraft:worldgen/noise / minecraft:offset]=NoiseParameters[firstOctave=-3, amplitudes=[1.0, 1.0, 1.0, 0.0]]}, noise=net.minecraft.util.math.noise.DoublePerlinNoiseSampler@7977c5ae]]}]]}]]}], shiftY=RegistryEntryHolder[function=Direct{Constant[value=0.0]}], shiftZ=RegistryEntryHolder[function=Direct{Wrapping[type=FlatCache, wrapped=RegistryEntryHolder[function=Direct{Wrapping[type=Cache2D, wrapped=RegistryEntryHolder[function=Direct{ShiftB[offsetNoise=Noise[noiseData=Reference{ResourceKey[minecraft:worldgen/noise / minecraft:offset]=NoiseParameters[firstOctave=-3, amplitudes=[1.0, 1.0, 1.0, 0.0]]}, noise=net.minecraft.util.math.noise.DoublePerlinNoiseSampler@7977c5ae]]}]]}]]}], xzScale=0.25, yScale=0.0, noise=Noise[noiseData=Reference{ResourceKey[minecraft:worldgen/noise / minecraft:ridge]=NoiseParameters[firstOctave=-7, amplitudes=[1.0, 2.0, 1.0, 0.0, 0.0, 0.0]]}, noise=net.minecraft.util.math.noise.DoublePerlinNoiseSampler@29ecbef]]}]]}], minValue=0.0, maxValue=5.7142857142857135]}], minValue=-0.6666666666666666, maxValue=5.047619047619047]}], minValue=0.0, maxValue=5.047619047619047]}], minValue=-0.3333333333333333, maxValue=4.7142857142857135]}], minValue=-14.14285714285714, maxValue=1.0]}], locations=[F@54431940, values=[FixedFloatFunction[value=-0.2222], FixedFloatFunction[value=-0.2222], FixedFloatFunction[value=0.0], FixedFloatFunction[value=2.9802322E-8], FixedFloatFunction[value=2.9802322E-8], FixedFloatFunction[value=0.100000024]], derivatives=[F@429cd2ca, minValue=-0.2222, maxValue=0.100000024], Implementation[coordinate=Coordinate[Direct{BinaryOperation[type=MUL, argument1=RegistryEntryHolder[function=Direct{Constant[value=-3.0]}], argument2=RegistryEntryHolder[function=Direct{BinaryOperation[type=ADD, argument1=RegistryEntryHolder[function=Direct{Constant[value=-0.3333333333333333]}], argument2=RegistryEntryHolder[function=Direct{UnaryOperation[type=ABS, input=RegistryEntryHolder[function=Direct{BinaryOperation[type=ADD, argument1=RegistryEntryHolder[function=Direct{Constant[value=-0.6666666666666666]}], argument2=RegistryEntryHolder[function=Direct{UnaryOperation[type=ABS, input=RegistryEntryHolder[function=Direct{Wrapping[type=FlatCache, wrapped=RegistryEntryHolder[function=Direct{ShiftedNoise[shiftX=RegistryEntryHolder[function=Direct{Wrapping[type=FlatCache, wrapped=RegistryEntryHolder[function=Direct{Wrapping[type=Cache2D, wrapped=RegistryEntryHolder[function=Direct{ShiftA[offsetNoise=Noise[noiseData=Reference{ResourceKey[minecraft:worldgen/noise / minecraft:offset]=NoiseParameters[firstOctave=-3, amplitudes=[1.0, 1.0, 1.0, 0.0]]}, noise=net.minecraft.util.math.noise.DoublePerlinNoiseSampler@7977c5ae]]}]]}]]}], shiftY=RegistryEntryHolder[function=Direct{Constant[value=0.0]}], shiftZ=RegistryEntryHolder[function=Direct{Wrapping[type=FlatCache, wrapped=RegistryEntryHolder[function=Direct{Wrapping[type=Cache2D, wrapped=RegistryEntryHolder[function=Direct{ShiftB[offsetNoise=Noise[noiseData=Reference{ResourceKey[minecraft:worldgen/noise / minecraft:offset]=NoiseParameters[firstOctave=-3, amplitudes=[1.0, 1.0, 1.0, 0.0]]}, noise=net.minecraft.util.math.noise.DoublePerlinNoiseSampler@7977c5ae]]}]]}]]}], xzScale=0.25, yScale=0.0, noise=Noise[noiseData=Reference{ResourceKey[minecraft:worldgen/noise / minecraft:ridge]=NoiseParameters[firstOctave=-7, amplitudes=[1.0, 2.0, 1.0, 0.0, 0.0, 0.0]]}, noise=net.minecraft.util.math.noise.DoublePerlinNoiseSampler@29ecbef]]}]]}], minValue=0.0, maxValue=5.7142857142857135]}], minValue=-0.6666666666666666, maxValue=5.047619047619047]}], minValue=0.0, maxValue=5.047619047619047]}], minValue=-0.3333333333333333, maxValue=4.7142857142857135]}], minValue=-14.14285714285714, maxValue=1.0]}], locations=[F@50b6d93c, values=[FixedFloatFunction[value=-0.25], FixedFloatFunction[value=0.05], FixedFloatFunction[value=0.05], FixedFloatFunction[value=0.05], FixedFloatFunction[value=0.060000002]], derivatives=[F@55d5b4a1, minValue=-6.821429, maxValue=0.125], Implementation[coordinate=Coordinate[Direct{BinaryOperation[type=MUL, argument1=RegistryEntryHolder[function=Direct{Constant[value=-3.0]}], argument2=RegistryEntryHolder[function=Direct{BinaryOperation[type=ADD, argument1=RegistryEntryHolder[function=Direct{Constant[value=-0.3333333333333333]}], argument2=RegistryEntryHolder[function=Direct{UnaryOperation[type=ABS, input=RegistryEntryHolder[function=Direct{BinaryOperation[type=ADD, argument1=RegistryEntryHolder[function=Direct{Constant[value=-0.6666666666666666]}], argument2=RegistryEntryHolder[function=Direct{UnaryOperation[type=ABS, input=RegistryEntryHolder[function=Direct{Wrapping[type=FlatCache, wrapped=RegistryEntryHolder[function=Direct{ShiftedNoise[shiftX=RegistryEntryHolder[function=Direct{Wrapping[type=FlatCache, wrapped=RegistryEntryHolder[function=Direct{Wrapping[type=Cache2D, wrapped=RegistryEntryHolder[function=Direct{ShiftA[offsetNoise=Noise[noiseData=Reference{ResourceKey[minecraft:worldgen/noise / minecraft:offset]=NoiseParameters[firstOctave=-3, amplitudes=[1.0, 1.0, 1.0, 0.0]]}, noise=net.minecraft.util.math.noise.DoublePerlinNoiseSampler@7977c5ae]]}]]}]]}], shiftY=RegistryEntryHolder[function=Direct{Constant[value=0.0]}], shiftZ=RegistryEntryHolder[function=Direct{Wrapping[type=FlatCache, wrapped=RegistryEntryHolder[function=Direct{Wrapping[type=Cache2D, wrapped=RegistryEntryHolder[function=Direct{ShiftB[offsetNoise=Noise[noiseData=Reference{ResourceKey[minecraft:worldgen/noise / minecraft:offset]=NoiseParameters[firstOctave=-3, amplitudes=[1.0, 1.0, 1.0, 0.0]]}, noise=net.minecraft.util.math.noise.DoublePerlinNoiseSampler@7977c5ae]]}]]}]]}], xzScale=0.25, yScale=0.0, noise=Noise[noiseData=Reference{ResourceKey[minecraft:worldgen/noise / minecraft:ridge]=NoiseParameters[firstOctave=-7, amplitudes=[1.0, 2.0, 1.0, 0.0, 0.0, 0.0]]}, noise=net.minecraft.util.math.noise.DoublePerlinNoiseSampler@29ecbef]]}]]}], minValue=0.0, maxValue=5.7142857142857135]}], minValue=-0.6666666666666666, maxValue=5.047619047619047]}], minValue=0.0, maxValue=5.047619047619047]}], minValue=-0.3333333333333333, maxValue=4.7142857142857135]}], minValue=-14.14285714285714, maxValue=1.0]}], locations=[F@19902e42, values=[FixedFloatFunction[value=-0.1], FixedFloatFunction[value=0.001], FixedFloatFunction[value=0.003], FixedFloatFunction[value=0.05], FixedFloatFunction[value=0.060000002]], derivatives=[F@3dbeb538, minValue=-6.6714287, maxValue=0.071600005], Implementation[coordinate=Coordinate[Direct{BinaryOperation[type=MUL, argument1=RegistryEntryHolder[function=Direct{Constant[value=-3.0]}], argument2=RegistryEntryHolder[function=Direct{BinaryOperation[type=ADD, argument1=RegistryEntryHolder[function=Direct{Constant[value=-0.3333333333333333]}], argument2=RegistryEntryHolder[function=Direct{UnaryOperation[type=ABS, input=RegistryEntryHolder[function=Direct{BinaryOperation[type=ADD, argument1=RegistryEntryHolder[function=Direct{Constant[value=-0.6666666666666666]}], argument2=RegistryEntryHolder[function=Direct{UnaryOperation[type=ABS, input=RegistryEntryHolder[function=Direct{Wrapping[type=FlatCache, wrapped=RegistryEntryHolder[function=Direct{ShiftedNoise[shiftX=RegistryEntryHolder[function=Direct{Wrapping[type=FlatCache, wrapped=RegistryEntryHolder[function=Direct{Wrapping[type=Cache2D, wrapped=RegistryEntryHolder[function=Direct{ShiftA[offsetNoise=Noise[noiseData=Reference{ResourceKey[minecraft:worldgen/noise / minecraft:offset]=NoiseParameters[firstOctave=-3, amplitudes=[1.0, 1.0, 1.0, 0.0]]}, noise=net.minecraft.util.math.noise.DoublePerlinNoiseSampler@7977c5ae]]}]]}]]}], shiftY=RegistryEntryHolder[function=Direct{Constant[value=0.0]}], shiftZ=RegistryEntryHolder[function=Direct{Wrapping[type=FlatCache, wrapped=RegistryEntryHolder[function=Direct{Wrapping[type=Cache2D, wrapped=RegistryEntryHolder[function=Direct{ShiftB[offsetNoise=Noise[noiseData=Reference{ResourceKey[minecraft:worldgen/noise / minecraft:offset]=NoiseParameters[firstOctave=-3, amplitudes=[1.0, 1.0, 1.0, 0.0]]}, noise=net.minecraft.util.math.noise.DoublePerlinNoiseSampler@7977c5ae]]}]]}]]}], xzScale=0.25, yScale=0.0, noise=Noise[noiseData=Reference{ResourceKey[minecraft:worldgen/noise / minecraft:ridge]=NoiseParameters[firstOctave=-7, amplitudes=[1.0, 2.0, 1.0, 0.0, 0.0, 0.0]]}, noise=net.minecraft.util.math.noise.DoublePerlinNoiseSampler@29ecbef]]}]]}], minValue=0.0, maxValue=5.7142857142857135]}], minValue=-0.6666666666666666, maxValue=5.047619047619047]}], minValue=0.0, maxValue=5.047619047619047]}], minValue=-0.3333333333333333, maxValue=4.7142857142857135]}], minValue=-14.14285714285714, maxValue=1.0]}], locations=[F@5ba7e48a, values=[FixedFloatFunction[value=-0.1], FixedFloatFunction[value=0.01], FixedFloatFunction[value=0.01], FixedFloatFunction[value=0.03], FixedFloatFunction[value=0.1]], derivatives=[F@232f33e3, minValue=-6.6714287, maxValue=0.11015], Implementation[coordinate=Coordinate[Direct{BinaryOperation[type=MUL, argument1=RegistryEntryHolder[function=Direct{Constant[value=-3.0]}], argument2=RegistryEntryHolder[function=Direct{BinaryOperation[type=ADD, argument1=RegistryEntryHolder[function=Direct{Constant[value=-0.3333333333333333]}], argument2=RegistryEntryHolder[function=Direct{UnaryOperation[type=ABS, input=RegistryEntryHolder[function=Direct{BinaryOperation[type=ADD, argument1=RegistryEntryHolder[function=Direct{Constant[value=-0.6666666666666666]}], argument2=RegistryEntryHolder[function=Direct{UnaryOperation[type=ABS, input=RegistryEntryHolder[function=Direct{Wrapping[type=FlatCache, wrapped=RegistryEntryHolder[function=Direct{ShiftedNoise[shiftX=RegistryEntryHolder[function=Direct{Wrapping[type=FlatCache, wrapped=RegistryEntryHolder[function=Direct{Wrapping[type=Cache2D, wrapped=RegistryEntryHolder[function=Direct{ShiftA[offsetNoise=Noise[noiseData=Reference{ResourceKey[minecraft:worldgen/noise / minecraft:offset]=NoiseParameters[firstOctave=-3, amplitudes=[1.0, 1.0, 1.0, 0.0]]}, noise=net.minecraft.util.math.noise.DoublePerlinNoiseSampler@7977c5ae]]}]]}]]}], shiftY=RegistryEntryHolder[function=Direct{Constant[value=0.0]}], shiftZ=RegistryEntryHolder[function=Direct{Wrapping[type=FlatCache, wrapped=RegistryEntryHolder[function=Direct{Wrapping[type=Cache2D, wrapped=RegistryEntryHolder[function=Direct{ShiftB[offsetNoise=Noise[noiseData=Reference{ResourceKey[minecraft:worldgen/noise / minecraft:offset]=NoiseParameters[firstOctave=-3, amplitudes=[1.0, 1.0, 1.0, 0.0]]}, noise=net.minecraft.util.math.noise.DoublePerlinNoiseSampler@7977c5ae]]}]]}]]}], xzScale=0.25, yScale=0.0, noise=Noise[noiseData=Reference{ResourceKey[minecraft:worldgen/noise / minecraft:ridge]=NoiseParameters[firstOctave=-7, amplitudes=[1.0, 2.0, 1.0, 0.0, 0.0, 0.0]]}, noise=net.minecraft.util.math.noise.DoublePerlinNoiseSampler@29ecbef]]}]]}], minValue=0.0, maxValue=5.7142857142857135]}], minValue=-0.6666666666666666, maxValue=5.047619047619047]}], minValue=0.0, maxValue=5.047619047619047]}], minValue=-0.3333333333333333, maxValue=4.7142857142857135]}], minValue=-14.14285714285714, maxValue=1.0]}], locations=[F@3bd5ebfa, values=[FixedFloatFunction[value=-0.02], FixedFloatFunction[value=-0.03], FixedFloatFunction[value=-0.03], FixedFloatFunction[value=0.03], FixedFloatFunction[value=0.1]], derivatives=[F@738a8ecd, minValue=-0.044999998, maxValue=0.11015]], derivatives=[F@17edb782, minValue=-6.821429, maxValue=0.69000006], Implementation[coordinate=Coordinate[Direct{Wrapping[type=FlatCache, wrapped=RegistryEntryHolder[function=Direct{ShiftedNoise[shiftX=RegistryEntryHolder[function=Direct{Wrapping[type=FlatCache, wrapped=RegistryEntryHolder[function=Direct{Wrapping[type=Cache2D, wrapped=RegistryEntryHolder[function=Direct{ShiftA[offsetNoise=Noise[noiseData=Reference{ResourceKey[minecraft:worldgen/noise / minecraft:offset]=NoiseParameters[firstOctave=-3, amplitudes=[1.0, 1.0, 1.0, 0.0]]}, noise=net.minecraft.util.math.noise.DoublePerlinNoiseSampler@7977c5ae]]}]]}]]}], shiftY=RegistryEntryHolder[function=Direct{Constant[value=0.0]}], shiftZ=RegistryEntryHolder[function=Direct{Wrapping[type=FlatCache, wrapped=RegistryEntryHolder[function=Direct{Wrapping[type=Cache2D, wrapped=RegistryEntryHolder[function=Direct{ShiftB[offsetNoise=Noise[noiseData=Reference{ResourceKey[minecraft:worldgen/noise / minecraft:offset]=NoiseParameters[firstOctave=-3, amplitudes=[1.0, 1.0, 1.0, 0.0]]}, noise=net.minecraft.util.math.noise.DoublePerlinNoiseSampler@7977c5ae]]}]]}]]}], xzScale=0.25, yScale=0.0, noise=Noise[noiseData=Reference{ResourceKey[minecraft:worldgen/noise / minecraft:erosion]=NoiseParameters[firstOctave=-9, amplitudes=[1.0, 1.0, 0.0, 1.0, 1.0]]}, noise=net.minecraft.util.math.noise.DoublePerlinNoiseSampler@2e212c04]]}]]}], locations=[F@4d073eb7, values=[Implementation[coordinate=Coordinate[Direct{BinaryOperation[type=MUL, argument1=RegistryEntryHolder[function=Direct{Constant[value=-3.0]}], argument2=RegistryEntryHolder[function=Direct{BinaryOperation[type=ADD, argument1=RegistryEntryHolder[function=Direct{Constant[value=-0.3333333333333333]}], argument2=RegistryEntryHolder[function=Direct{UnaryOperation[type=ABS, input=RegistryEntryHolder[function=Direct{BinaryOperation[type=ADD, argument1=RegistryEntryHolder[function=Direct{Constant[value=-0.6666666666666666]}], argument2=RegistryEntryHolder[function=Direct{UnaryOperation[type=ABS, input=RegistryEntryHolder[function=Direct{Wrapping[type=FlatCache, wrapped=RegistryEntryHolder[function=Direct{ShiftedNoise[shiftX=RegistryEntryHolder[function=Direct{Wrapping[type=FlatCache, wrapped=RegistryEntryHolder[function=Direct{Wrapping[type=Cache2D, wrapped=RegistryEntryHolder[function=Direct{ShiftA[offsetNoise=Noise[noiseData=Reference{ResourceKey[minecraft:worldgen/noise / minecraft:offset]=NoiseParameters[firstOctave=-3, amplitudes=[1.0, 1.0, 1.0, 0.0]]}, noise=net.minecraft.util.math.noise.DoublePerlinNoiseSampler@7977c5ae]]}]]}]]}], shiftY=RegistryEntryHolder[function=Direct{Constant[value=0.0]}], shiftZ=RegistryEntryHolder[function=Direct{Wrapping[type=FlatCache, wrapped=RegistryEntryHolder[function=Direct{Wrapping[type=Cache2D, wrapped=RegistryEntryHolder[function=Direct{ShiftB[offsetNoise=Noise[noiseData=Reference{ResourceKey[minecraft:worldgen/noise / minecraft:offset]=NoiseParameters[firstOctave=-3, amplitudes=[1.0, 1.0, 1.0, 0.0]]}, noise=net.minecraft.util.math.noise.DoublePerlinNoiseSampler@7977c5ae]]}]]}]]}], xzScale=0.25, yScale=0.0, noise=Noise[noiseData=Reference{ResourceKey[minecraft:worldgen/noise / minecraft:ridge]=NoiseParameters[firstOctave=-7, amplitudes=[1.0, 2.0, 1.0, 0.0, 0.0, 0.0]]}, noise=net.minecraft.util.math.noise.DoublePerlinNoiseSampler@29ecbef]]}]]}], minValue=0.0, maxValue=5.7142857142857135]}], minValue=-0.6666666666666666, maxValue=5.047619047619047]}], minValue=0.0, maxValue=5.047619047619047]}], minValue=-0.3333333333333333, maxValue=4.7142857142857135]}], minValue=-14.14285714285714, maxValue=1.0]}], locations=[F@591996d6, values=[FixedFloatFunction[value=0.20235021], FixedFloatFunction[value=0.7161751], FixedFloatFunction[value=1.23]], derivatives=[F@7ec287de, minValue=0.073893994, maxValue=1.23], Implementation[coordinate=Coordinate[Direct{BinaryOperation[type=MUL, argument1=RegistryEntryHolder[function=Direct{Constant[value=-3.0]}], argument2=RegistryEntryHolder[function=Direct{BinaryOperation[type=ADD, argument1=RegistryEntryHolder[function=Direct{Constant[value=-0.3333333333333333]}], argument2=RegistryEntryHolder[function=Direct{UnaryOperation[type=ABS, input=RegistryEntryHolder[function=Direct{BinaryOperation[type=ADD, argument1=RegistryEntryHolder[function=Direct{Constant[value=-0.6666666666666666]}], argument2=RegistryEntryHolder[function=Direct{UnaryOperation[type=ABS, input=RegistryEntryHolder[function=Direct{Wrapping[type=FlatCache, wrapped=RegistryEntryHolder[function=Direct{ShiftedNoise[shiftX=RegistryEntryHolder[function=Direct{Wrapping[type=FlatCache, wrapped=RegistryEntryHolder[function=Direct{Wrapping[type=Cache2D, wrapped=RegistryEntryHolder[function=Direct{ShiftA[offsetNoise=Noise[noiseData=Reference{ResourceKey[minecraft:worldgen/noise / minecraft:offset]=NoiseParameters[firstOctave=-3, amplitudes=[1.0, 1.0, 1.0, 0.0]]}, noise=net.minecraft.util.math.noise.DoublePerlinNoiseSampler@7977c5ae]]}]]}]]}], shiftY=RegistryEntryHolder[function=Direct{Constant[value=0.0]}], shiftZ=RegistryEntryHolder[function=Direct{Wrapping[type=FlatCache, wrapped=RegistryEntryHolder[function=Direct{Wrapping[type=Cache2D, wrapped=RegistryEntryHolder[function=Direct{ShiftB[offsetNoise=Noise[noiseData=Reference{ResourceKey[minecraft:worldgen/noise / minecraft:offset]=NoiseParameters[firstOctave=-3, amplitudes=[1.0, 1.0, 1.0, 0.0]]}, noise=net.minecraft.util.math.noise.DoublePerlinNoiseSampler@7977c5ae]]}]]}]]}], xzScale=0.25, yScale=0.0, noise=Noise[noiseData=Reference{ResourceKey[minecraft:worldgen/noise / minecraft:ridge]=NoiseParameters[firstOctave=-7, amplitudes=[1.0, 2.0, 1.0, 0.0, 0.0, 0.0]]}, noise=net.minecraft.util.math.noise.DoublePerlinNoiseSampler@29ecbef]]}]]}], minValue=0.0, maxValue=5.7142857142857135]}], minValue=-0.6666666666666666, maxValue=5.047619047619047]}], minValue=0.0, maxValue=5.047619047619047]}], minValue=-0.3333333333333333, maxValue=4.7142857142857135]}], minValue=-14.14285714285714, maxValue=1.0]}], locations=[F@4697e23, values=[FixedFloatFunction[value=0.2], FixedFloatFunction[value=0.44682026], FixedFloatFunction[value=0.88]], derivatives=[F@706f1a9f, minValue=0.13829494, maxValue=0.88], Implementation[coordinate=Coordinate[Direct{BinaryOperation[type=MUL, argument1=RegistryEntryHolder[function=Direct{Constant[value=-3.0]}], argument2=RegistryEntryHolder[function=Direct{BinaryOperation[type=ADD, argument1=RegistryEntryHolder[function=Direct{Constant[value=-0.3333333333333333]}], argument2=RegistryEntryHolder[function=Direct{UnaryOperation[type=ABS, input=RegistryEntryHolder[function=Direct{BinaryOperation[type=ADD, argument1=RegistryEntryHolder[function=Direct{Constant[value=-0.6666666666666666]}], argument2=RegistryEntryHolder[function=Direct{UnaryOperation[type=ABS, input=RegistryEntryHolder[function=Direct{Wrapping[type=FlatCache, wrapped=RegistryEntryHolder[function=Direct{ShiftedNoise[shiftX=RegistryEntryHolder[function=Direct{Wrapping[type=FlatCache, wrapped=RegistryEntryHolder[function=Direct{Wrapping[type=Cache2D, wrapped=RegistryEntryHolder[function=Direct{ShiftA[offsetNoise=Noise[noiseData=Reference{ResourceKey[minecraft:worldgen/noise / minecraft:offset]=NoiseParameters[firstOctave=-3, amplitudes=[1.0, 1.0, 1.0, 0.0]]}, noise=net.minecraft.util.math.noise.DoublePerlinNoiseSampler@7977c5ae]]}]]}]]}], shiftY=RegistryEntryHolder[function=Direct{Constant[value=0.0]}], shiftZ=RegistryEntryHolder[function=Direct{Wrapping[type=FlatCache, wrapped=RegistryEntryHolder[function=Direct{Wrapping[type=Cache2D, wrapped=RegistryEntryHolder[function=Direct{ShiftB[offsetNoise=Noise[noiseData=Reference{ResourceKey[minecraft:worldgen/noise / minecraft:offset]=NoiseParameters[firstOctave=-3, amplitudes=[1.0, 1.0, 1.0, 0.0]]}, noise=net.minecraft.util.math.noise.DoublePerlinNoiseSampler@7977c5ae]]}]]}]]}], xzScale=0.25, yScale=0.0, noise=Noise[noiseData=Reference{ResourceKey[minecraft:worldgen/noise / minecraft:ridge]=NoiseParameters[firstOctave=-7, amplitudes=[1.0, 2.0, 1.0, 0.0, 0.0, 0.0]]}, noise=net.minecraft.util.math.noise.DoublePerlinNoiseSampler@29ecbef]]}]]}], minValue=0.0, maxValue=5.7142857142857135]}], minValue=-0.6666666666666666, maxValue=5.047619047619047]}], minValue=0.0, maxValue=5.047619047619047]}], minValue=-0.3333333333333333, maxValue=4.7142857142857135]}], minValue=-14.14285714285714, maxValue=1.0]}], locations=[F@65559d62, values=[FixedFloatFunction[value=0.2], FixedFloatFunction[value=0.30829495], FixedFloatFunction[value=0.70000005]], derivatives=[F@fc30a61, minValue=0.12914747, maxValue=0.70000005], Implementation[coordinate=Coordinate[Direct{BinaryOperation[type=MUL, argument1=RegistryEntryHolder[function=Direct{Constant[value=-3.0]}], argument2=RegistryEntryHolder[function=Direct{BinaryOperation[type=ADD, argument1=RegistryEntryHolder[function=Direct{Constant[value=-0.3333333333333333]}], argument2=RegistryEntryHolder[function=Direct{UnaryOperation[type=ABS, input=RegistryEntryHolder[function=Direct{BinaryOperation[type=ADD, argument1=RegistryEntryHolder[function=Direct{Constant[value=-0.6666666666666666]}], argument2=RegistryEntryHolder[function=Direct{UnaryOperation[type=ABS, input=RegistryEntryHolder[function=Direct{Wrapping[type=FlatCache, wrapped=RegistryEntryHolder[function=Direct{ShiftedNoise[shiftX=RegistryEntryHolder[function=Direct{Wrapping[type=FlatCache, wrapped=RegistryEntryHolder[function=Direct{Wrapping[type=Cache2D, wrapped=RegistryEntryHolder[function=Direct{ShiftA[offsetNoise=Noise[noiseData=Reference{ResourceKey[minecraft:worldgen/noise / minecraft:offset]=NoiseParameters[firstOctave=-3, amplitudes=[1.0, 1.0, 1.0, 0.0]]}, noise=net.minecraft.util.math.noise.DoublePerlinNoiseSampler@7977c5ae]]}]]}]]}], shiftY=RegistryEntryHolder[function=Direct{Constant[value=0.0]}], shiftZ=RegistryEntryHolder[function=Direct{Wrapping[type=FlatCache, wrapped=RegistryEntryHolder[function=Direct{Wrapping[type=Cache2D, wrapped=RegistryEntryHolder[function=Direct{ShiftB[offsetNoise=Noise[noiseData=Reference{ResourceKey[minecraft:worldgen/noise / minecraft:offset]=NoiseParameters[firstOctave=-3, amplitudes=[1.0, 1.0, 1.0, 0.0]]}, noise=net.minecraft.util.math.noise.DoublePerlinNoiseSampler@7977c5ae]]}]]}]]}], xzScale=0.25, yScale=0.0, noise=Noise[noiseData=Reference{ResourceKey[minecraft:worldgen/noise / minecraft:ridge]=NoiseParameters[firstOctave=-7, amplitudes=[1.0, 2.0, 1.0, 0.0, 0.0, 0.0]]}, noise=net.minecraft.util.math.noise.DoublePerlinNoiseSampler@29ecbef]]}]]}], minValue=0.0, maxValue=5.7142857142857135]}], minValue=-0.6666666666666666, maxValue=5.047619047619047]}], minValue=0.0, maxValue=5.047619047619047]}], minValue=-0.3333333333333333, maxValue=4.7142857142857135]}], minValue=-14.14285714285714, maxValue=1.0]}], locations=[F@4094e5dc, values=[FixedFloatFunction[value=-0.25], FixedFloatFunction[value=0.35], FixedFloatFunction[value=0.35], FixedFloatFunction[value=0.35], FixedFloatFunction[value=0.42000002]], derivatives=[F@4827b4b3, minValue=-6.821429, maxValue=0.5], Implementation[coordinate=Coordinate[Direct{BinaryOperation[type=MUL, argument1=RegistryEntryHolder[function=Direct{Constant[value=-3.0]}], argument2=RegistryEntryHolder[function=Direct{BinaryOperation[type=ADD, argument1=RegistryEntryHolder[function=Direct{Constant[value=-0.3333333333333333]}], argument2=RegistryEntryHolder[function=Direct{UnaryOperation[type=ABS, input=RegistryEntryHolder[function=Direct{BinaryOperation[type=ADD, argument1=RegistryEntryHolder[function=Direct{Constant[value=-0.6666666666666666]}], argument2=RegistryEntryHolder[function=Direct{UnaryOperation[type=ABS, input=RegistryEntryHolder[function=Direct{Wrapping[type=FlatCache, wrapped=RegistryEntryHolder[function=Direct{ShiftedNoise[shiftX=RegistryEntryHolder[function=Direct{Wrapping[type=FlatCache, wrapped=RegistryEntryHolder[function=Direct{Wrapping[type=Cache2D, wrapped=RegistryEntryHolder[function=Direct{ShiftA[offsetNoise=Noise[noiseData=Reference{ResourceKey[minecraft:worldgen/noise / minecraft:offset]=NoiseParameters[firstOctave=-3, amplitudes=[1.0, 1.0, 1.0, 0.0]]}, noise=net.minecraft.util.math.noise.DoublePerlinNoiseSampler@7977c5ae]]}]]}]]}], shiftY=RegistryEntryHolder[function=Direct{Constant[value=0.0]}], shiftZ=RegistryEntryHolder[function=Direct{Wrapping[type=FlatCache, wrapped=RegistryEntryHolder[function=Direct{Wrapping[type=Cache2D, wrapped=RegistryEntryHolder[function=Direct{ShiftB[offsetNoise=Noise[noiseData=Reference{ResourceKey[minecraft:worldgen/noise / minecraft:offset]=NoiseParameters[firstOctave=-3, amplitudes=[1.0, 1.0, 1.0, 0.0]]}, noise=net.minecraft.util.math.noise.DoublePerlinNoiseSampler@7977c5ae]]}]]}]]}], xzScale=0.25, yScale=0.0, noise=Noise[noiseData=Reference{ResourceKey[minecraft:worldgen/noise / minecraft:ridge]=NoiseParameters[firstOctave=-7, amplitudes=[1.0, 2.0, 1.0, 0.0, 0.0, 0.0]]}, noise=net.minecraft.util.math.noise.DoublePerlinNoiseSampler@29ecbef]]}]]}], minValue=0.0, maxValue=5.7142857142857135]}], minValue=-0.6666666666666666, maxValue=5.047619047619047]}], minValue=0.0, maxValue=5.047619047619047]}], minValue=-0.3333333333333333, maxValue=4.7142857142857135]}], minValue=-14.14285714285714, maxValue=1.0]}], locations=[F@1d08e58, values=[FixedFloatFunction[value=-0.1], FixedFloatFunction[value=0.0069999998], FixedFloatFunction[value=0.021], FixedFloatFunction[value=0.35], FixedFloatFunction[value=0.42000002]], derivatives=[F@16d71c01, minValue=-6.6714287, maxValue=0.5012], Implementation[coordinate=Coordinate[Direct{BinaryOperation[type=MUL, argument1=RegistryEntryHolder[function=Direct{Constant[value=-3.0]}], argument2=RegistryEntryHolder[function=Direct{BinaryOperation[type=ADD, argument1=RegistryEntryHolder[function=Direct{Constant[value=-0.3333333333333333]}], argument2=RegistryEntryHolder[function=Direct{UnaryOperation[type=ABS, input=RegistryEntryHolder[function=Direct{BinaryOperation[type=ADD, argument1=RegistryEntryHolder[function=Direct{Constant[value=-0.6666666666666666]}], argument2=RegistryEntryHolder[function=Direct{UnaryOperation[type=ABS, input=RegistryEntryHolder[function=Direct{Wrapping[type=FlatCache, wrapped=RegistryEntryHolder[function=Direct{ShiftedNoise[shiftX=RegistryEntryHolder[function=Direct{Wrapping[type=FlatCache, wrapped=RegistryEntryHolder[function=Direct{Wrapping[type=Cache2D, wrapped=RegistryEntryHolder[function=Direct{ShiftA[offsetNoise=Noise[noiseData=Reference{ResourceKey[minecraft:worldgen/noise / minecraft:offset]=NoiseParameters[firstOctave=-3, amplitudes=[1.0, 1.0, 1.0, 0.0]]}, noise=net.minecraft.util.math.noise.DoublePerlinNoiseSampler@7977c5ae]]}]]}]]}], shiftY=RegistryEntryHolder[function=Direct{Constant[value=0.0]}], shiftZ=RegistryEntryHolder[function=Direct{Wrapping[type=FlatCache, wrapped=RegistryEntryHolder[function=Direct{Wrapping[type=Cache2D, wrapped=RegistryEntryHolder[function=Direct{ShiftB[offsetNoise=Noise[noiseData=Reference{ResourceKey[minecraft:worldgen/noise / minecraft:offset]=NoiseParameters[firstOctave=-3, amplitudes=[1.0, 1.0, 1.0, 0.0]]}, noise=net.minecraft.util.math.noise.DoublePerlinNoiseSampler@7977c5ae]]}]]}]]}], xzScale=0.25, yScale=0.0, noise=Noise[noiseData=Reference{ResourceKey[minecraft:worldgen/noise / minecraft:ridge]=NoiseParameters[firstOctave=-7, amplitudes=[1.0, 2.0, 1.0, 0.0, 0.0, 0.0]]}, noise=net.minecraft.util.math.noise.DoublePerlinNoiseSampler@29ecbef]]}]]}], minValue=0.0, maxValue=5.7142857142857135]}], minValue=-0.6666666666666666, maxValue=5.047619047619047]}], minValue=0.0, maxValue=5.047619047619047]}], minValue=-0.3333333333333333, maxValue=4.7142857142857135]}], minValue=-14.14285714285714, maxValue=1.0]}], locations=[F@718ab102, values=[FixedFloatFunction[value=-0.1], FixedFloatFunction[value=0.01], FixedFloatFunction[value=0.01], FixedFloatFunction[value=0.03], FixedFloatFunction[value=0.1]], derivatives=[F@47d11ac, minValue=-6.6714287, maxValue=0.11015], Implementation[coordinate=Coordinate[Direct{BinaryOperation[type=MUL, argument1=RegistryEntryHolder[function=Direct{Constant[value=-3.0]}], argument2=RegistryEntryHolder[function=Direct{BinaryOperation[type=ADD, argument1=RegistryEntryHolder[function=Direct{Constant[value=-0.3333333333333333]}], argument2=RegistryEntryHolder[function=Direct{UnaryOperation[type=ABS, input=RegistryEntryHolder[function=Direct{BinaryOperation[type=ADD, argument1=RegistryEntryHolder[function=Direct{Constant[value=-0.6666666666666666]}], argument2=RegistryEntryHolder[function=Direct{UnaryOperation[type=ABS, input=RegistryEntryHolder[function=Direct{Wrapping[type=FlatCache, wrapped=RegistryEntryHolder[function=Direct{ShiftedNoise[shiftX=RegistryEntryHolder[function=Direct{Wrapping[type=FlatCache, wrapped=RegistryEntryHolder[function=Direct{Wrapping[type=Cache2D, wrapped=RegistryEntryHolder[function=Direct{ShiftA[offsetNoise=Noise[noiseData=Reference{ResourceKey[minecraft:worldgen/noise / minecraft:offset]=NoiseParameters[firstOctave=-3, amplitudes=[1.0, 1.0, 1.0, 0.0]]}, noise=net.minecraft.util.math.noise.DoublePerlinNoiseSampler@7977c5ae]]}]]}]]}], shiftY=RegistryEntryHolder[function=Direct{Constant[value=0.0]}], shiftZ=RegistryEntryHolder[function=Direct{Wrapping[type=FlatCache, wrapped=RegistryEntryHolder[function=Direct{Wrapping[type=Cache2D, wrapped=RegistryEntryHolder[function=Direct{ShiftB[offsetNoise=Noise[noiseData=Reference{ResourceKey[minecraft:worldgen/noise / minecraft:offset]=NoiseParameters[firstOctave=-3, amplitudes=[1.0, 1.0, 1.0, 0.0]]}, noise=net.minecraft.util.math.noise.DoublePerlinNoiseSampler@7977c5ae]]}]]}]]}], xzScale=0.25, yScale=0.0, noise=Noise[noiseData=Reference{ResourceKey[minecraft:worldgen/noise / minecraft:ridge]=NoiseParameters[firstOctave=-7, amplitudes=[1.0, 2.0, 1.0, 0.0, 0.0, 0.0]]}, noise=net.minecraft.util.math.noise.DoublePerlinNoiseSampler@29ecbef]]}]]}], minValue=0.0, maxValue=5.7142857142857135]}], minValue=-0.6666666666666666, maxValue=5.047619047619047]}], minValue=0.0, maxValue=5.047619047619047]}], minValue=-0.3333333333333333, maxValue=4.7142857142857135]}], minValue=-14.14285714285714, maxValue=1.0]}], locations=[F@15afd35, values=[FixedFloatFunction[value=-0.1], FixedFloatFunction[value=0.01], FixedFloatFunction[value=0.01], FixedFloatFunction[value=0.03], FixedFloatFunction[value=0.1]], derivatives=[F@2f43ce0b, minValue=-6.6714287, maxValue=0.11015], Implementation[coordinate=Coordinate[Direct{BinaryOperation[type=MUL, argument1=RegistryEntryHolder[function=Direct{Constant[value=-3.0]}], argument2=RegistryEntryHolder[function=Direct{BinaryOperation[type=ADD, argument1=RegistryEntryHolder[function=Direct{Constant[value=-0.3333333333333333]}], argument2=RegistryEntryHolder[function=Direct{UnaryOperation[type=ABS, input=RegistryEntryHolder[function=Direct{BinaryOperation[type=ADD, argument1=RegistryEntryHolder[function=Direct{Constant[value=-0.6666666666666666]}], argument2=RegistryEntryHolder[function=Direct{UnaryOperation[type=ABS, input=RegistryEntryHolder[function=Direct{Wrapping[type=FlatCache, wrapped=RegistryEntryHolder[function=Direct{ShiftedNoise[shiftX=RegistryEntryHolder[function=Direct{Wrapping[type=FlatCache, wrapped=RegistryEntryHolder[function=Direct{Wrapping[type=Cache2D, wrapped=RegistryEntryHolder[function=Direct{ShiftA[offsetNoise=Noise[noiseData=Reference{ResourceKey[minecraft:worldgen/noise / minecraft:offset]=NoiseParameters[firstOctave=-3, amplitudes=[1.0, 1.0, 1.0, 0.0]]}, noise=net.minecraft.util.math.noise.DoublePerlinNoiseSampler@7977c5ae]]}]]}]]}], shiftY=RegistryEntryHolder[function=Direct{Constant[value=0.0]}], shiftZ=RegistryEntryHolder[function=Direct{Wrapping[type=FlatCache, wrapped=RegistryEntryHolder[function=Direct{Wrapping[type=Cache2D, wrapped=RegistryEntryHolder[function=Direct{ShiftB[offsetNoise=Noise[noiseData=Reference{ResourceKey[minecraft:worldgen/noise / minecraft:offset]=NoiseParameters[firstOctave=-3, amplitudes=[1.0, 1.0, 1.0, 0.0]]}, noise=net.minecraft.util.math.noise.DoublePerlinNoiseSampler@7977c5ae]]}]]}]]}], xzScale=0.25, yScale=0.0, noise=Noise[noiseData=Reference{ResourceKey[minecraft:worldgen/noise / minecraft:ridge]=NoiseParameters[firstOctave=-7, amplitudes=[1.0, 2.0, 1.0, 0.0, 0.0, 0.0]]}, noise=net.minecraft.util.math.noise.DoublePerlinNoiseSampler@29ecbef]]}]]}], minValue=0.0, maxValue=5.7142857142857135]}], minValue=-0.6666666666666666, maxValue=5.047619047619047]}], minValue=0.0, maxValue=5.047619047619047]}], minValue=-0.3333333333333333, maxValue=4.7142857142857135]}], minValue=-14.14285714285714, maxValue=1.0]}], locations=[F@b657840, values=[FixedFloatFunction[value=-0.1], Implementation[coordinate=Coordinate[Direct{BinaryOperation[type=MUL, argument1=RegistryEntryHolder[function=Direct{Constant[value=-3.0]}], argument2=RegistryEntryHolder[function=Direct{BinaryOperation[type=ADD, argument1=RegistryEntryHolder[function=Direct{Constant[value=-0.3333333333333333]}], argument2=RegistryEntryHolder[function=Direct{UnaryOperation[type=ABS, input=RegistryEntryHolder[function=Direct{BinaryOperation[type=ADD, argument1=RegistryEntryHolder[function=Direct{Constant[value=-0.6666666666666666]}], argument2=RegistryEntryHolder[function=Direct{UnaryOperation[type=ABS, input=RegistryEntryHolder[function=Direct{Wrapping[type=FlatCache, wrapped=RegistryEntryHolder[function=Direct{ShiftedNoise[shiftX=RegistryEntryHolder[function=Direct{Wrapping[type=FlatCache, wrapped=RegistryEntryHolder[function=Direct{Wrapping[type=Cache2D, wrapped=RegistryEntryHolder[function=Direct{ShiftA[offsetNoise=Noise[noiseData=Reference{ResourceKey[minecraft:worldgen/noise / minecraft:offset]=NoiseParameters[firstOctave=-3, amplitudes=[1.0, 1.0, 1.0, 0.0]]}, noise=net.minecraft.util.math.noise.DoublePerlinNoiseSampler@7977c5ae]]}]]}]]}], shiftY=RegistryEntryHolder[function=Direct{Constant[value=0.0]}], shiftZ=RegistryEntryHolder[function=Direct{Wrapping[type=FlatCache, wrapped=RegistryEntryHolder[function=Direct{Wrapping[type=Cache2D, wrapped=RegistryEntryHolder[function=Direct{ShiftB[offsetNoise=Noise[noiseData=Reference{ResourceKey[minecraft:worldgen/noise / minecraft:offset]=NoiseParameters[firstOctave=-3, amplitudes=[1.0, 1.0, 1.0, 0.0]]}, noise=net.minecraft.util.math.noise.DoublePerlinNoiseSampler@7977c5ae]]}]]}]]}], xzScale=0.25, yScale=0.0, noise=Noise[noiseData=Reference{ResourceKey[minecraft:worldgen/noise / minecraft:ridge]=NoiseParameters[firstOctave=-7, amplitudes=[1.0, 2.0, 1.0, 0.0, 0.0, 0.0]]}, noise=net.minecraft.util.math.noise.DoublePerlinNoiseSampler@29ecbef]]}]]}], minValue=0.0, maxValue=5.7142857142857135]}], minValue=-0.6666666666666666, maxValue=5.047619047619047]}], minValue=0.0, maxValue=5.047619047619047]}], minValue=-0.3333333333333333, maxValue=4.7142857142857135]}], minValue=-14.14285714285714, maxValue=1.0]}], locations=[F@6779e8f1, values=[FixedFloatFunction[value=-0.1], FixedFloatFunction[value=0.01], FixedFloatFunction[value=0.01], FixedFloatFunction[value=0.03], FixedFloatFunction[value=0.1]], derivatives=[F@319c027e, minValue=-6.6714287, maxValue=0.11015], FixedFloatFunction[value=0.17]], derivatives=[F@1ea1d0, minValue=-6.6714287, maxValue=0.17], Implementation[coordinate=Coordinate[Direct{BinaryOperation[type=MUL, argument1=RegistryEntryHolder[function=Direct{Constant[value=-3.0]}], argument2=RegistryEntryHolder[function=Direct{BinaryOperation[type=ADD, argument1=RegistryEntryHolder[function=Direct{Constant[value=-0.3333333333333333]}], argument2=RegistryEntryHolder[function=Direct{UnaryOperation[type=ABS, input=RegistryEntryHolder[function=Direct{BinaryOperation[type=ADD, argument1=RegistryEntryHolder[function=Direct{Constant[value=-0.6666666666666666]}], argument2=RegistryEntryHolder[function=Direct{UnaryOperation[type=ABS, input=RegistryEntryHolder[function=Direct{Wrapping[type=FlatCache, wrapped=RegistryEntryHolder[function=Direct{ShiftedNoise[shiftX=RegistryEntryHolder[function=Direct{Wrapping[type=FlatCache, wrapped=RegistryEntryHolder[function=Direct{Wrapping[type=Cache2D, wrapped=RegistryEntryHolder[function=Direct{ShiftA[offsetNoise=Noise[noiseData=Reference{ResourceKey[minecraft:worldgen/noise / minecraft:offset]=NoiseParameters[firstOctave=-3, amplitudes=[1.0, 1.0, 1.0, 0.0]]}, noise=net.minecraft.util.math.noise.DoublePerlinNoiseSampler@7977c5ae]]}]]}]]}], shiftY=RegistryEntryHolder[function=Direct{Constant[value=0.0]}], shiftZ=RegistryEntryHolder[function=Direct{Wrapping[type=FlatCache, wrapped=RegistryEntryHolder[function=Direct{Wrapping[type=Cache2D, wrapped=RegistryEntryHolder[function=Direct{ShiftB[offsetNoise=Noise[noiseData=Reference{ResourceKey[minecraft:worldgen/noise / minecraft:offset]=NoiseParameters[firstOctave=-3, amplitudes=[1.0, 1.0, 1.0, 0.0]]}, noise=net.minecraft.util.math.noise.DoublePerlinNoiseSampler@7977c5ae]]}]]}]]}], xzScale=0.25, yScale=0.0, noise=Noise[noiseData=Reference{ResourceKey[minecraft:worldgen/noise / minecraft:ridge]=NoiseParameters[firstOctave=-7, amplitudes=[1.0, 2.0, 1.0, 0.0, 0.0, 0.0]]}, noise=net.minecraft.util.math.noise.DoublePerlinNoiseSampler@29ecbef]]}]]}], minValue=0.0, maxValue=5.7142857142857135]}], minValue=-0.6666666666666666, maxValue=5.047619047619047]}], minValue=0.0, maxValue=5.047619047619047]}], minValue=-0.3333333333333333, maxValue=4.7142857142857135]}], minValue=-14.14285714285714, maxValue=1.0]}], locations=[F@20196eeb, values=[FixedFloatFunction[value=-0.1], Implementation[coordinate=Coordinate[Direct{BinaryOperation[type=MUL, argument1=RegistryEntryHolder[function=Direct{Constant[value=-3.0]}], argument2=RegistryEntryHolder[function=Direct{BinaryOperation[type=ADD, argument1=RegistryEntryHolder[function=Direct{Constant[value=-0.3333333333333333]}], argument2=RegistryEntryHolder[function=Direct{UnaryOperation[type=ABS, input=RegistryEntryHolder[function=Direct{BinaryOperation[type=ADD, argument1=RegistryEntryHolder[function=Direct{Constant[value=-0.6666666666666666]}], argument2=RegistryEntryHolder[function=Direct{UnaryOperation[type=ABS, input=RegistryEntryHolder[function=Direct{Wrapping[type=FlatCache, wrapped=RegistryEntryHolder[function=Direct{ShiftedNoise[shiftX=RegistryEntryHolder[function=Direct{Wrapping[type=FlatCache, wrapped=RegistryEntryHolder[function=Direct{Wrapping[type=Cache2D, wrapped=RegistryEntryHolder[function=Direct{ShiftA[offsetNoise=Noise[noiseData=Reference{ResourceKey[minecraft:worldgen/noise / minecraft:offset]=NoiseParameters[firstOctave=-3, amplitudes=[1.0, 1.0, 1.0, 0.0]]}, noise=net.minecraft.util.math.noise.DoublePerlinNoiseSampler@7977c5ae]]}]]}]]}], shiftY=RegistryEntryHolder[function=Direct{Constant[value=0.0]}], shiftZ=RegistryEntryHolder[function=Direct{Wrapping[type=FlatCache, wrapped=RegistryEntryHolder[function=Direct{Wrapping[type=Cache2D, wrapped=RegistryEntryHolder[function=Direct{ShiftB[offsetNoise=Noise[noiseData=Reference{ResourceKey[minecraft:worldgen/noise / minecraft:offset]=NoiseParameters[firstOctave=-3, amplitudes=[1.0, 1.0, 1.0, 0.0]]}, noise=net.minecraft.util.math.noise.DoublePerlinNoiseSampler@7977c5ae]]}]]}]]}], xzScale=0.25, yScale=0.0, noise=Noise[noiseData=Reference{ResourceKey[minecraft:worldgen/noise / minecraft:ridge]=NoiseParameters[firstOctave=-7, amplitudes=[1.0, 2.0, 1.0, 0.0, 0.0, 0.0]]}, noise=net.minecraft.util.math.noise.DoublePerlinNoiseSampler@29ecbef]]}]]}], minValue=0.0, maxValue=5.7142857142857135]}], minValue=-0.6666666666666666, maxValue=5.047619047619047]}], minValue=0.0, maxValue=5.047619047619047]}], minValue=-0.3333333333333333, maxValue=4.7142857142857135]}], minValue=-14.14285714285714, maxValue=1.0]}], locations=[F@88f3479, values=[FixedFloatFunction[value=-0.1], FixedFloatFunction[value=0.01], FixedFloatFunction[value=0.01], FixedFloatFunction[value=0.03], FixedFloatFunction[value=0.1]], derivatives=[F@59d158e4, minValue=-6.6714287, maxValue=0.11015], FixedFloatFunction[value=0.17]], derivatives=[F@2cb4622f, minValue=-6.6714287, maxValue=0.17], Implementation[coordinate=Coordinate[Direct{BinaryOperation[type=MUL, argument1=RegistryEntryHolder[function=Direct{Constant[value=-3.0]}], argument2=RegistryEntryHolder[function=Direct{BinaryOperation[type=ADD, argument1=RegistryEntryHolder[function=Direct{Constant[value=-0.3333333333333333]}], argument2=RegistryEntryHolder[function=Direct{UnaryOperation[type=ABS, input=RegistryEntryHolder[function=Direct{BinaryOperation[type=ADD, argument1=RegistryEntryHolder[function=Direct{Constant[value=-0.6666666666666666]}], argument2=RegistryEntryHolder[function=Direct{UnaryOperation[type=ABS, input=RegistryEntryHolder[function=Direct{Wrapping[type=FlatCache, wrapped=RegistryEntryHolder[function=Direct{ShiftedNoise[shiftX=RegistryEntryHolder[function=Direct{Wrapping[type=FlatCache, wrapped=RegistryEntryHolder[function=Direct{Wrapping[type=Cache2D, wrapped=RegistryEntryHolder[function=Direct{ShiftA[offsetNoise=Noise[noiseData=Reference{ResourceKey[minecraft:worldgen/noise / minecraft:offset]=NoiseParameters[firstOctave=-3, amplitudes=[1.0, 1.0, 1.0, 0.0]]}, noise=net.minecraft.util.math.noise.DoublePerlinNoiseSampler@7977c5ae]]}]]}]]}], shiftY=RegistryEntryHolder[function=Direct{Constant[value=0.0]}], shiftZ=RegistryEntryHolder[function=Direct{Wrapping[type=FlatCache, wrapped=RegistryEntryHolder[function=Direct{Wrapping[type=Cache2D, wrapped=RegistryEntryHolder[function=Direct{ShiftB[offsetNoise=Noise[noiseData=Reference{ResourceKey[minecraft:worldgen/noise / minecraft:offset]=NoiseParameters[firstOctave=-3, amplitudes=[1.0, 1.0, 1.0, 0.0]]}, noise=net.minecraft.util.math.noise.DoublePerlinNoiseSampler@7977c5ae]]}]]}]]}], xzScale=0.25, yScale=0.0, noise=Noise[noiseData=Reference{ResourceKey[minecraft:worldgen/noise / minecraft:ridge]=NoiseParameters[firstOctave=-7, amplitudes=[1.0, 2.0, 1.0, 0.0, 0.0, 0.0]]}, noise=net.minecraft.util.math.noise.DoublePerlinNoiseSampler@29ecbef]]}]]}], minValue=0.0, maxValue=5.7142857142857135]}], minValue=-0.6666666666666666, maxValue=5.047619047619047]}], minValue=0.0, maxValue=5.047619047619047]}], minValue=-0.3333333333333333, maxValue=4.7142857142857135]}], minValue=-14.14285714285714, maxValue=1.0]}], locations=[F@47313f64, values=[FixedFloatFunction[value=-0.1], FixedFloatFunction[value=0.01], FixedFloatFunction[value=0.01], FixedFloatFunction[value=0.03], FixedFloatFunction[value=0.1]], derivatives=[F@36ecf707, minValue=-6.6714287, maxValue=0.11015], Implementation[coordinate=Coordinate[Direct{BinaryOperation[type=MUL, argument1=RegistryEntryHolder[function=Direct{Constant[value=-3.0]}], argument2=RegistryEntryHolder[function=Direct{BinaryOperation[type=ADD, argument1=RegistryEntryHolder[function=Direct{Constant[value=-0.3333333333333333]}], argument2=RegistryEntryHolder[function=Direct{UnaryOperation[type=ABS, input=RegistryEntryHolder[function=Direct{BinaryOperation[type=ADD, argument1=RegistryEntryHolder[function=Direct{Constant[value=-0.6666666666666666]}], argument2=RegistryEntryHolder[function=Direct{UnaryOperation[type=ABS, input=RegistryEntryHolder[function=Direct{Wrapping[type=FlatCache, wrapped=RegistryEntryHolder[function=Direct{ShiftedNoise[shiftX=RegistryEntryHolder[function=Direct{Wrapping[type=FlatCache, wrapped=RegistryEntryHolder[function=Direct{Wrapping[type=Cache2D, wrapped=RegistryEntryHolder[function=Direct{ShiftA[offsetNoise=Noise[noiseData=Reference{ResourceKey[minecraft:worldgen/noise / minecraft:offset]=NoiseParameters[firstOctave=-3, amplitudes=[1.0, 1.0, 1.0, 0.0]]}, noise=net.minecraft.util.math.noise.DoublePerlinNoiseSampler@7977c5ae]]}]]}]]}], shiftY=RegistryEntryHolder[function=Direct{Constant[value=0.0]}], shiftZ=RegistryEntryHolder[function=Direct{Wrapping[type=FlatCache, wrapped=RegistryEntryHolder[function=Direct{Wrapping[type=Cache2D, wrapped=RegistryEntryHolder[function=Direct{ShiftB[offsetNoise=Noise[noiseData=Reference{ResourceKey[minecraft:worldgen/noise / minecraft:offset]=NoiseParameters[firstOctave=-3, amplitudes=[1.0, 1.0, 1.0, 0.0]]}, noise=net.minecraft.util.math.noise.DoublePerlinNoiseSampler@7977c5ae]]}]]}]]}], xzScale=0.25, yScale=0.0, noise=Noise[noiseData=Reference{ResourceKey[minecraft:worldgen/noise / minecraft:ridge]=NoiseParameters[firstOctave=-7, amplitudes=[1.0, 2.0, 1.0, 0.0, 0.0, 0.0]]}, noise=net.minecraft.util.math.noise.DoublePerlinNoiseSampler@29ecbef]]}]]}], minValue=0.0, maxValue=5.7142857142857135]}], minValue=-0.6666666666666666, maxValue=5.047619047619047]}], minValue=0.0, maxValue=5.047619047619047]}], minValue=-0.3333333333333333, maxValue=4.7142857142857135]}], minValue=-14.14285714285714, maxValue=1.0]}], locations=[F@65299f46, values=[FixedFloatFunction[value=-0.02], FixedFloatFunction[value=-0.03], FixedFloatFunction[value=-0.03], FixedFloatFunction[value=0.03], FixedFloatFunction[value=0.1]], derivatives=[F@6a033cd6, minValue=-0.044999998, maxValue=0.11015]], derivatives=[F@2487e4ed, minValue=-6.821429, maxValue=1.23], Implementation[coordinate=Coordinate[Direct{Wrapping[type=FlatCache, wrapped=RegistryEntryHolder[function=Direct{ShiftedNoise[shiftX=RegistryEntryHolder[function=Direct{Wrapping[type=FlatCache, wrapped=RegistryEntryHolder[function=Direct{Wrapping[type=Cache2D, wrapped=RegistryEntryHolder[function=Direct{ShiftA[offsetNoise=Noise[noiseData=Reference{ResourceKey[minecraft:worldgen/noise / minecraft:offset]=NoiseParameters[firstOctave=-3, amplitudes=[1.0, 1.0, 1.0, 0.0]]}, noise=net.minecraft.util.math.noise.DoublePerlinNoiseSampler@7977c5ae]]}]]}]]}], shiftY=RegistryEntryHolder[function=Direct{Constant[value=0.0]}], shiftZ=RegistryEntryHolder[function=Direct{Wrapping[type=FlatCache, wrapped=RegistryEntryHolder[function=Direct{Wrapping[type=Cache2D, wrapped=RegistryEntryHolder[function=Direct{ShiftB[offsetNoise=Noise[noiseData=Reference{ResourceKey[minecraft:worldgen/noise / minecraft:offset]=NoiseParameters[firstOctave=-3, amplitudes=[1.0, 1.0, 1.0, 0.0]]}, noise=net.minecraft.util.math.noise.DoublePerlinNoiseSampler@7977c5ae]]}]]}]]}], xzScale=0.25, yScale=0.0, noise=Noise[noiseData=Reference{ResourceKey[minecraft:worldgen/noise / minecraft:erosion]=NoiseParameters[firstOctave=-9, amplitudes=[1.0, 1.0, 0.0, 1.0, 1.0]]}, noise=net.minecraft.util.math.noise.DoublePerlinNoiseSampler@2e212c04]]}]]}], locations=[F@75827bb5, values=[Implementation[coordinate=Coordinate[Direct{BinaryOperation[type=MUL, argument1=RegistryEntryHolder[function=Direct{Constant[value=-3.0]}], argument2=RegistryEntryHolder[function=Direct{BinaryOperation[type=ADD, argument1=RegistryEntryHolder[function=Direct{Constant[value=-0.3333333333333333]}], argument2=RegistryEntryHolder[function=Direct{UnaryOperation[type=ABS, input=RegistryEntryHolder[function=Direct{BinaryOperation[type=ADD, argument1=RegistryEntryHolder[function=Direct{Constant[value=-0.6666666666666666]}], argument2=RegistryEntryHolder[function=Direct{UnaryOperation[type=ABS, input=RegistryEntryHolder[function=Direct{Wrapping[type=FlatCache, wrapped=RegistryEntryHolder[function=Direct{ShiftedNoise[shiftX=RegistryEntryHolder[function=Direct{Wrapping[type=FlatCache, wrapped=RegistryEntryHolder[function=Direct{Wrapping[type=Cache2D, wrapped=RegistryEntryHolder[function=Direct{ShiftA[offsetNoise=Noise[noiseData=Reference{ResourceKey[minecraft:worldgen/noise / minecraft:offset]=NoiseParameters[firstOctave=-3, amplitudes=[1.0, 1.0, 1.0, 0.0]]}, noise=net.minecraft.util.math.noise.DoublePerlinNoiseSampler@7977c5ae]]}]]}]]}], shiftY=RegistryEntryHolder[function=Direct{Constant[value=0.0]}], shiftZ=RegistryEntryHolder[function=Direct{Wrapping[type=FlatCache, wrapped=RegistryEntryHolder[function=Direct{Wrapping[type=Cache2D, wrapped=RegistryEntryHolder[function=Direct{ShiftB[offsetNoise=Noise[noiseData=Reference{ResourceKey[minecraft:worldgen/noise / minecraft:offset]=NoiseParameters[firstOctave=-3, amplitudes=[1.0, 1.0, 1.0, 0.0]]}, noise=net.minecraft.util.math.noise.DoublePerlinNoiseSampler@7977c5ae]]}]]}]]}], xzScale=0.25, yScale=0.0, noise=Noise[noiseData=Reference{ResourceKey[minecraft:worldgen/noise / minecraft:ridge]=NoiseParameters[firstOctave=-7, amplitudes=[1.0, 2.0, 1.0, 0.0, 0.0, 0.0]]}, noise=net.minecraft.util.math.noise.DoublePerlinNoiseSampler@29ecbef]]}]]}], minValue=0.0, maxValue=5.7142857142857135]}], minValue=-0.6666666666666666, maxValue=5.047619047619047]}], minValue=0.0, maxValue=5.047619047619047]}], minValue=-0.3333333333333333, maxValue=4.7142857142857135]}], minValue=-14.14285714285714, maxValue=1.0]}], locations=[F@5cf809ec, values=[FixedFloatFunction[value=0.34792626], FixedFloatFunction[value=0.9239631], FixedFloatFunction[value=1.5]], derivatives=[F@2f6e7b29, minValue=0.20391704, maxValue=1.5], Implementation[coordinate=Coordinate[Direct{BinaryOperation[type=MUL, argument1=RegistryEntryHolder[function=Direct{Constant[value=-3.0]}], argument2=RegistryEntryHolder[function=Direct{BinaryOperation[type=ADD, argument1=RegistryEntryHolder[function=Direct{Constant[value=-0.3333333333333333]}], argument2=RegistryEntryHolder[function=Direct{UnaryOperation[type=ABS, input=RegistryEntryHolder[function=Direct{BinaryOperation[type=ADD, argument1=RegistryEntryHolder[function=Direct{Constant[value=-0.6666666666666666]}], argument2=RegistryEntryHolder[function=Direct{UnaryOperation[type=ABS, input=RegistryEntryHolder[function=Direct{Wrapping[type=FlatCache, wrapped=RegistryEntryHolder[function=Direct{ShiftedNoise[shiftX=RegistryEntryHolder[function=Direct{Wrapping[type=FlatCache, wrapped=RegistryEntryHolder[function=Direct{Wrapping[type=Cache2D, wrapped=RegistryEntryHolder[function=Direct{ShiftA[offsetNoise=Noise[noiseData=Reference{ResourceKey[minecraft:worldgen/noise / minecraft:offset]=NoiseParameters[firstOctave=-3, amplitudes=[1.0, 1.0, 1.0, 0.0]]}, noise=net.minecraft.util.math.noise.DoublePerlinNoiseSampler@7977c5ae]]}]]}]]}], shiftY=RegistryEntryHolder[function=Direct{Constant[value=0.0]}], shiftZ=RegistryEntryHolder[function=Direct{Wrapping[type=FlatCache, wrapped=RegistryEntryHolder[function=Direct{Wrapping[type=Cache2D, wrapped=RegistryEntryHolder[function=Direct{ShiftB[offsetNoise=Noise[noiseData=Reference{ResourceKey[minecraft:worldgen/noise / minecraft:offset]=NoiseParameters[firstOctave=-3, amplitudes=[1.0, 1.0, 1.0, 0.0]]}, noise=net.minecraft.util.math.noise.DoublePerlinNoiseSampler@7977c5ae]]}]]}]]}], xzScale=0.25, yScale=0.0, noise=Noise[noiseData=Reference{ResourceKey[minecraft:worldgen/noise / minecraft:ridge]=NoiseParameters[firstOctave=-7, amplitudes=[1.0, 2.0, 1.0, 0.0, 0.0, 0.0]]}, noise=net.minecraft.util.math.noise.DoublePerlinNoiseSampler@29ecbef]]}]]}], minValue=0.0, maxValue=5.7142857142857135]}], minValue=-0.6666666666666666, maxValue=5.047619047619047]}], minValue=0.0, maxValue=5.047619047619047]}], minValue=-0.3333333333333333, maxValue=4.7142857142857135]}], minValue=-14.14285714285714, maxValue=1.0]}], locations=[F@34d542a5, values=[FixedFloatFunction[value=0.2], FixedFloatFunction[value=0.5391705], FixedFloatFunction[value=1.0]], derivatives=[F@52ecd859, minValue=0.115207374, maxValue=1.0], Implementation[coordinate=Coordinate[Direct{BinaryOperation[type=MUL, argument1=RegistryEntryHolder[function=Direct{Constant[value=-3.0]}], argument2=RegistryEntryHolder[function=Direct{BinaryOperation[type=ADD, argument1=RegistryEntryHolder[function=Direct{Constant[value=-0.3333333333333333]}], argument2=RegistryEntryHolder[function=Direct{UnaryOperation[type=ABS, input=RegistryEntryHolder[function=Direct{BinaryOperation[type=ADD, argument1=RegistryEntryHolder[function=Direct{Constant[value=-0.6666666666666666]}], argument2=RegistryEntryHolder[function=Direct{UnaryOperation[type=ABS, input=RegistryEntryHolder[function=Direct{Wrapping[type=FlatCache, wrapped=RegistryEntryHolder[function=Direct{ShiftedNoise[shiftX=RegistryEntryHolder[function=Direct{Wrapping[type=FlatCache, wrapped=RegistryEntryHolder[function=Direct{Wrapping[type=Cache2D, wrapped=RegistryEntryHolder[function=Direct{ShiftA[offsetNoise=Noise[noiseData=Reference{ResourceKey[minecraft:worldgen/noise / minecraft:offset]=NoiseParameters[firstOctave=-3, amplitudes=[1.0, 1.0, 1.0, 0.0]]}, noise=net.minecraft.util.math.noise.DoublePerlinNoiseSampler@7977c5ae]]}]]}]]}], shiftY=RegistryEntryHolder[function=Direct{Constant[value=0.0]}], shiftZ=RegistryEntryHolder[function=Direct{Wrapping[type=FlatCache, wrapped=RegistryEntryHolder[function=Direct{Wrapping[type=Cache2D, wrapped=RegistryEntryHolder[function=Direct{ShiftB[offsetNoise=Noise[noiseData=Reference{ResourceKey[minecraft:worldgen/noise / minecraft:offset]=NoiseParameters[firstOctave=-3, amplitudes=[1.0, 1.0, 1.0, 0.0]]}, noise=net.minecraft.util.math.noise.DoublePerlinNoiseSampler@7977c5ae]]}]]}]]}], xzScale=0.25, yScale=0.0, noise=Noise[noiseData=Reference{ResourceKey[minecraft:worldgen/noise / minecraft:ridge]=NoiseParameters[firstOctave=-7, amplitudes=[1.0, 2.0, 1.0, 0.0, 0.0, 0.0]]}, noise=net.minecraft.util.math.noise.DoublePerlinNoiseSampler@29ecbef]]}]]}], minValue=0.0, maxValue=5.7142857142857135]}], minValue=-0.6666666666666666, maxValue=5.047619047619047]}], minValue=0.0, maxValue=5.047619047619047]}], minValue=-0.3333333333333333, maxValue=4.7142857142857135]}], minValue=-14.14285714285714, maxValue=1.0]}], locations=[F@4e471c81, values=[FixedFloatFunction[value=0.2], FixedFloatFunction[value=0.5391705], FixedFloatFunction[value=1.0]], derivatives=[F@122c8153, minValue=0.115207374, maxValue=1.0], Implementation[coordinate=Coordinate[Direct{BinaryOperation[type=MUL, argument1=RegistryEntryHolder[function=Direct{Constant[value=-3.0]}], argument2=RegistryEntryHolder[function=Direct{BinaryOperation[type=ADD, argument1=RegistryEntryHolder[function=Direct{Constant[value=-0.3333333333333333]}], argument2=RegistryEntryHolder[function=Direct{UnaryOperation[type=ABS, input=RegistryEntryHolder[function=Direct{BinaryOperation[type=ADD, argument1=RegistryEntryHolder[function=Direct{Constant[value=-0.6666666666666666]}], argument2=RegistryEntryHolder[function=Direct{UnaryOperation[type=ABS, input=RegistryEntryHolder[function=Direct{Wrapping[type=FlatCache, wrapped=RegistryEntryHolder[function=Direct{ShiftedNoise[shiftX=RegistryEntryHolder[function=Direct{Wrapping[type=FlatCache, wrapped=RegistryEntryHolder[function=Direct{Wrapping[type=Cache2D, wrapped=RegistryEntryHolder[function=Direct{ShiftA[offsetNoise=Noise[noiseData=Reference{ResourceKey[minecraft:worldgen/noise / minecraft:offset]=NoiseParameters[firstOctave=-3, amplitudes=[1.0, 1.0, 1.0, 0.0]]}, noise=net.minecraft.util.math.noise.DoublePerlinNoiseSampler@7977c5ae]]}]]}]]}], shiftY=RegistryEntryHolder[function=Direct{Constant[value=0.0]}], shiftZ=RegistryEntryHolder[function=Direct{Wrapping[type=FlatCache, wrapped=RegistryEntryHolder[function=Direct{Wrapping[type=Cache2D, wrapped=RegistryEntryHolder[function=Direct{ShiftB[offsetNoise=Noise[noiseData=Reference{ResourceKey[minecraft:worldgen/noise / minecraft:offset]=NoiseParameters[firstOctave=-3, amplitudes=[1.0, 1.0, 1.0, 0.0]]}, noise=net.minecraft.util.math.noise.DoublePerlinNoiseSampler@7977c5ae]]}]]}]]}], xzScale=0.25, yScale=0.0, noise=Noise[noiseData=Reference{ResourceKey[minecraft:worldgen/noise / minecraft:ridge]=NoiseParameters[firstOctave=-7, amplitudes=[1.0, 2.0, 1.0, 0.0, 0.0, 0.0]]}, noise=net.minecraft.util.math.noise.DoublePerlinNoiseSampler@29ecbef]]}]]}], minValue=0.0, maxValue=5.7142857142857135]}], minValue=-0.6666666666666666, maxValue=5.047619047619047]}], minValue=0.0, maxValue=5.047619047619047]}], minValue=-0.3333333333333333, maxValue=4.7142857142857135]}], minValue=-14.14285714285714, maxValue=1.0]}], locations=[F@cf229d9, values=[FixedFloatFunction[value=-0.2], FixedFloatFunction[value=0.5], FixedFloatFunction[value=0.5], FixedFloatFunction[value=0.5], FixedFloatFunction[value=0.6]], derivatives=[F@3868160e, minValue=-6.7714286, maxValue=0.675], Implementation[coordinate=Coordinate[Direct{BinaryOperation[type=MUL, argument1=RegistryEntryHolder[function=Direct{Constant[value=-3.0]}], argument2=RegistryEntryHolder[function=Direct{BinaryOperation[type=ADD, argument1=RegistryEntryHolder[function=Direct{Constant[value=-0.3333333333333333]}], argument2=RegistryEntryHolder[function=Direct{UnaryOperation[type=ABS, input=RegistryEntryHolder[function=Direct{BinaryOperation[type=ADD, argument1=RegistryEntryHolder[function=Direct{Constant[value=-0.6666666666666666]}], argument2=RegistryEntryHolder[function=Direct{UnaryOperation[type=ABS, input=RegistryEntryHolder[function=Direct{Wrapping[type=FlatCache, wrapped=RegistryEntryHolder[function=Direct{ShiftedNoise[shiftX=RegistryEntryHolder[function=Direct{Wrapping[type=FlatCache, wrapped=RegistryEntryHolder[function=Direct{Wrapping[type=Cache2D, wrapped=RegistryEntryHolder[function=Direct{ShiftA[offsetNoise=Noise[noiseData=Reference{ResourceKey[minecraft:worldgen/noise / minecraft:offset]=NoiseParameters[firstOctave=-3, amplitudes=[1.0, 1.0, 1.0, 0.0]]}, noise=net.minecraft.util.math.noise.DoublePerlinNoiseSampler@7977c5ae]]}]]}]]}], shiftY=RegistryEntryHolder[function=Direct{Constant[value=0.0]}], shiftZ=RegistryEntryHolder[function=Direct{Wrapping[type=FlatCache, wrapped=RegistryEntryHolder[function=Direct{Wrapping[type=Cache2D, wrapped=RegistryEntryHolder[function=Direct{ShiftB[offsetNoise=Noise[noiseData=Reference{ResourceKey[minecraft:worldgen/noise / minecraft:offset]=NoiseParameters[firstOctave=-3, amplitudes=[1.0, 1.0, 1.0, 0.0]]}, noise=net.minecraft.util.math.noise.DoublePerlinNoiseSampler@7977c5ae]]}]]}]]}], xzScale=0.25, yScale=0.0, noise=Noise[noiseData=Reference{ResourceKey[minecraft:worldgen/noise / minecraft:ridge]=NoiseParameters[firstOctave=-7, amplitudes=[1.0, 2.0, 1.0, 0.0, 0.0, 0.0]]}, noise=net.minecraft.util.math.noise.DoublePerlinNoiseSampler@29ecbef]]}]]}], minValue=0.0, maxValue=5.7142857142857135]}], minValue=-0.6666666666666666, maxValue=5.047619047619047]}], minValue=0.0, maxValue=5.047619047619047]}], minValue=-0.3333333333333333, maxValue=4.7142857142857135]}], minValue=-14.14285714285714, maxValue=1.0]}], locations=[F@4e3db696, values=[FixedFloatFunction[value=-0.05], FixedFloatFunction[value=0.01], FixedFloatFunction[value=0.03], FixedFloatFunction[value=0.5], FixedFloatFunction[value=0.6]], derivatives=[F@386d801b, minValue=-6.621429, maxValue=0.716], Implementation[coordinate=Coordinate[Direct{BinaryOperation[type=MUL, argument1=RegistryEntryHolder[function=Direct{Constant[value=-3.0]}], argument2=RegistryEntryHolder[function=Direct{BinaryOperation[type=ADD, argument1=RegistryEntryHolder[function=Direct{Constant[value=-0.3333333333333333]}], argument2=RegistryEntryHolder[function=Direct{UnaryOperation[type=ABS, input=RegistryEntryHolder[function=Direct{BinaryOperation[type=ADD, argument1=RegistryEntryHolder[function=Direct{Constant[value=-0.6666666666666666]}], argument2=RegistryEntryHolder[function=Direct{UnaryOperation[type=ABS, input=RegistryEntryHolder[function=Direct{Wrapping[type=FlatCache, wrapped=RegistryEntryHolder[function=Direct{ShiftedNoise[shiftX=RegistryEntryHolder[function=Direct{Wrapping[type=FlatCache, wrapped=RegistryEntryHolder[function=Direct{Wrapping[type=Cache2D, wrapped=RegistryEntryHolder[function=Direct{ShiftA[offsetNoise=Noise[noiseData=Reference{ResourceKey[minecraft:worldgen/noise / minecraft:offset]=NoiseParameters[firstOctave=-3, amplitudes=[1.0, 1.0, 1.0, 0.0]]}, noise=net.minecraft.util.math.noise.DoublePerlinNoiseSampler@7977c5ae]]}]]}]]}], shiftY=RegistryEntryHolder[function=Direct{Constant[value=0.0]}], shiftZ=RegistryEntryHolder[function=Direct{Wrapping[type=FlatCache, wrapped=RegistryEntryHolder[function=Direct{Wrapping[type=Cache2D, wrapped=RegistryEntryHolder[function=Direct{ShiftB[offsetNoise=Noise[noiseData=Reference{ResourceKey[minecraft:worldgen/noise / minecraft:offset]=NoiseParameters[firstOctave=-3, amplitudes=[1.0, 1.0, 1.0, 0.0]]}, noise=net.minecraft.util.math.noise.DoublePerlinNoiseSampler@7977c5ae]]}]]}]]}], xzScale=0.25, yScale=0.0, noise=Noise[noiseData=Reference{ResourceKey[minecraft:worldgen/noise / minecraft:ridge]=NoiseParameters[firstOctave=-7, amplitudes=[1.0, 2.0, 1.0, 0.0, 0.0, 0.0]]}, noise=net.minecraft.util.math.noise.DoublePerlinNoiseSampler@29ecbef]]}]]}], minValue=0.0, maxValue=5.7142857142857135]}], minValue=-0.6666666666666666, maxValue=5.047619047619047]}], minValue=0.0, maxValue=5.047619047619047]}], minValue=-0.3333333333333333, maxValue=4.7142857142857135]}], minValue=-14.14285714285714, maxValue=1.0]}], locations=[F@254cda2e, values=[FixedFloatFunction[value=-0.05], FixedFloatFunction[value=0.01], FixedFloatFunction[value=0.01], FixedFloatFunction[value=0.03], FixedFloatFunction[value=0.1]], derivatives=[F@5d6c70ef, minValue=-6.621429, maxValue=0.11015], Implementation[coordinate=Coordinate[Direct{BinaryOperation[type=MUL, argument1=RegistryEntryHolder[function=Direct{Constant[value=-3.0]}], argument2=RegistryEntryHolder[function=Direct{BinaryOperation[type=ADD, argument1=RegistryEntryHolder[function=Direct{Constant[value=-0.3333333333333333]}], argument2=RegistryEntryHolder[function=Direct{UnaryOperation[type=ABS, input=RegistryEntryHolder[function=Direct{BinaryOperation[type=ADD, argument1=RegistryEntryHolder[function=Direct{Constant[value=-0.6666666666666666]}], argument2=RegistryEntryHolder[function=Direct{UnaryOperation[type=ABS, input=RegistryEntryHolder[function=Direct{Wrapping[type=FlatCache, wrapped=RegistryEntryHolder[function=Direct{ShiftedNoise[shiftX=RegistryEntryHolder[function=Direct{Wrapping[type=FlatCache, wrapped=RegistryEntryHolder[function=Direct{Wrapping[type=Cache2D, wrapped=RegistryEntryHolder[function=Direct{ShiftA[offsetNoise=Noise[noiseData=Reference{ResourceKey[minecraft:worldgen/noise / minecraft:offset]=NoiseParameters[firstOctave=-3, amplitudes=[1.0, 1.0, 1.0, 0.0]]}, noise=net.minecraft.util.math.noise.DoublePerlinNoiseSampler@7977c5ae]]}]]}]]}], shiftY=RegistryEntryHolder[function=Direct{Constant[value=0.0]}], shiftZ=RegistryEntryHolder[function=Direct{Wrapping[type=FlatCache, wrapped=RegistryEntryHolder[function=Direct{Wrapping[type=Cache2D, wrapped=RegistryEntryHolder[function=Direct{ShiftB[offsetNoise=Noise[noiseData=Reference{ResourceKey[minecraft:worldgen/noise / minecraft:offset]=NoiseParameters[firstOctave=-3, amplitudes=[1.0, 1.0, 1.0, 0.0]]}, noise=net.minecraft.util.math.noise.DoublePerlinNoiseSampler@7977c5ae]]}]]}]]}], xzScale=0.25, yScale=0.0, noise=Noise[noiseData=Reference{ResourceKey[minecraft:worldgen/noise / minecraft:ridge]=NoiseParameters[firstOctave=-7, amplitudes=[1.0, 2.0, 1.0, 0.0, 0.0, 0.0]]}, noise=net.minecraft.util.math.noise.DoublePerlinNoiseSampler@29ecbef]]}]]}], minValue=0.0, maxValue=5.7142857142857135]}], minValue=-0.6666666666666666, maxValue=5.047619047619047]}], minValue=0.0, maxValue=5.047619047619047]}], minValue=-0.3333333333333333, maxValue=4.7142857142857135]}], minValue=-14.14285714285714, maxValue=1.0]}], locations=[F@7e46f4d2, values=[FixedFloatFunction[value=-0.05], FixedFloatFunction[value=0.01], FixedFloatFunction[value=0.01], FixedFloatFunction[value=0.03], FixedFloatFunction[value=0.1]], derivatives=[F@2a7fde59, minValue=-6.621429, maxValue=0.11015], Implementation[coordinate=Coordinate[Direct{BinaryOperation[type=MUL, argument1=RegistryEntryHolder[function=Direct{Constant[value=-3.0]}], argument2=RegistryEntryHolder[function=Direct{BinaryOperation[type=ADD, argument1=RegistryEntryHolder[function=Direct{Constant[value=-0.3333333333333333]}], argument2=RegistryEntryHolder[function=Direct{UnaryOperation[type=ABS, input=RegistryEntryHolder[function=Direct{BinaryOperation[type=ADD, argument1=RegistryEntryHolder[function=Direct{Constant[value=-0.6666666666666666]}], argument2=RegistryEntryHolder[function=Direct{UnaryOperation[type=ABS, input=RegistryEntryHolder[function=Direct{Wrapping[type=FlatCache, wrapped=RegistryEntryHolder[function=Direct{ShiftedNoise[shiftX=RegistryEntryHolder[function=Direct{Wrapping[type=FlatCache, wrapped=RegistryEntryHolder[function=Direct{Wrapping[type=Cache2D, wrapped=RegistryEntryHolder[function=Direct{ShiftA[offsetNoise=Noise[noiseData=Reference{ResourceKey[minecraft:worldgen/noise / minecraft:offset]=NoiseParameters[firstOctave=-3, amplitudes=[1.0, 1.0, 1.0, 0.0]]}, noise=net.minecraft.util.math.noise.DoublePerlinNoiseSampler@7977c5ae]]}]]}]]}], shiftY=RegistryEntryHolder[function=Direct{Constant[value=0.0]}], shiftZ=RegistryEntryHolder[function=Direct{Wrapping[type=FlatCache, wrapped=RegistryEntryHolder[function=Direct{Wrapping[type=Cache2D, wrapped=RegistryEntryHolder[function=Direct{ShiftB[offsetNoise=Noise[noiseData=Reference{ResourceKey[minecraft:worldgen/noise / minecraft:offset]=NoiseParameters[firstOctave=-3, amplitudes=[1.0, 1.0, 1.0, 0.0]]}, noise=net.minecraft.util.math.noise.DoublePerlinNoiseSampler@7977c5ae]]}]]}]]}], xzScale=0.25, yScale=0.0, noise=Noise[noiseData=Reference{ResourceKey[minecraft:worldgen/noise / minecraft:ridge]=NoiseParameters[firstOctave=-7, amplitudes=[1.0, 2.0, 1.0, 0.0, 0.0, 0.0]]}, noise=net.minecraft.util.math.noise.DoublePerlinNoiseSampler@29ecbef]]}]]}], minValue=0.0, maxValue=5.7142857142857135]}], minValue=-0.6666666666666666, maxValue=5.047619047619047]}], minValue=0.0, maxValue=5.047619047619047]}], minValue=-0.3333333333333333, maxValue=4.7142857142857135]}], minValue=-14.14285714285714, maxValue=1.0]}], locations=[F@6921fc92, values=[FixedFloatFunction[value=-0.05], Implementation[coordinate=Coordinate[Direct{BinaryOperation[type=MUL, argument1=RegistryEntryHolder[function=Direct{Constant[value=-3.0]}], argument2=RegistryEntryHolder[function=Direct{BinaryOperation[type=ADD, argument1=RegistryEntryHolder[function=Direct{Constant[value=-0.3333333333333333]}], argument2=RegistryEntryHolder[function=Direct{UnaryOperation[type=ABS, input=RegistryEntryHolder[function=Direct{BinaryOperation[type=ADD, argument1=RegistryEntryHolder[function=Direct{Constant[value=-0.6666666666666666]}], argument2=RegistryEntryHolder[function=Direct{UnaryOperation[type=ABS, input=RegistryEntryHolder[function=Direct{Wrapping[type=FlatCache, wrapped=RegistryEntryHolder[function=Direct{ShiftedNoise[shiftX=RegistryEntryHolder[function=Direct{Wrapping[type=FlatCache, wrapped=RegistryEntryHolder[function=Direct{Wrapping[type=Cache2D, wrapped=RegistryEntryHolder[function=Direct{ShiftA[offsetNoise=Noise[noiseData=Reference{ResourceKey[minecraft:worldgen/noise / minecraft:offset]=NoiseParameters[firstOctave=-3, amplitudes=[1.0, 1.0, 1.0, 0.0]]}, noise=net.minecraft.util.math.noise.DoublePerlinNoiseSampler@7977c5ae]]}]]}]]}], shiftY=RegistryEntryHolder[function=Direct{Constant[value=0.0]}], shiftZ=RegistryEntryHolder[function=Direct{Wrapping[type=FlatCache, wrapped=RegistryEntryHolder[function=Direct{Wrapping[type=Cache2D, wrapped=RegistryEntryHolder[function=Direct{ShiftB[offsetNoise=Noise[noiseData=Reference{ResourceKey[minecraft:worldgen/noise / minecraft:offset]=NoiseParameters[firstOctave=-3, amplitudes=[1.0, 1.0, 1.0, 0.0]]}, noise=net.minecraft.util.math.noise.DoublePerlinNoiseSampler@7977c5ae]]}]]}]]}], xzScale=0.25, yScale=0.0, noise=Noise[noiseData=Reference{ResourceKey[minecraft:worldgen/noise / minecraft:ridge]=NoiseParameters[firstOctave=-7, amplitudes=[1.0, 2.0, 1.0, 0.0, 0.0, 0.0]]}, noise=net.minecraft.util.math.noise.DoublePerlinNoiseSampler@29ecbef]]}]]}], minValue=0.0, maxValue=5.7142857142857135]}], minValue=-0.6666666666666666, maxValue=5.047619047619047]}], minValue=0.0, maxValue=5.047619047619047]}], minValue=-0.3333333333333333, maxValue=4.7142857142857135]}], minValue=-14.14285714285714, maxValue=1.0]}], locations=[F@57f41251, values=[FixedFloatFunction[value=-0.05], FixedFloatFunction[value=0.01], FixedFloatFunction[value=0.01], FixedFloatFunction[value=0.03], FixedFloatFunction[value=0.1]], derivatives=[F@1edd9c19, minValue=-6.621429, maxValue=0.11015], FixedFloatFunction[value=0.17]], derivatives=[F@4a04148d, minValue=-6.621429, maxValue=0.17], Implementation[coordinate=Coordinate[Direct{BinaryOperation[type=MUL, argument1=RegistryEntryHolder[function=Direct{Constant[value=-3.0]}], argument2=RegistryEntryHolder[function=Direct{BinaryOperation[type=ADD, argument1=RegistryEntryHolder[function=Direct{Constant[value=-0.3333333333333333]}], argument2=RegistryEntryHolder[function=Direct{UnaryOperation[type=ABS, input=RegistryEntryHolder[function=Direct{BinaryOperation[type=ADD, argument1=RegistryEntryHolder[function=Direct{Constant[value=-0.6666666666666666]}], argument2=RegistryEntryHolder[function=Direct{UnaryOperation[type=ABS, input=RegistryEntryHolder[function=Direct{Wrapping[type=FlatCache, wrapped=RegistryEntryHolder[function=Direct{ShiftedNoise[shiftX=RegistryEntryHolder[function=Direct{Wrapping[type=FlatCache, wrapped=RegistryEntryHolder[function=Direct{Wrapping[type=Cache2D, wrapped=RegistryEntryHolder[function=Direct{ShiftA[offsetNoise=Noise[noiseData=Reference{ResourceKey[minecraft:worldgen/noise / minecraft:offset]=NoiseParameters[firstOctave=-3, amplitudes=[1.0, 1.0, 1.0, 0.0]]}, noise=net.minecraft.util.math.noise.DoublePerlinNoiseSampler@7977c5ae]]}]]}]]}], shiftY=RegistryEntryHolder[function=Direct{Constant[value=0.0]}], shiftZ=RegistryEntryHolder[function=Direct{Wrapping[type=FlatCache, wrapped=RegistryEntryHolder[function=Direct{Wrapping[type=Cache2D, wrapped=RegistryEntryHolder[function=Direct{ShiftB[offsetNoise=Noise[noiseData=Reference{ResourceKey[minecraft:worldgen/noise / minecraft:offset]=NoiseParameters[firstOctave=-3, amplitudes=[1.0, 1.0, 1.0, 0.0]]}, noise=net.minecraft.util.math.noise.DoublePerlinNoiseSampler@7977c5ae]]}]]}]]}], xzScale=0.25, yScale=0.0, noise=Noise[noiseData=Reference{ResourceKey[minecraft:worldgen/noise / minecraft:ridge]=NoiseParameters[firstOctave=-7, amplitudes=[1.0, 2.0, 1.0, 0.0, 0.0, 0.0]]}, noise=net.minecraft.util.math.noise.DoublePerlinNoiseSampler@29ecbef]]}]]}], minValue=0.0, maxValue=5.7142857142857135]}], minValue=-0.6666666666666666, maxValue=5.047619047619047]}], minValue=0.0, maxValue=5.047619047619047]}], minValue=-0.3333333333333333, maxValue=4.7142857142857135]}], minValue=-14.14285714285714, maxValue=1.0]}], locations=[F@2ca7a433, values=[FixedFloatFunction[value=-0.05], Implementation[coordinate=Coordinate[Direct{BinaryOperation[type=MUL, argument1=RegistryEntryHolder[function=Direct{Constant[value=-3.0]}], argument2=RegistryEntryHolder[function=Direct{BinaryOperation[type=ADD, argument1=RegistryEntryHolder[function=Direct{Constant[value=-0.3333333333333333]}], argument2=RegistryEntryHolder[function=Direct{UnaryOperation[type=ABS, input=RegistryEntryHolder[function=Direct{BinaryOperation[type=ADD, argument1=RegistryEntryHolder[function=Direct{Constant[value=-0.6666666666666666]}], argument2=RegistryEntryHolder[function=Direct{UnaryOperation[type=ABS, input=RegistryEntryHolder[function=Direct{Wrapping[type=FlatCache, wrapped=RegistryEntryHolder[function=Direct{ShiftedNoise[shiftX=RegistryEntryHolder[function=Direct{Wrapping[type=FlatCache, wrapped=RegistryEntryHolder[function=Direct{Wrapping[type=Cache2D, wrapped=RegistryEntryHolder[function=Direct{ShiftA[offsetNoise=Noise[noiseData=Reference{ResourceKey[minecraft:worldgen/noise / minecraft:offset]=NoiseParameters[firstOctave=-3, amplitudes=[1.0, 1.0, 1.0, 0.0]]}, noise=net.minecraft.util.math.noise.DoublePerlinNoiseSampler@7977c5ae]]}]]}]]}], shiftY=RegistryEntryHolder[function=Direct{Constant[value=0.0]}], shiftZ=RegistryEntryHolder[function=Direct{Wrapping[type=FlatCache, wrapped=RegistryEntryHolder[function=Direct{Wrapping[type=Cache2D, wrapped=RegistryEntryHolder[function=Direct{ShiftB[offsetNoise=Noise[noiseData=Reference{ResourceKey[minecraft:worldgen/noise / minecraft:offset]=NoiseParameters[firstOctave=-3, amplitudes=[1.0, 1.0, 1.0, 0.0]]}, noise=net.minecraft.util.math.noise.DoublePerlinNoiseSampler@7977c5ae]]}]]}]]}], xzScale=0.25, yScale=0.0, noise=Noise[noiseData=Reference{ResourceKey[minecraft:worldgen/noise / minecraft:ridge]=NoiseParameters[firstOctave=-7, amplitudes=[1.0, 2.0, 1.0, 0.0, 0.0, 0.0]]}, noise=net.minecraft.util.math.noise.DoublePerlinNoiseSampler@29ecbef]]}]]}], minValue=0.0, maxValue=5.7142857142857135]}], minValue=-0.6666666666666666, maxValue=5.047619047619047]}], minValue=0.0, maxValue=5.047619047619047]}], minValue=-0.3333333333333333, maxValue=4.7142857142857135]}], minValue=-14.14285714285714, maxValue=1.0]}], locations=[F@5b364d6c, values=[FixedFloatFunction[value=-0.05], FixedFloatFunction[value=0.01], FixedFloatFunction[value=0.01], FixedFloatFunction[value=0.03], FixedFloatFunction[value=0.1]], derivatives=[F@29792f47, minValue=-6.621429, maxValue=0.11015], FixedFloatFunction[value=0.17]], derivatives=[F@4333f699, minValue=-6.621429, maxValue=0.17], Implementation[coordinate=Coordinate[Direct{BinaryOperation[type=MUL, argument1=RegistryEntryHolder[function=Direct{Constant[value=-3.0]}], argument2=RegistryEntryHolder[function=Direct{BinaryOperation[type=ADD, argument1=RegistryEntryHolder[function=Direct{Constant[value=-0.3333333333333333]}], argument2=RegistryEntryHolder[function=Direct{UnaryOperation[type=ABS, input=RegistryEntryHolder[function=Direct{BinaryOperation[type=ADD, argument1=RegistryEntryHolder[function=Direct{Constant[value=-0.6666666666666666]}], argument2=RegistryEntryHolder[function=Direct{UnaryOperation[type=ABS, input=RegistryEntryHolder[function=Direct{Wrapping[type=FlatCache, wrapped=RegistryEntryHolder[function=Direct{ShiftedNoise[shiftX=RegistryEntryHolder[function=Direct{Wrapping[type=FlatCache, wrapped=RegistryEntryHolder[function=Direct{Wrapping[type=Cache2D, wrapped=RegistryEntryHolder[function=Direct{ShiftA[offsetNoise=Noise[noiseData=Reference{ResourceKey[minecraft:worldgen/noise / minecraft:offset]=NoiseParameters[firstOctave=-3, amplitudes=[1.0, 1.0, 1.0, 0.0]]}, noise=net.minecraft.util.math.noise.DoublePerlinNoiseSampler@7977c5ae]]}]]}]]}], shiftY=RegistryEntryHolder[function=Direct{Constant[value=0.0]}], shiftZ=RegistryEntryHolder[function=Direct{Wrapping[type=FlatCache, wrapped=RegistryEntryHolder[function=Direct{Wrapping[type=Cache2D, wrapped=RegistryEntryHolder[function=Direct{ShiftB[offsetNoise=Noise[noiseData=Reference{ResourceKey[minecraft:worldgen/noise / minecraft:offset]=NoiseParameters[firstOctave=-3, amplitudes=[1.0, 1.0, 1.0, 0.0]]}, noise=net.minecraft.util.math.noise.DoublePerlinNoiseSampler@7977c5ae]]}]]}]]}], xzScale=0.25, yScale=0.0, noise=Noise[noiseData=Reference{ResourceKey[minecraft:worldgen/noise / minecraft:ridge]=NoiseParameters[firstOctave=-7, amplitudes=[1.0, 2.0, 1.0, 0.0, 0.0, 0.0]]}, noise=net.minecraft.util.math.noise.DoublePerlinNoiseSampler@29ecbef]]}]]}], minValue=0.0, maxValue=5.7142857142857135]}], minValue=-0.6666666666666666, maxValue=5.047619047619047]}], minValue=0.0, maxValue=5.047619047619047]}], minValue=-0.3333333333333333, maxValue=4.7142857142857135]}], minValue=-14.14285714285714, maxValue=1.0]}], locations=[F@522454f0, values=[FixedFloatFunction[value=-0.05], FixedFloatFunction[value=0.01], FixedFloatFunction[value=0.01], FixedFloatFunction[value=0.03], FixedFloatFunction[value=0.1]], derivatives=[F@3b902ef5, minValue=-6.621429, maxValue=0.11015], Implementation[coordinate=Coordinate[Direct{BinaryOperation[type=MUL, argument1=RegistryEntryHolder[function=Direct{Constant[value=-3.0]}], argument2=RegistryEntryHolder[function=Direct{BinaryOperation[type=ADD, argument1=RegistryEntryHolder[function=Direct{Constant[value=-0.3333333333333333]}], argument2=RegistryEntryHolder[function=Direct{UnaryOperation[type=ABS, input=RegistryEntryHolder[function=Direct{BinaryOperation[type=ADD, argument1=RegistryEntryHolder[function=Direct{Constant[value=-0.6666666666666666]}], argument2=RegistryEntryHolder[function=Direct{UnaryOperation[type=ABS, input=RegistryEntryHolder[function=Direct{Wrapping[type=FlatCache, wrapped=RegistryEntryHolder[function=Direct{ShiftedNoise[shiftX=RegistryEntryHolder[function=Direct{Wrapping[type=FlatCache, wrapped=RegistryEntryHolder[function=Direct{Wrapping[type=Cache2D, wrapped=RegistryEntryHolder[function=Direct{ShiftA[offsetNoise=Noise[noiseData=Reference{ResourceKey[minecraft:worldgen/noise / minecraft:offset]=NoiseParameters[firstOctave=-3, amplitudes=[1.0, 1.0, 1.0, 0.0]]}, noise=net.minecraft.util.math.noise.DoublePerlinNoiseSampler@7977c5ae]]}]]}]]}], shiftY=RegistryEntryHolder[function=Direct{Constant[value=0.0]}], shiftZ=RegistryEntryHolder[function=Direct{Wrapping[type=FlatCache, wrapped=RegistryEntryHolder[function=Direct{Wrapping[type=Cache2D, wrapped=RegistryEntryHolder[function=Direct{ShiftB[offsetNoise=Noise[noiseData=Reference{ResourceKey[minecraft:worldgen/noise / minecraft:offset]=NoiseParameters[firstOctave=-3, amplitudes=[1.0, 1.0, 1.0, 0.0]]}, noise=net.minecraft.util.math.noise.DoublePerlinNoiseSampler@7977c5ae]]}]]}]]}], xzScale=0.25, yScale=0.0, noise=Noise[noiseData=Reference{ResourceKey[minecraft:worldgen/noise / minecraft:ridge]=NoiseParameters[firstOctave=-7, amplitudes=[1.0, 2.0, 1.0, 0.0, 0.0, 0.0]]}, noise=net.minecraft.util.math.noise.DoublePerlinNoiseSampler@29ecbef]]}]]}], minValue=0.0, maxValue=5.7142857142857135]}], minValue=-0.6666666666666666, maxValue=5.047619047619047]}], minValue=0.0, maxValue=5.047619047619047]}], minValue=-0.3333333333333333, maxValue=4.7142857142857135]}], minValue=-14.14285714285714, maxValue=1.0]}], locations=[F@5b732dd7, values=[FixedFloatFunction[value=-0.02], FixedFloatFunction[value=0.01], FixedFloatFunction[value=0.01], FixedFloatFunction[value=0.03], FixedFloatFunction[value=0.1]], derivatives=[F@7a89f1e, minValue=-0.21714285, maxValue=0.11015]], derivatives=[F@775bc8cf, minValue=-6.7714286, maxValue=1.5]], derivatives=[F@4d86a757, minValue=-6.871429, maxValue=1.5]]}], minValue=-7.3751789927482605, maxValue=0.9962499737739563]}], argument2=RegistryEntryHolder[function=Direct{Wrapping[type=CacheOnce, wrapped=RegistryEntryHolder[function=Direct{INSTANCE}]]}], minValue=-7.3751789927482605, maxValue=0.9962499737739563]}], minValue=-7.3751789927482605, maxValue=0.9962499737739563]}]]}]]}], minValue=-8.87517899274826, maxValue=2.4962499737739563]}], argument2=RegistryEntryHolder[function=Direct{BinaryOperation[type=MUL, argument1=RegistryEntryHolder[function=Direct{Wrapping[type=FlatCache, wrapped=RegistryEntryHolder[function=Direct{Wrapping[type=Cache2D, wrapped=RegistryEntryHolder[function=Direct{BinaryOperation[type=ADD, argument1=RegistryEntryHolder[function=Direct{Constant[value=0.0]}], argument2=RegistryEntryHolder[function=Direct{BinaryOperation[type=MUL, argument1=RegistryEntryHolder[function=Direct{INSTANCE}], argument2=RegistryEntryHolder[function=Direct{BinaryOperation[type=ADD, argument1=RegistryEntryHolder[function=Direct{Constant[value=-0.0]}], argument2=RegistryEntryHolder[function=Direct{Spline[spline=Implementation[coordinate=Coordinate[Direct{Wrapping[type=FlatCache, wrapped=RegistryEntryHolder[function=Direct{ShiftedNoise[shiftX=RegistryEntryHolder[function=Direct{Wrapping[type=FlatCache, wrapped=RegistryEntryHolder[function=Direct{Wrapping[type=Cache2D, wrapped=RegistryEntryHolder[function=Direct{ShiftA[offsetNoise=Noise[noiseData=Reference{ResourceKey[minecraft:worldgen/noise / minecraft:offset]=NoiseParameters[firstOctave=-3, amplitudes=[1.0, 1.0, 1.0, 0.0]]}, noise=net.minecraft.util.math.noise.DoublePerlinNoiseSampler@7977c5ae]]}]]}]]}], shiftY=RegistryEntryHolder[function=Direct{Constant[value=0.0]}], shiftZ=RegistryEntryHolder[function=Direct{Wrapping[type=FlatCache, wrapped=RegistryEntryHolder[function=Direct{Wrapping[type=Cache2D, wrapped=RegistryEntryHolder[function=Direct{ShiftB[offsetNoise=Noise[noiseData=Reference{ResourceKey[minecraft:worldgen/noise / minecraft:offset]=NoiseParameters[firstOctave=-3, amplitudes=[1.0, 1.0, 1.0, 0.0]]}, noise=net.minecraft.util.math.noise.DoublePerlinNoiseSampler@7977c5ae]]}]]}]]}], xzScale=0.25, yScale=0.0, noise=Noise[noiseData=Reference{ResourceKey[minecraft:worldgen/noise / minecraft:continentalness]=NoiseParameters[firstOctave=-9, amplitudes=[1.0, 1.0, 2.0, 2.0, 2.0, 1.0, 1.0, 1.0, 1.0]]}, noise=net.minecraft.util.math.noise.DoublePerlinNoiseSampler@69bcde28]]}]]}], locations=[F@2a88f696, values=[FixedFloatFunction[value=0.0], Implementation[coordinate=Coordinate[Direct{Wrapping[type=FlatCache, wrapped=RegistryEntryHolder[function=Direct{ShiftedNoise[shiftX=RegistryEntryHolder[function=Direct{Wrapping[type=FlatCache, wrapped=RegistryEntryHolder[function=Direct{Wrapping[type=Cache2D, wrapped=RegistryEntryHolder[function=Direct{ShiftA[offsetNoise=Noise[noiseData=Reference{ResourceKey[minecraft:worldgen/noise / minecraft:offset]=NoiseParameters[firstOctave=-3, amplitudes=[1.0, 1.0, 1.0, 0.0]]}, noise=net.minecraft.util.math.noise.DoublePerlinNoiseSampler@7977c5ae]]}]]}]]}], shiftY=RegistryEntryHolder[function=Direct{Constant[value=0.0]}], shiftZ=RegistryEntryHolder[function=Direct{Wrapping[type=FlatCache, wrapped=RegistryEntryHolder[function=Direct{Wrapping[type=Cache2D, wrapped=RegistryEntryHolder[function=Direct{ShiftB[offsetNoise=Noise[noiseData=Reference{ResourceKey[minecraft:worldgen/noise / minecraft:offset]=NoiseParameters[firstOctave=-3, amplitudes=[1.0, 1.0, 1.0, 0.0]]}, noise=net.minecraft.util.math.noise.DoublePerlinNoiseSampler@7977c5ae]]}]]}]]}], xzScale=0.25, yScale=0.0, noise=Noise[noiseData=Reference{ResourceKey[minecraft:worldgen/noise / minecraft:erosion]=NoiseParameters[firstOctave=-9, amplitudes=[1.0, 1.0, 0.0, 1.0, 1.0]]}, noise=net.minecraft.util.math.noise.DoublePerlinNoiseSampler@2e212c04]]}]]}], locations=[F@319c3da5, values=[Implementation[coordinate=Coordinate[Direct{BinaryOperation[type=MUL, argument1=RegistryEntryHolder[function=Direct{Constant[value=-3.0]}], argument2=RegistryEntryHolder[function=Direct{BinaryOperation[type=ADD, argument1=RegistryEntryHolder[function=Direct{Constant[value=-0.3333333333333333]}], argument2=RegistryEntryHolder[function=Direct{UnaryOperation[type=ABS, input=RegistryEntryHolder[function=Direct{BinaryOperation[type=ADD, argument1=RegistryEntryHolder[function=Direct{Constant[value=-0.6666666666666666]}], argument2=RegistryEntryHolder[function=Direct{UnaryOperation[type=ABS, input=RegistryEntryHolder[function=Direct{Wrapping[type=FlatCache, wrapped=RegistryEntryHolder[function=Direct{ShiftedNoise[shiftX=RegistryEntryHolder[function=Direct{Wrapping[type=FlatCache, wrapped=RegistryEntryHolder[function=Direct{Wrapping[type=Cache2D, wrapped=RegistryEntryHolder[function=Direct{ShiftA[offsetNoise=Noise[noiseData=Reference{ResourceKey[minecraft:worldgen/noise / minecraft:offset]=NoiseParameters[firstOctave=-3, amplitudes=[1.0, 1.0, 1.0, 0.0]]}, noise=net.minecraft.util.math.noise.DoublePerlinNoiseSampler@7977c5ae]]}]]}]]}], shiftY=RegistryEntryHolder[function=Direct{Constant[value=0.0]}], shiftZ=RegistryEntryHolder[function=Direct{Wrapping[type=FlatCache, wrapped=RegistryEntryHolder[function=Direct{Wrapping[type=Cache2D, wrapped=RegistryEntryHolder[function=Direct{ShiftB[offsetNoise=Noise[noiseData=Reference{ResourceKey[minecraft:worldgen/noise / minecraft:offset]=NoiseParameters[firstOctave=-3, amplitudes=[1.0, 1.0, 1.0, 0.0]]}, noise=net.minecraft.util.math.noise.DoublePerlinNoiseSampler@7977c5ae]]}]]}]]}], xzScale=0.25, yScale=0.0, noise=Noise[noiseData=Reference{ResourceKey[minecraft:worldgen/noise / minecraft:ridge]=NoiseParameters[firstOctave=-7, amplitudes=[1.0, 2.0, 1.0, 0.0, 0.0, 0.0]]}, noise=net.minecraft.util.math.noise.DoublePerlinNoiseSampler@29ecbef]]}]]}], minValue=0.0, maxValue=5.7142857142857135]}], minValue=-0.6666666666666666, maxValue=5.047619047619047]}], minValue=0.0, maxValue=5.047619047619047]}], minValue=-0.3333333333333333, maxValue=4.7142857142857135]}], minValue=-14.14285714285714, maxValue=1.0]}], locations=[F@7cdce235, values=[FixedFloatFunction[value=0.0], FixedFloatFunction[value=0.0], Implementation[coordinate=Coordinate[Direct{Wrapping[type=FlatCache, wrapped=RegistryEntryHolder[function=Direct{ShiftedNoise[shiftX=RegistryEntryHolder[function=Direct{Wrapping[type=FlatCache, wrapped=RegistryEntryHolder[function=Direct{Wrapping[type=Cache2D, wrapped=RegistryEntryHolder[function=Direct{ShiftA[offsetNoise=Noise[noiseData=Reference{ResourceKey[minecraft:worldgen/noise / minecraft:offset]=NoiseParameters[firstOctave=-3, amplitudes=[1.0, 1.0, 1.0, 0.0]]}, noise=net.minecraft.util.math.noise.DoublePerlinNoiseSampler@7977c5ae]]}]]}]]}], shiftY=RegistryEntryHolder[function=Direct{Constant[value=0.0]}], shiftZ=RegistryEntryHolder[function=Direct{Wrapping[type=FlatCache, wrapped=RegistryEntryHolder[function=Direct{Wrapping[type=Cache2D, wrapped=RegistryEntryHolder[function=Direct{ShiftB[offsetNoise=Noise[noiseData=Reference{ResourceKey[minecraft:worldgen/noise / minecraft:offset]=NoiseParameters[firstOctave=-3, amplitudes=[1.0, 1.0, 1.0, 0.0]]}, noise=net.minecraft.util.math.noise.DoublePerlinNoiseSampler@7977c5ae]]}]]}]]}], xzScale=0.25, yScale=0.0, noise=Noise[noiseData=Reference{ResourceKey[minecraft:worldgen/noise / minecraft:ridge]=NoiseParameters[firstOctave=-7, amplitudes=[1.0, 2.0, 1.0, 0.0, 0.0, 0.0]]}, noise=net.minecraft.util.math.noise.DoublePerlinNoiseSampler@29ecbef]]}]]}], locations=[F@5a75b71a, values=[FixedFloatFunction[value=0.63], FixedFloatFunction[value=0.3]], derivatives=[F@3724c684, minValue=0.3, maxValue=0.63]], derivatives=[F@6705a4d0, minValue=0.0, maxValue=0.63], Implementation[coordinate=Coordinate[Direct{BinaryOperation[type=MUL, argument1=RegistryEntryHolder[function=Direct{Constant[value=-3.0]}], argument2=RegistryEntryHolder[function=Direct{BinaryOperation[type=ADD, argument1=RegistryEntryHolder[function=Direct{Constant[value=-0.3333333333333333]}], argument2=RegistryEntryHolder[function=Direct{UnaryOperation[type=ABS, input=RegistryEntryHolder[function=Direct{BinaryOperation[type=ADD, argument1=RegistryEntryHolder[function=Direct{Constant[value=-0.6666666666666666]}], argument2=RegistryEntryHolder[function=Direct{UnaryOperation[type=ABS, input=RegistryEntryHolder[function=Direct{Wrapping[type=FlatCache, wrapped=RegistryEntryHolder[function=Direct{ShiftedNoise[shiftX=RegistryEntryHolder[function=Direct{Wrapping[type=FlatCache, wrapped=RegistryEntryHolder[function=Direct{Wrapping[type=Cache2D, wrapped=RegistryEntryHolder[function=Direct{ShiftA[offsetNoise=Noise[noiseData=Reference{ResourceKey[minecraft:worldgen/noise / minecraft:offset]=NoiseParameters[firstOctave=-3, amplitudes=[1.0, 1.0, 1.0, 0.0]]}, noise=net.minecraft.util.math.noise.DoublePerlinNoiseSampler@7977c5ae]]}]]}]]}], shiftY=RegistryEntryHolder[function=Direct{Constant[value=0.0]}], shiftZ=RegistryEntryHolder[function=Direct{Wrapping[type=FlatCache, wrapped=RegistryEntryHolder[function=Direct{Wrapping[type=Cache2D, wrapped=RegistryEntryHolder[function=Direct{ShiftB[offsetNoise=Noise[noiseData=Reference{ResourceKey[minecraft:worldgen/noise / minecraft:offset]=NoiseParameters[firstOctave=-3, amplitudes=[1.0, 1.0, 1.0, 0.0]]}, noise=net.minecraft.util.math.noise.DoublePerlinNoiseSampler@7977c5ae]]}]]}]]}], xzScale=0.25, yScale=0.0, noise=Noise[noiseData=Reference{ResourceKey[minecraft:worldgen/noise / minecraft:ridge]=NoiseParameters[firstOctave=-7, amplitudes=[1.0, 2.0, 1.0, 0.0, 0.0, 0.0]]}, noise=net.minecraft.util.math.noise.DoublePerlinNoiseSampler@29ecbef]]}]]}], minValue=0.0, maxValue=5.7142857142857135]}], minValue=-0.6666666666666666, maxValue=5.047619047619047]}], minValue=0.0, maxValue=5.047619047619047]}], minValue=-0.3333333333333333, maxValue=4.7142857142857135]}], minValue=-14.14285714285714, maxValue=1.0]}], locations=[F@7cd32f4f, values=[FixedFloatFunction[value=0.0], FixedFloatFunction[value=0.0], Implementation[coordinate=Coordinate[Direct{Wrapping[type=FlatCache, wrapped=RegistryEntryHolder[function=Direct{ShiftedNoise[shiftX=RegistryEntryHolder[function=Direct{Wrapping[type=FlatCache, wrapped=RegistryEntryHolder[function=Direct{Wrapping[type=Cache2D, wrapped=RegistryEntryHolder[function=Direct{ShiftA[offsetNoise=Noise[noiseData=Reference{ResourceKey[minecraft:worldgen/noise / minecraft:offset]=NoiseParameters[firstOctave=-3, amplitudes=[1.0, 1.0, 1.0, 0.0]]}, noise=net.minecraft.util.math.noise.DoublePerlinNoiseSampler@7977c5ae]]}]]}]]}], shiftY=RegistryEntryHolder[function=Direct{Constant[value=0.0]}], shiftZ=RegistryEntryHolder[function=Direct{Wrapping[type=FlatCache, wrapped=RegistryEntryHolder[function=Direct{Wrapping[type=Cache2D, wrapped=RegistryEntryHolder[function=Direct{ShiftB[offsetNoise=Noise[noiseData=Reference{ResourceKey[minecraft:worldgen/noise / minecraft:offset]=NoiseParameters[firstOctave=-3, amplitudes=[1.0, 1.0, 1.0, 0.0]]}, noise=net.minecraft.util.math.noise.DoublePerlinNoiseSampler@7977c5ae]]}]]}]]}], xzScale=0.25, yScale=0.0, noise=Noise[noiseData=Reference{ResourceKey[minecraft:worldgen/noise / minecraft:ridge]=NoiseParameters[firstOctave=-7, amplitudes=[1.0, 2.0, 1.0, 0.0, 0.0, 0.0]]}, noise=net.minecraft.util.math.noise.DoublePerlinNoiseSampler@29ecbef]]}]]}], locations=[F@be98aa8, values=[FixedFloatFunction[value=0.315], FixedFloatFunction[value=0.15]], derivatives=[F@1ae86db7, minValue=0.15, maxValue=0.315]], derivatives=[F@5081791e, minValue=0.0, maxValue=0.315], Implementation[coordinate=Coordinate[Direct{BinaryOperation[type=MUL, argument1=RegistryEntryHolder[function=Direct{Constant[value=-3.0]}], argument2=RegistryEntryHolder[function=Direct{BinaryOperation[type=ADD, argument1=RegistryEntryHolder[function=Direct{Constant[value=-0.3333333333333333]}], argument2=RegistryEntryHolder[function=Direct{UnaryOperation[type=ABS, input=RegistryEntryHolder[function=Direct{BinaryOperation[type=ADD, argument1=RegistryEntryHolder[function=Direct{Constant[value=-0.6666666666666666]}], argument2=RegistryEntryHolder[function=Direct{UnaryOperation[type=ABS, input=RegistryEntryHolder[function=Direct{Wrapping[type=FlatCache, wrapped=RegistryEntryHolder[function=Direct{ShiftedNoise[shiftX=RegistryEntryHolder[function=Direct{Wrapping[type=FlatCache, wrapped=RegistryEntryHolder[function=Direct{Wrapping[type=Cache2D, wrapped=RegistryEntryHolder[function=Direct{ShiftA[offsetNoise=Noise[noiseData=Reference{ResourceKey[minecraft:worldgen/noise / minecraft:offset]=NoiseParameters[firstOctave=-3, amplitudes=[1.0, 1.0, 1.0, 0.0]]}, noise=net.minecraft.util.math.noise.DoublePerlinNoiseSampler@7977c5ae]]}]]}]]}], shiftY=RegistryEntryHolder[function=Direct{Constant[value=0.0]}], shiftZ=RegistryEntryHolder[function=Direct{Wrapping[type=FlatCache, wrapped=RegistryEntryHolder[function=Direct{Wrapping[type=Cache2D, wrapped=RegistryEntryHolder[function=Direct{ShiftB[offsetNoise=Noise[noiseData=Reference{ResourceKey[minecraft:worldgen/noise / minecraft:offset]=NoiseParameters[firstOctave=-3, amplitudes=[1.0, 1.0, 1.0, 0.0]]}, noise=net.minecraft.util.math.noise.DoublePerlinNoiseSampler@7977c5ae]]}]]}]]}], xzScale=0.25, yScale=0.0, noise=Noise[noiseData=Reference{ResourceKey[minecraft:worldgen/noise / minecraft:ridge]=NoiseParameters[firstOctave=-7, amplitudes=[1.0, 2.0, 1.0, 0.0, 0.0, 0.0]]}, noise=net.minecraft.util.math.noise.DoublePerlinNoiseSampler@29ecbef]]}]]}], minValue=0.0, maxValue=5.7142857142857135]}], minValue=-0.6666666666666666, maxValue=5.047619047619047]}], minValue=0.0, maxValue=5.047619047619047]}], minValue=-0.3333333333333333, maxValue=4.7142857142857135]}], minValue=-14.14285714285714, maxValue=1.0]}], locations=[F@35cd9d16, values=[FixedFloatFunction[value=0.0], FixedFloatFunction[value=0.0], Implementation[coordinate=Coordinate[Direct{Wrapping[type=FlatCache, wrapped=RegistryEntryHolder[function=Direct{ShiftedNoise[shiftX=RegistryEntryHolder[function=Direct{Wrapping[type=FlatCache, wrapped=RegistryEntryHolder[function=Direct{Wrapping[type=Cache2D, wrapped=RegistryEntryHolder[function=Direct{ShiftA[offsetNoise=Noise[noiseData=Reference{ResourceKey[minecraft:worldgen/noise / minecraft:offset]=NoiseParameters[firstOctave=-3, amplitudes=[1.0, 1.0, 1.0, 0.0]]}, noise=net.minecraft.util.math.noise.DoublePerlinNoiseSampler@7977c5ae]]}]]}]]}], shiftY=RegistryEntryHolder[function=Direct{Constant[value=0.0]}], shiftZ=RegistryEntryHolder[function=Direct{Wrapping[type=FlatCache, wrapped=RegistryEntryHolder[function=Direct{Wrapping[type=Cache2D, wrapped=RegistryEntryHolder[function=Direct{ShiftB[offsetNoise=Noise[noiseData=Reference{ResourceKey[minecraft:worldgen/noise / minecraft:offset]=NoiseParameters[firstOctave=-3, amplitudes=[1.0, 1.0, 1.0, 0.0]]}, noise=net.minecraft.util.math.noise.DoublePerlinNoiseSampler@7977c5ae]]}]]}]]}], xzScale=0.25, yScale=0.0, noise=Noise[noiseData=Reference{ResourceKey[minecraft:worldgen/noise / minecraft:ridge]=NoiseParameters[firstOctave=-7, amplitudes=[1.0, 2.0, 1.0, 0.0, 0.0, 0.0]]}, noise=net.minecraft.util.math.noise.DoublePerlinNoiseSampler@29ecbef]]}]]}], locations=[F@72b6edcd, values=[FixedFloatFunction[value=0.315], FixedFloatFunction[value=0.15]], derivatives=[F@2beaa3f9, minValue=0.15, maxValue=0.315]], derivatives=[F@70786613, minValue=0.0, maxValue=0.315], FixedFloatFunction[value=0.0]], derivatives=[F@29047027, minValue=0.0, maxValue=0.63], Implementation[coordinate=Coordinate[Direct{Wrapping[type=FlatCache, wrapped=RegistryEntryHolder[function=Direct{ShiftedNoise[shiftX=RegistryEntryHolder[function=Direct{Wrapping[type=FlatCache, wrapped=RegistryEntryHolder[function=Direct{Wrapping[type=Cache2D, wrapped=RegistryEntryHolder[function=Direct{ShiftA[offsetNoise=Noise[noiseData=Reference{ResourceKey[minecraft:worldgen/noise / minecraft:offset]=NoiseParameters[firstOctave=-3, amplitudes=[1.0, 1.0, 1.0, 0.0]]}, noise=net.minecraft.util.math.noise.DoublePerlinNoiseSampler@7977c5ae]]}]]}]]}], shiftY=RegistryEntryHolder[function=Direct{Constant[value=0.0]}], shiftZ=RegistryEntryHolder[function=Direct{Wrapping[type=FlatCache, wrapped=RegistryEntryHolder[function=Direct{Wrapping[type=Cache2D, wrapped=RegistryEntryHolder[function=Direct{ShiftB[offsetNoise=Noise[noiseData=Reference{ResourceKey[minecraft:worldgen/noise / minecraft:offset]=NoiseParameters[firstOctave=-3, amplitudes=[1.0, 1.0, 1.0, 0.0]]}, noise=net.minecraft.util.math.noise.DoublePerlinNoiseSampler@7977c5ae]]}]]}]]}], xzScale=0.25, yScale=0.0, noise=Noise[noiseData=Reference{ResourceKey[minecraft:worldgen/noise / minecraft:erosion]=NoiseParameters[firstOctave=-9, amplitudes=[1.0, 1.0, 0.0, 1.0, 1.0]]}, noise=net.minecraft.util.math.noise.DoublePerlinNoiseSampler@2e212c04]]}]]}], locations=[F@6c99384f, values=[Implementation[coordinate=Coordinate[Direct{BinaryOperation[type=MUL, argument1=RegistryEntryHolder[function=Direct{Constant[value=-3.0]}], argument2=RegistryEntryHolder[function=Direct{BinaryOperation[type=ADD, argument1=RegistryEntryHolder[function=Direct{Constant[value=-0.3333333333333333]}], argument2=RegistryEntryHolder[function=Direct{UnaryOperation[type=ABS, input=RegistryEntryHolder[function=Direct{BinaryOperation[type=ADD, argument1=RegistryEntryHolder[function=Direct{Constant[value=-0.6666666666666666]}], argument2=RegistryEntryHolder[function=Direct{UnaryOperation[type=ABS, input=RegistryEntryHolder[function=Direct{Wrapping[type=FlatCache, wrapped=RegistryEntryHolder[function=Direct{ShiftedNoise[shiftX=RegistryEntryHolder[function=Direct{Wrapping[type=FlatCache, wrapped=RegistryEntryHolder[function=Direct{Wrapping[type=Cache2D, wrapped=RegistryEntryHolder[function=Direct{ShiftA[offsetNoise=Noise[noiseData=Reference{ResourceKey[minecraft:worldgen/noise / minecraft:offset]=NoiseParameters[firstOctave=-3, amplitudes=[1.0, 1.0, 1.0, 0.0]]}, noise=net.minecraft.util.math.noise.DoublePerlinNoiseSampler@7977c5ae]]}]]}]]}], shiftY=RegistryEntryHolder[function=Direct{Constant[value=0.0]}], shiftZ=RegistryEntryHolder[function=Direct{Wrapping[type=FlatCache, wrapped=RegistryEntryHolder[function=Direct{Wrapping[type=Cache2D, wrapped=RegistryEntryHolder[function=Direct{ShiftB[offsetNoise=Noise[noiseData=Reference{ResourceKey[minecraft:worldgen/noise / minecraft:offset]=NoiseParameters[firstOctave=-3, amplitudes=[1.0, 1.0, 1.0, 0.0]]}, noise=net.minecraft.util.math.noise.DoublePerlinNoiseSampler@7977c5ae]]}]]}]]}], xzScale=0.25, yScale=0.0, noise=Noise[noiseData=Reference{ResourceKey[minecraft:worldgen/noise / minecraft:ridge]=NoiseParameters[firstOctave=-7, amplitudes=[1.0, 2.0, 1.0, 0.0, 0.0, 0.0]]}, noise=net.minecraft.util.math.noise.DoublePerlinNoiseSampler@29ecbef]]}]]}], minValue=0.0, maxValue=5.7142857142857135]}], minValue=-0.6666666666666666, maxValue=5.047619047619047]}], minValue=0.0, maxValue=5.047619047619047]}], minValue=-0.3333333333333333, maxValue=4.7142857142857135]}], minValue=-14.14285714285714, maxValue=1.0]}], locations=[F@1212bb4e, values=[FixedFloatFunction[value=0.0], Implementation[coordinate=Coordinate[Direct{Wrapping[type=FlatCache, wrapped=RegistryEntryHolder[function=Direct{ShiftedNoise[shiftX=RegistryEntryHolder[function=Direct{Wrapping[type=FlatCache, wrapped=RegistryEntryHolder[function=Direct{Wrapping[type=Cache2D, wrapped=RegistryEntryHolder[function=Direct{ShiftA[offsetNoise=Noise[noiseData=Reference{ResourceKey[minecraft:worldgen/noise / minecraft:offset]=NoiseParameters[firstOctave=-3, amplitudes=[1.0, 1.0, 1.0, 0.0]]}, noise=net.minecraft.util.math.noise.DoublePerlinNoiseSampler@7977c5ae]]}]]}]]}], shiftY=RegistryEntryHolder[function=Direct{Constant[value=0.0]}], shiftZ=RegistryEntryHolder[function=Direct{Wrapping[type=FlatCache, wrapped=RegistryEntryHolder[function=Direct{Wrapping[type=Cache2D, wrapped=RegistryEntryHolder[function=Direct{ShiftB[offsetNoise=Noise[noiseData=Reference{ResourceKey[minecraft:worldgen/noise / minecraft:offset]=NoiseParameters[firstOctave=-3, amplitudes=[1.0, 1.0, 1.0, 0.0]]}, noise=net.minecraft.util.math.noise.DoublePerlinNoiseSampler@7977c5ae]]}]]}]]}], xzScale=0.25, yScale=0.0, noise=Noise[noiseData=Reference{ResourceKey[minecraft:worldgen/noise / minecraft:ridge]=NoiseParameters[firstOctave=-7, amplitudes=[1.0, 2.0, 1.0, 0.0, 0.0, 0.0]]}, noise=net.minecraft.util.math.noise.DoublePerlinNoiseSampler@29ecbef]]}]]}], locations=[F@21691fe1, values=[FixedFloatFunction[value=0.63], FixedFloatFunction[value=0.3]], derivatives=[F@2b66c6a3, minValue=0.3, maxValue=0.63], Implementation[coordinate=Coordinate[Direct{Wrapping[type=FlatCache, wrapped=RegistryEntryHolder[function=Direct{ShiftedNoise[shiftX=RegistryEntryHolder[function=Direct{Wrapping[type=FlatCache, wrapped=RegistryEntryHolder[function=Direct{Wrapping[type=Cache2D, wrapped=RegistryEntryHolder[function=Direct{ShiftA[offsetNoise=Noise[noiseData=Reference{ResourceKey[minecraft:worldgen/noise / minecraft:offset]=NoiseParameters[firstOctave=-3, amplitudes=[1.0, 1.0, 1.0, 0.0]]}, noise=net.minecraft.util.math.noise.DoublePerlinNoiseSampler@7977c5ae]]}]]}]]}], shiftY=RegistryEntryHolder[function=Direct{Constant[value=0.0]}], shiftZ=RegistryEntryHolder[function=Direct{Wrapping[type=FlatCache, wrapped=RegistryEntryHolder[function=Direct{Wrapping[type=Cache2D, wrapped=RegistryEntryHolder[function=Direct{ShiftB[offsetNoise=Noise[noiseData=Reference{ResourceKey[minecraft:worldgen/noise / minecraft:offset]=NoiseParameters[firstOctave=-3, amplitudes=[1.0, 1.0, 1.0, 0.0]]}, noise=net.minecraft.util.math.noise.DoublePerlinNoiseSampler@7977c5ae]]}]]}]]}], xzScale=0.25, yScale=0.0, noise=Noise[noiseData=Reference{ResourceKey[minecraft:worldgen/noise / minecraft:ridge]=NoiseParameters[firstOctave=-7, amplitudes=[1.0, 2.0, 1.0, 0.0, 0.0, 0.0]]}, noise=net.minecraft.util.math.noise.DoublePerlinNoiseSampler@29ecbef]]}]]}], locations=[F@e18d8c0, values=[FixedFloatFunction[value=0.63], FixedFloatFunction[value=0.3]], derivatives=[F@9d7da86, minValue=0.3, maxValue=0.63]], derivatives=[F@60a85a4a, minValue=0.0, maxValue=0.63], Implementation[coordinate=Coordinate[Direct{BinaryOperation[type=MUL, argument1=RegistryEntryHolder[function=Direct{Constant[value=-3.0]}], argument2=RegistryEntryHolder[function=Direct{BinaryOperation[type=ADD, argument1=RegistryEntryHolder[function=Direct{Constant[value=-0.3333333333333333]}], argument2=RegistryEntryHolder[function=Direct{UnaryOperation[type=ABS, input=RegistryEntryHolder[function=Direct{BinaryOperation[type=ADD, argument1=RegistryEntryHolder[function=Direct{Constant[value=-0.6666666666666666]}], argument2=RegistryEntryHolder[function=Direct{UnaryOperation[type=ABS, input=RegistryEntryHolder[function=Direct{Wrapping[type=FlatCache, wrapped=RegistryEntryHolder[function=Direct{ShiftedNoise[shiftX=RegistryEntryHolder[function=Direct{Wrapping[type=FlatCache, wrapped=RegistryEntryHolder[function=Direct{Wrapping[type=Cache2D, wrapped=RegistryEntryHolder[function=Direct{ShiftA[offsetNoise=Noise[noiseData=Reference{ResourceKey[minecraft:worldgen/noise / minecraft:offset]=NoiseParameters[firstOctave=-3, amplitudes=[1.0, 1.0, 1.0, 0.0]]}, noise=net.minecraft.util.math.noise.DoublePerlinNoiseSampler@7977c5ae]]}]]}]]}], shiftY=RegistryEntryHolder[function=Direct{Constant[value=0.0]}], shiftZ=RegistryEntryHolder[function=Direct{Wrapping[type=FlatCache, wrapped=RegistryEntryHolder[function=Direct{Wrapping[type=Cache2D, wrapped=RegistryEntryHolder[function=Direct{ShiftB[offsetNoise=Noise[noiseData=Reference{ResourceKey[minecraft:worldgen/noise / minecraft:offset]=NoiseParameters[firstOctave=-3, amplitudes=[1.0, 1.0, 1.0, 0.0]]}, noise=net.minecraft.util.math.noise.DoublePerlinNoiseSampler@7977c5ae]]}]]}]]}], xzScale=0.25, yScale=0.0, noise=Noise[noiseData=Reference{ResourceKey[minecraft:worldgen/noise / minecraft:ridge]=NoiseParameters[firstOctave=-7, amplitudes=[1.0, 2.0, 1.0, 0.0, 0.0, 0.0]]}, noise=net.minecraft.util.math.noise.DoublePerlinNoiseSampler@29ecbef]]}]]}], minValue=0.0, maxValue=5.7142857142857135]}], minValue=-0.6666666666666666, maxValue=5.047619047619047]}], minValue=0.0, maxValue=5.047619047619047]}], minValue=-0.3333333333333333, maxValue=4.7142857142857135]}], minValue=-14.14285714285714, maxValue=1.0]}], locations=[F@7de6cb22, values=[FixedFloatFunction[value=0.0], FixedFloatFunction[value=0.0], Implementation[coordinate=Coordinate[Direct{Wrapping[type=FlatCache, wrapped=RegistryEntryHolder[function=Direct{ShiftedNoise[shiftX=RegistryEntryHolder[function=Direct{Wrapping[type=FlatCache, wrapped=RegistryEntryHolder[function=Direct{Wrapping[type=Cache2D, wrapped=RegistryEntryHolder[function=Direct{ShiftA[offsetNoise=Noise[noiseData=Reference{ResourceKey[minecraft:worldgen/noise / minecraft:offset]=NoiseParameters[firstOctave=-3, amplitudes=[1.0, 1.0, 1.0, 0.0]]}, noise=net.minecraft.util.math.noise.DoublePerlinNoiseSampler@7977c5ae]]}]]}]]}], shiftY=RegistryEntryHolder[function=Direct{Constant[value=0.0]}], shiftZ=RegistryEntryHolder[function=Direct{Wrapping[type=FlatCache, wrapped=RegistryEntryHolder[function=Direct{Wrapping[type=Cache2D, wrapped=RegistryEntryHolder[function=Direct{ShiftB[offsetNoise=Noise[noiseData=Reference{ResourceKey[minecraft:worldgen/noise / minecraft:offset]=NoiseParameters[firstOctave=-3, amplitudes=[1.0, 1.0, 1.0, 0.0]]}, noise=net.minecraft.util.math.noise.DoublePerlinNoiseSampler@7977c5ae]]}]]}]]}], xzScale=0.25, yScale=0.0, noise=Noise[noiseData=Reference{ResourceKey[minecraft:worldgen/noise / minecraft:ridge]=NoiseParameters[firstOctave=-7, amplitudes=[1.0, 2.0, 1.0, 0.0, 0.0, 0.0]]}, noise=net.minecraft.util.math.noise.DoublePerlinNoiseSampler@29ecbef]]}]]}], locations=[F@35f0d286, values=[FixedFloatFunction[value=0.63], FixedFloatFunction[value=0.3]], derivatives=[F@2443d54, minValue=0.3, maxValue=0.63]], derivatives=[F@209c5d5c, minValue=0.0, maxValue=0.63], Implementation[coordinate=Coordinate[Direct{BinaryOperation[type=MUL, argument1=RegistryEntryHolder[function=Direct{Constant[value=-3.0]}], argument2=RegistryEntryHolder[function=Direct{BinaryOperation[type=ADD, argument1=RegistryEntryHolder[function=Direct{Constant[value=-0.3333333333333333]}], argument2=RegistryEntryHolder[function=Direct{UnaryOperation[type=ABS, input=RegistryEntryHolder[function=Direct{BinaryOperation[type=ADD, argument1=RegistryEntryHolder[function=Direct{Constant[value=-0.6666666666666666]}], argument2=RegistryEntryHolder[function=Direct{UnaryOperation[type=ABS, input=RegistryEntryHolder[function=Direct{Wrapping[type=FlatCache, wrapped=RegistryEntryHolder[function=Direct{ShiftedNoise[shiftX=RegistryEntryHolder[function=Direct{Wrapping[type=FlatCache, wrapped=RegistryEntryHolder[function=Direct{Wrapping[type=Cache2D, wrapped=RegistryEntryHolder[function=Direct{ShiftA[offsetNoise=Noise[noiseData=Reference{ResourceKey[minecraft:worldgen/noise / minecraft:offset]=NoiseParameters[firstOctave=-3, amplitudes=[1.0, 1.0, 1.0, 0.0]]}, noise=net.minecraft.util.math.noise.DoublePerlinNoiseSampler@7977c5ae]]}]]}]]}], shiftY=RegistryEntryHolder[function=Direct{Constant[value=0.0]}], shiftZ=RegistryEntryHolder[function=Direct{Wrapping[type=FlatCache, wrapped=RegistryEntryHolder[function=Direct{Wrapping[type=Cache2D, wrapped=RegistryEntryHolder[function=Direct{ShiftB[offsetNoise=Noise[noiseData=Reference{ResourceKey[minecraft:worldgen/noise / minecraft:offset]=NoiseParameters[firstOctave=-3, amplitudes=[1.0, 1.0, 1.0, 0.0]]}, noise=net.minecraft.util.math.noise.DoublePerlinNoiseSampler@7977c5ae]]}]]}]]}], xzScale=0.25, yScale=0.0, noise=Noise[noiseData=Reference{ResourceKey[minecraft:worldgen/noise / minecraft:ridge]=NoiseParameters[firstOctave=-7, amplitudes=[1.0, 2.0, 1.0, 0.0, 0.0, 0.0]]}, noise=net.minecraft.util.math.noise.DoublePerlinNoiseSampler@29ecbef]]}]]}], minValue=0.0, maxValue=5.7142857142857135]}], minValue=-0.6666666666666666, maxValue=5.047619047619047]}], minValue=0.0, maxValue=5.047619047619047]}], minValue=-0.3333333333333333, maxValue=4.7142857142857135]}], minValue=-14.14285714285714, maxValue=1.0]}], locations=[F@6be83db6, values=[FixedFloatFunction[value=0.0], FixedFloatFunction[value=0.0], Implementation[coordinate=Coordinate[Direct{Wrapping[type=FlatCache, wrapped=RegistryEntryHolder[function=Direct{ShiftedNoise[shiftX=RegistryEntryHolder[function=Direct{Wrapping[type=FlatCache, wrapped=RegistryEntryHolder[function=Direct{Wrapping[type=Cache2D, wrapped=RegistryEntryHolder[function=Direct{ShiftA[offsetNoise=Noise[noiseData=Reference{ResourceKey[minecraft:worldgen/noise / minecraft:offset]=NoiseParameters[firstOctave=-3, amplitudes=[1.0, 1.0, 1.0, 0.0]]}, noise=net.minecraft.util.math.noise.DoublePerlinNoiseSampler@7977c5ae]]}]]}]]}], shiftY=RegistryEntryHolder[function=Direct{Constant[value=0.0]}], shiftZ=RegistryEntryHolder[function=Direct{Wrapping[type=FlatCache, wrapped=RegistryEntryHolder[function=Direct{Wrapping[type=Cache2D, wrapped=RegistryEntryHolder[function=Direct{ShiftB[offsetNoise=Noise[noiseData=Reference{ResourceKey[minecraft:worldgen/noise / minecraft:offset]=NoiseParameters[firstOctave=-3, amplitudes=[1.0, 1.0, 1.0, 0.0]]}, noise=net.minecraft.util.math.noise.DoublePerlinNoiseSampler@7977c5ae]]}]]}]]}], xzScale=0.25, yScale=0.0, noise=Noise[noiseData=Reference{ResourceKey[minecraft:worldgen/noise / minecraft:ridge]=NoiseParameters[firstOctave=-7, amplitudes=[1.0, 2.0, 1.0, 0.0, 0.0, 0.0]]}, noise=net.minecraft.util.math.noise.DoublePerlinNoiseSampler@29ecbef]]}]]}], locations=[F@583fa6af, values=[FixedFloatFunction[value=0.63], FixedFloatFunction[value=0.3]], derivatives=[F@7b329e61, minValue=0.3, maxValue=0.63]], derivatives=[F@39864ae6, minValue=0.0, maxValue=0.63], FixedFloatFunction[value=0.0]], derivatives=[F@1329c5ed, minValue=0.0, maxValue=0.63]], derivatives=[F@368603f9, minValue=0.0, maxValue=0.63]]}], minValue=0.0, maxValue=0.6299999952316284]}], minValue=0.0, maxValue=0.6299999952316284]}], minValue=0.0, maxValue=0.6299999952316284]}]]}]]}], argument2=RegistryEntryHolder[function=Direct{UnaryOperation[type=HALF_NEGATIVE, input=RegistryEntryHolder[function=Direct{Noise[noise=Noise[noiseData=Reference{ResourceKey[minecraft:worldgen/noise / minecraft:jagged]=NoiseParameters[firstOctave=-16, amplitudes=[1.0, 1.0, 1.0, 1.0, 1.0, 1.0, 1.0, 1.0, 1.0, 1.0, 1.0, 1.0, 1.0, 1.0, 1.0, 1.0]]}, noise=net.minecraft.util.math.noise.DoublePerlinNoiseSampler@47edd8e8], xzScale=1500.0, yScale=0.0]}], minValue=-3.137254901960784, maxValue=6.274509803921568]}], minValue=-1.9764705732756966, maxValue=3.9529411465513933]}], minValue=-10.851649566023957, maxValue=6.44919112032535]}], argument2=RegistryEntryHolder[function=Direct{Wrapping[type=FlatCache, wrapped=RegistryEntryHolder[function=Direct{Wrapping[type=Cache2D, wrapped=RegistryEntryHolder[function=Direct{BinaryOperation[type=ADD, argument1=RegistryEntryHolder[function=Direct{Constant[value=10.0]}], argument2=RegistryEntryHolder[function=Direct{BinaryOperation[type=MUL, argument1=RegistryEntryHolder[function=Direct{INSTANCE}], argument2=RegistryEntryHolder[function=Direct{BinaryOperation[type=ADD, argument1=RegistryEntryHolder[function=Direct{Constant[value=-10.0]}], argument2=RegistryEntryHolder[function=Direct{Spline[spline=Implementation[coordinate=Coordinate[Direct{Wrapping[type=FlatCache, wrapped=RegistryEntryHolder[function=Direct{ShiftedNoise[shiftX=RegistryEntryHolder[function=Direct{Wrapping[type=FlatCache, wrapped=RegistryEntryHolder[function=Direct{Wrapping[type=Cache2D, wrapped=RegistryEntryHolder[function=Direct{ShiftA[offsetNoise=Noise[noiseData=Reference{ResourceKey[minecraft:worldgen/noise / minecraft:offset]=NoiseParameters[firstOctave=-3, amplitudes=[1.0, 1.0, 1.0, 0.0]]}, noise=net.minecraft.util.math.noise.DoublePerlinNoiseSampler@7977c5ae]]}]]}]]}], shiftY=RegistryEntryHolder[function=Direct{Constant[value=0.0]}], shiftZ=RegistryEntryHolder[function=Direct{Wrapping[type=FlatCache, wrapped=RegistryEntryHolder[function=Direct{Wrapping[type=Cache2D, wrapped=RegistryEntryHolder[function=Direct{ShiftB[offsetNoise=Noise[noiseData=Reference{ResourceKey[minecraft:worldgen/noise / minecraft:offset]=NoiseParameters[firstOctave=-3, amplitudes=[1.0, 1.0, 1.0, 0.0]]}, noise=net.minecraft.util.math.noise.DoublePerlinNoiseSampler@7977c5ae]]}]]}]]}], xzScale=0.25, yScale=0.0, noise=Noise[noiseData=Reference{ResourceKey[minecraft:worldgen/noise / minecraft:continentalness]=NoiseParameters[firstOctave=-9, amplitudes=[1.0, 1.0, 2.0, 2.0, 2.0, 1.0, 1.0, 1.0, 1.0]]}, noise=net.minecraft.util.math.noise.DoublePerlinNoiseSampler@69bcde28]]}]]}], locations=[F@1d3a133e, values=[FixedFloatFunction[value=3.95], Implementation[coordinate=Coordinate[Direct{Wrapping[type=FlatCache, wrapped=RegistryEntryHolder[function=Direct{ShiftedNoise[shiftX=RegistryEntryHolder[function=Direct{Wrapping[type=FlatCache, wrapped=RegistryEntryHolder[function=Direct{Wrapping[type=Cache2D, wrapped=RegistryEntryHolder[function=Direct{ShiftA[offsetNoise=Noise[noiseData=Reference{ResourceKey[minecraft:worldgen/noise / minecraft:offset]=NoiseParameters[firstOctave=-3, amplitudes=[1.0, 1.0, 1.0, 0.0]]}, noise=net.minecraft.util.math.noise.DoublePerlinNoiseSampler@7977c5ae]]}]]}]]}], shiftY=RegistryEntryHolder[function=Direct{Constant[value=0.0]}], shiftZ=RegistryEntryHolder[function=Direct{Wrapping[type=FlatCache, wrapped=RegistryEntryHolder[function=Direct{Wrapping[type=Cache2D, wrapped=RegistryEntryHolder[function=Direct{ShiftB[offsetNoise=Noise[noiseData=Reference{ResourceKey[minecraft:worldgen/noise / minecraft:offset]=NoiseParameters[firstOctave=-3, amplitudes=[1.0, 1.0, 1.0, 0.0]]}, noise=net.minecraft.util.math.noise.DoublePerlinNoiseSampler@7977c5ae]]}]]}]]}], xzScale=0.25, yScale=0.0, noise=Noise[noiseData=Reference{ResourceKey[minecraft:worldgen/noise / minecraft:erosion]=NoiseParameters[firstOctave=-9, amplitudes=[1.0, 1.0, 0.0, 1.0, 1.0]]}, noise=net.minecraft.util.math.noise.DoublePerlinNoiseSampler@2e212c04]]}]]}], locations=[F@5b107232, values=[Implementation[coordinate=Coordinate[Direct{Wrapping[type=FlatCache, wrapped=RegistryEntryHolder[function=Direct{ShiftedNoise[shiftX=RegistryEntryHolder[function=Direct{Wrapping[type=FlatCache, wrapped=RegistryEntryHolder[function=Direct{Wrapping[type=Cache2D, wrapped=RegistryEntryHolder[function=Direct{ShiftA[offsetNoise=Noise[noiseData=Reference{ResourceKey[minecraft:worldgen/noise / minecraft:offset]=NoiseParameters[firstOctave=-3, amplitudes=[1.0, 1.0, 1.0, 0.0]]}, noise=net.minecraft.util.math.noise.DoublePerlinNoiseSampler@7977c5ae]]}]]}]]}], shiftY=RegistryEntryHolder[function=Direct{Constant[value=0.0]}], shiftZ=RegistryEntryHolder[function=Direct{Wrapping[type=FlatCache, wrapped=RegistryEntryHolder[function=Direct{Wrapping[type=Cache2D, wrapped=RegistryEntryHolder[function=Direct{ShiftB[offsetNoise=Noise[noiseData=Reference{ResourceKey[minecraft:worldgen/noise / minecraft:offset]=NoiseParameters[firstOctave=-3, amplitudes=[1.0, 1.0, 1.0, 0.0]]}, noise=net.minecraft.util.math.noise.DoublePerlinNoiseSampler@7977c5ae]]}]]}]]}], xzScale=0.25, yScale=0.0, noise=Noise[noiseData=Reference{ResourceKey[minecraft:worldgen/noise / minecraft:ridge]=NoiseParameters[firstOctave=-7, amplitudes=[1.0, 2.0, 1.0, 0.0, 0.0, 0.0]]}, noise=net.minecraft.util.math.noise.DoublePerlinNoiseSampler@29ecbef]]}]]}], locations=[F@4787829f, values=[FixedFloatFunction[value=6.3], FixedFloatFunction[value=6.25]], derivatives=[F@570f7652, minValue=6.25, maxValue=6.3], Implementation[coordinate=Coordinate[Direct{Wrapping[type=FlatCache, wrapped=RegistryEntryHolder[function=Direct{ShiftedNoise[shiftX=RegistryEntryHolder[function=Direct{Wrapping[type=FlatCache, wrapped=RegistryEntryHolder[function=Direct{Wrapping[type=Cache2D, wrapped=RegistryEntryHolder[function=Direct{ShiftA[offsetNoise=Noise[noiseData=Reference{ResourceKey[minecraft:worldgen/noise / minecraft:offset]=NoiseParameters[firstOctave=-3, amplitudes=[1.0, 1.0, 1.0, 0.0]]}, noise=net.minecraft.util.math.noise.DoublePerlinNoiseSampler@7977c5ae]]}]]}]]}], shiftY=RegistryEntryHolder[function=Direct{Constant[value=0.0]}], shiftZ=RegistryEntryHolder[function=Direct{Wrapping[type=FlatCache, wrapped=RegistryEntryHolder[function=Direct{Wrapping[type=Cache2D, wrapped=RegistryEntryHolder[function=Direct{ShiftB[offsetNoise=Noise[noiseData=Reference{ResourceKey[minecraft:worldgen/noise / minecraft:offset]=NoiseParameters[firstOctave=-3, amplitudes=[1.0, 1.0, 1.0, 0.0]]}, noise=net.minecraft.util.math.noise.DoublePerlinNoiseSampler@7977c5ae]]}]]}]]}], xzScale=0.25, yScale=0.0, noise=Noise[noiseData=Reference{ResourceKey[minecraft:worldgen/noise / minecraft:ridge]=NoiseParameters[firstOctave=-7, amplitudes=[1.0, 2.0, 1.0, 0.0, 0.0, 0.0]]}, noise=net.minecraft.util.math.noise.DoublePerlinNoiseSampler@29ecbef]]}]]}], locations=[F@1a613c6e, values=[FixedFloatFunction[value=6.3], FixedFloatFunction[value=2.67]], derivatives=[F@42384cf2, minValue=2.67, maxValue=6.3], Implementation[coordinate=Coordinate[Direct{Wrapping[type=FlatCache, wrapped=RegistryEntryHolder[function=Direct{ShiftedNoise[shiftX=RegistryEntryHolder[function=Direct{Wrapping[type=FlatCache, wrapped=RegistryEntryHolder[function=Direct{Wrapping[type=Cache2D, wrapped=RegistryEntryHolder[function=Direct{ShiftA[offsetNoise=Noise[noiseData=Reference{ResourceKey[minecraft:worldgen/noise / minecraft:offset]=NoiseParameters[firstOctave=-3, amplitudes=[1.0, 1.0, 1.0, 0.0]]}, noise=net.minecraft.util.math.noise.DoublePerlinNoiseSampler@7977c5ae]]}]]}]]}], shiftY=RegistryEntryHolder[function=Direct{Constant[value=0.0]}], shiftZ=RegistryEntryHolder[function=Direct{Wrapping[type=FlatCache, wrapped=RegistryEntryHolder[function=Direct{Wrapping[type=Cache2D, wrapped=RegistryEntryHolder[function=Direct{ShiftB[offsetNoise=Noise[noiseData=Reference{ResourceKey[minecraft:worldgen/noise / minecraft:offset]=NoiseParameters[firstOctave=-3, amplitudes=[1.0, 1.0, 1.0, 0.0]]}, noise=net.minecraft.util.math.noise.DoublePerlinNoiseSampler@7977c5ae]]}]]}]]}], xzScale=0.25, yScale=0.0, noise=Noise[noiseData=Reference{ResourceKey[minecraft:worldgen/noise / minecraft:ridge]=NoiseParameters[firstOctave=-7, amplitudes=[1.0, 2.0, 1.0, 0.0, 0.0, 0.0]]}, noise=net.minecraft.util.math.noise.DoublePerlinNoiseSampler@29ecbef]]}]]}], locations=[F@3950ad50, values=[FixedFloatFunction[value=6.3], FixedFloatFunction[value=6.25]], derivatives=[F@15c1e1ce, minValue=6.25, maxValue=6.3], Implementation[coordinate=Coordinate[Direct{Wrapping[type=FlatCache, wrapped=RegistryEntryHolder[function=Direct{ShiftedNoise[shiftX=RegistryEntryHolder[function=Direct{Wrapping[type=FlatCache, wrapped=RegistryEntryHolder[function=Direct{Wrapping[type=Cache2D, wrapped=RegistryEntryHolder[function=Direct{ShiftA[offsetNoise=Noise[noiseData=Reference{ResourceKey[minecraft:worldgen/noise / minecraft:offset]=NoiseParameters[firstOctave=-3, amplitudes=[1.0, 1.0, 1.0, 0.0]]}, noise=net.minecraft.util.math.noise.DoublePerlinNoiseSampler@7977c5ae]]}]]}]]}], shiftY=RegistryEntryHolder[function=Direct{Constant[value=0.0]}], shiftZ=RegistryEntryHolder[function=Direct{Wrapping[type=FlatCache, wrapped=RegistryEntryHolder[function=Direct{Wrapping[type=Cache2D, wrapped=RegistryEntryHolder[function=Direct{ShiftB[offsetNoise=Noise[noiseData=Reference{ResourceKey[minecraft:worldgen/noise / minecraft:offset]=NoiseParameters[firstOctave=-3, amplitudes=[1.0, 1.0, 1.0, 0.0]]}, noise=net.minecraft.util.math.noise.DoublePerlinNoiseSampler@7977c5ae]]}]]}]]}], xzScale=0.25, yScale=0.0, noise=Noise[noiseData=Reference{ResourceKey[minecraft:worldgen/noise / minecraft:ridge]=NoiseParameters[firstOctave=-7, amplitudes=[1.0, 2.0, 1.0, 0.0, 0.0, 0.0]]}, noise=net.minecraft.util.math.noise.DoublePerlinNoiseSampler@29ecbef]]}]]}], locations=[F@6d03d54, values=[FixedFloatFunction[value=6.3], FixedFloatFunction[value=6.25]], derivatives=[F@60fbea0, minValue=6.25, maxValue=6.3], Implementation[coordinate=Coordinate[Direct{Wrapping[type=FlatCache, wrapped=RegistryEntryHolder[function=Direct{ShiftedNoise[shiftX=RegistryEntryHolder[function=Direct{Wrapping[type=FlatCache, wrapped=RegistryEntryHolder[function=Direct{Wrapping[type=Cache2D, wrapped=RegistryEntryHolder[function=Direct{ShiftA[offsetNoise=Noise[noiseData=Reference{ResourceKey[minecraft:worldgen/noise / minecraft:offset]=NoiseParameters[firstOctave=-3, amplitudes=[1.0, 1.0, 1.0, 0.0]]}, noise=net.minecraft.util.math.noise.DoublePerlinNoiseSampler@7977c5ae]]}]]}]]}], shiftY=RegistryEntryHolder[function=Direct{Constant[value=0.0]}], shiftZ=RegistryEntryHolder[function=Direct{Wrapping[type=FlatCache, wrapped=RegistryEntryHolder[function=Direct{Wrapping[type=Cache2D, wrapped=RegistryEntryHolder[function=Direct{ShiftB[offsetNoise=Noise[noiseData=Reference{ResourceKey[minecraft:worldgen/noise / minecraft:offset]=NoiseParameters[firstOctave=-3, amplitudes=[1.0, 1.0, 1.0, 0.0]]}, noise=net.minecraft.util.math.noise.DoublePerlinNoiseSampler@7977c5ae]]}]]}]]}], xzScale=0.25, yScale=0.0, noise=Noise[noiseData=Reference{ResourceKey[minecraft:worldgen/noise / minecraft:ridge]=NoiseParameters[firstOctave=-7, amplitudes=[1.0, 2.0, 1.0, 0.0, 0.0, 0.0]]}, noise=net.minecraft.util.math.noise.DoublePerlinNoiseSampler@29ecbef]]}]]}], locations=[F@3a09b91c, values=[FixedFloatFunction[value=2.67], FixedFloatFunction[value=6.3]], derivatives=[F@205cf002, minValue=2.67, maxValue=6.3], Implementation[coordinate=Coordinate[Direct{Wrapping[type=FlatCache, wrapped=RegistryEntryHolder[function=Direct{ShiftedNoise[shiftX=RegistryEntryHolder[function=Direct{Wrapping[type=FlatCache, wrapped=RegistryEntryHolder[function=Direct{Wrapping[type=Cache2D, wrapped=RegistryEntryHolder[function=Direct{ShiftA[offsetNoise=Noise[noiseData=Reference{ResourceKey[minecraft:worldgen/noise / minecraft:offset]=NoiseParameters[firstOctave=-3, amplitudes=[1.0, 1.0, 1.0, 0.0]]}, noise=net.minecraft.util.math.noise.DoublePerlinNoiseSampler@7977c5ae]]}]]}]]}], shiftY=RegistryEntryHolder[function=Direct{Constant[value=0.0]}], shiftZ=RegistryEntryHolder[function=Direct{Wrapping[type=FlatCache, wrapped=RegistryEntryHolder[function=Direct{Wrapping[type=Cache2D, wrapped=RegistryEntryHolder[function=Direct{ShiftB[offsetNoise=Noise[noiseData=Reference{ResourceKey[minecraft:worldgen/noise / minecraft:offset]=NoiseParameters[firstOctave=-3, amplitudes=[1.0, 1.0, 1.0, 0.0]]}, noise=net.minecraft.util.math.noise.DoublePerlinNoiseSampler@7977c5ae]]}]]}]]}], xzScale=0.25, yScale=0.0, noise=Noise[noiseData=Reference{ResourceKey[minecraft:worldgen/noise / minecraft:ridge]=NoiseParameters[firstOctave=-7, amplitudes=[1.0, 2.0, 1.0, 0.0, 0.0, 0.0]]}, noise=net.minecraft.util.math.noise.DoublePerlinNoiseSampler@29ecbef]]}]]}], locations=[F@27e153c0, values=[FixedFloatFunction[value=6.3], FixedFloatFunction[value=6.25]], derivatives=[F@5ce00322, minValue=6.25, maxValue=6.3], FixedFloatFunction[value=6.25], Implementation[coordinate=Coordinate[Direct{BinaryOperation[type=MUL, argument1=RegistryEntryHolder[function=Direct{Constant[value=-3.0]}], argument2=RegistryEntryHolder[function=Direct{BinaryOperation[type=ADD, argument1=RegistryEntryHolder[function=Direct{Constant[value=-0.3333333333333333]}], argument2=RegistryEntryHolder[function=Direct{UnaryOperation[type=ABS, input=RegistryEntryHolder[function=Direct{BinaryOperation[type=ADD, argument1=RegistryEntryHolder[function=Direct{Constant[value=-0.6666666666666666]}], argument2=RegistryEntryHolder[function=Direct{UnaryOperation[type=ABS, input=RegistryEntryHolder[function=Direct{Wrapping[type=FlatCache, wrapped=RegistryEntryHolder[function=Direct{ShiftedNoise[shiftX=RegistryEntryHolder[function=Direct{Wrapping[type=FlatCache, wrapped=RegistryEntryHolder[function=Direct{Wrapping[type=Cache2D, wrapped=RegistryEntryHolder[function=Direct{ShiftA[offsetNoise=Noise[noiseData=Reference{ResourceKey[minecraft:worldgen/noise / minecraft:offset]=NoiseParameters[firstOctave=-3, amplitudes=[1.0, 1.0, 1.0, 0.0]]}, noise=net.minecraft.util.math.noise.DoublePerlinNoiseSampler@7977c5ae]]}]]}]]}], shiftY=RegistryEntryHolder[function=Direct{Constant[value=0.0]}], shiftZ=RegistryEntryHolder[function=Direct{Wrapping[type=FlatCache, wrapped=RegistryEntryHolder[function=Direct{Wrapping[type=Cache2D, wrapped=RegistryEntryHolder[function=Direct{ShiftB[offsetNoise=Noise[noiseData=Reference{ResourceKey[minecraft:worldgen/noise / minecraft:offset]=NoiseParameters[firstOctave=-3, amplitudes=[1.0, 1.0, 1.0, 0.0]]}, noise=net.minecraft.util.math.noise.DoublePerlinNoiseSampler@7977c5ae]]}]]}]]}], xzScale=0.25, yScale=0.0, noise=Noise[noiseData=Reference{ResourceKey[minecraft:worldgen/noise / minecraft:ridge]=NoiseParameters[firstOctave=-7, amplitudes=[1.0, 2.0, 1.0, 0.0, 0.0, 0.0]]}, noise=net.minecraft.util.math.noise.DoublePerlinNoiseSampler@29ecbef]]}]]}], minValue=0.0, maxValue=5.7142857142857135]}], minValue=-0.6666666666666666, maxValue=5.047619047619047]}], minValue=0.0, maxValue=5.047619047619047]}], minValue=-0.3333333333333333, maxValue=4.7142857142857135]}], minValue=-14.14285714285714, maxValue=1.0]}], locations=[F@2bd690fb, values=[FixedFloatFunction[value=6.25], Implementation[coordinate=Coordinate[Direct{Wrapping[type=FlatCache, wrapped=RegistryEntryHolder[function=Direct{ShiftedNoise[shiftX=RegistryEntryHolder[function=Direct{Wrapping[type=FlatCache, wrapped=RegistryEntryHolder[function=Direct{Wrapping[type=Cache2D, wrapped=RegistryEntryHolder[function=Direct{ShiftA[offsetNoise=Noise[noiseData=Reference{ResourceKey[minecraft:worldgen/noise / minecraft:offset]=NoiseParameters[firstOctave=-3, amplitudes=[1.0, 1.0, 1.0, 0.0]]}, noise=net.minecraft.util.math.noise.DoublePerlinNoiseSampler@7977c5ae]]}]]}]]}], shiftY=RegistryEntryHolder[function=Direct{Constant[value=0.0]}], shiftZ=RegistryEntryHolder[function=Direct{Wrapping[type=FlatCache, wrapped=RegistryEntryHolder[function=Direct{Wrapping[type=Cache2D, wrapped=RegistryEntryHolder[function=Direct{ShiftB[offsetNoise=Noise[noiseData=Reference{ResourceKey[minecraft:worldgen/noise / minecraft:offset]=NoiseParameters[firstOctave=-3, amplitudes=[1.0, 1.0, 1.0, 0.0]]}, noise=net.minecraft.util.math.noise.DoublePerlinNoiseSampler@7977c5ae]]}]]}]]}], xzScale=0.25, yScale=0.0, noise=Noise[noiseData=Reference{ResourceKey[minecraft:worldgen/noise / minecraft:ridge]=NoiseParameters[firstOctave=-7, amplitudes=[1.0, 2.0, 1.0, 0.0, 0.0, 0.0]]}, noise=net.minecraft.util.math.noise.DoublePerlinNoiseSampler@29ecbef]]}]]}], locations=[F@6ccdb963, values=[FixedFloatFunction[value=6.25], FixedFloatFunction[value=0.625]], derivatives=[F@411f9869, minValue=0.625, maxValue=6.25]], derivatives=[F@1dba6a7b, minValue=0.625, maxValue=6.25], Implementation[coordinate=Coordinate[Direct{BinaryOperation[type=MUL, argument1=RegistryEntryHolder[function=Direct{Constant[value=-3.0]}], argument2=RegistryEntryHolder[function=Direct{BinaryOperation[type=ADD, argument1=RegistryEntryHolder[function=Direct{Constant[value=-0.3333333333333333]}], argument2=RegistryEntryHolder[function=Direct{UnaryOperation[type=ABS, input=RegistryEntryHolder[function=Direct{BinaryOperation[type=ADD, argument1=RegistryEntryHolder[function=Direct{Constant[value=-0.6666666666666666]}], argument2=RegistryEntryHolder[function=Direct{UnaryOperation[type=ABS, input=RegistryEntryHolder[function=Direct{Wrapping[type=FlatCache, wrapped=RegistryEntryHolder[function=Direct{ShiftedNoise[shiftX=RegistryEntryHolder[function=Direct{Wrapping[type=FlatCache, wrapped=RegistryEntryHolder[function=Direct{Wrapping[type=Cache2D, wrapped=RegistryEntryHolder[function=Direct{ShiftA[offsetNoise=Noise[noiseData=Reference{ResourceKey[minecraft:worldgen/noise / minecraft:offset]=NoiseParameters[firstOctave=-3, amplitudes=[1.0, 1.0, 1.0, 0.0]]}, noise=net.minecraft.util.math.noise.DoublePerlinNoiseSampler@7977c5ae]]}]]}]]}], shiftY=RegistryEntryHolder[function=Direct{Constant[value=0.0]}], shiftZ=RegistryEntryHolder[function=Direct{Wrapping[type=FlatCache, wrapped=RegistryEntryHolder[function=Direct{Wrapping[type=Cache2D, wrapped=RegistryEntryHolder[function=Direct{ShiftB[offsetNoise=Noise[noiseData=Reference{ResourceKey[minecraft:worldgen/noise / minecraft:offset]=NoiseParameters[firstOctave=-3, amplitudes=[1.0, 1.0, 1.0, 0.0]]}, noise=net.minecraft.util.math.noise.DoublePerlinNoiseSampler@7977c5ae]]}]]}]]}], xzScale=0.25, yScale=0.0, noise=Noise[noiseData=Reference{ResourceKey[minecraft:worldgen/noise / minecraft:ridge]=NoiseParameters[firstOctave=-7, amplitudes=[1.0, 2.0, 1.0, 0.0, 0.0, 0.0]]}, noise=net.minecraft.util.math.noise.DoublePerlinNoiseSampler@29ecbef]]}]]}], minValue=0.0, maxValue=5.7142857142857135]}], minValue=-0.6666666666666666, maxValue=5.047619047619047]}], minValue=0.0, maxValue=5.047619047619047]}], minValue=-0.3333333333333333, maxValue=4.7142857142857135]}], minValue=-14.14285714285714, maxValue=1.0]}], locations=[F@2f4607f, values=[FixedFloatFunction[value=6.25], Implementation[coordinate=Coordinate[Direct{Wrapping[type=FlatCache, wrapped=RegistryEntryHolder[function=Direct{ShiftedNoise[shiftX=RegistryEntryHolder[function=Direct{Wrapping[type=FlatCache, wrapped=RegistryEntryHolder[function=Direct{Wrapping[type=Cache2D, wrapped=RegistryEntryHolder[function=Direct{ShiftA[offsetNoise=Noise[noiseData=Reference{ResourceKey[minecraft:worldgen/noise / minecraft:offset]=NoiseParameters[firstOctave=-3, amplitudes=[1.0, 1.0, 1.0, 0.0]]}, noise=net.minecraft.util.math.noise.DoublePerlinNoiseSampler@7977c5ae]]}]]}]]}], shiftY=RegistryEntryHolder[function=Direct{Constant[value=0.0]}], shiftZ=RegistryEntryHolder[function=Direct{Wrapping[type=FlatCache, wrapped=RegistryEntryHolder[function=Direct{Wrapping[type=Cache2D, wrapped=RegistryEntryHolder[function=Direct{ShiftB[offsetNoise=Noise[noiseData=Reference{ResourceKey[minecraft:worldgen/noise / minecraft:offset]=NoiseParameters[firstOctave=-3, amplitudes=[1.0, 1.0, 1.0, 0.0]]}, noise=net.minecraft.util.math.noise.DoublePerlinNoiseSampler@7977c5ae]]}]]}]]}], xzScale=0.25, yScale=0.0, noise=Noise[noiseData=Reference{ResourceKey[minecraft:worldgen/noise / minecraft:ridge]=NoiseParameters[firstOctave=-7, amplitudes=[1.0, 2.0, 1.0, 0.0, 0.0, 0.0]]}, noise=net.minecraft.util.math.noise.DoublePerlinNoiseSampler@29ecbef]]}]]}], locations=[F@3f3d7e3, values=[FixedFloatFunction[value=6.25], FixedFloatFunction[value=0.625]], derivatives=[F@3e12cb24, minValue=0.625, maxValue=6.25]], derivatives=[F@70b5872f, minValue=0.625, maxValue=6.25], FixedFloatFunction[value=6.25]], derivatives=[F@5163f6de, minValue=0.625, maxValue=6.3], Implementation[coordinate=Coordinate[Direct{Wrapping[type=FlatCache, wrapped=RegistryEntryHolder[function=Direct{ShiftedNoise[shiftX=RegistryEntryHolder[function=Direct{Wrapping[type=FlatCache, wrapped=RegistryEntryHolder[function=Direct{Wrapping[type=Cache2D, wrapped=RegistryEntryHolder[function=Direct{ShiftA[offsetNoise=Noise[noiseData=Reference{ResourceKey[minecraft:worldgen/noise / minecraft:offset]=NoiseParameters[firstOctave=-3, amplitudes=[1.0, 1.0, 1.0, 0.0]]}, noise=net.minecraft.util.math.noise.DoublePerlinNoiseSampler@7977c5ae]]}]]}]]}], shiftY=RegistryEntryHolder[function=Direct{Constant[value=0.0]}], shiftZ=RegistryEntryHolder[function=Direct{Wrapping[type=FlatCache, wrapped=RegistryEntryHolder[function=Direct{Wrapping[type=Cache2D, wrapped=RegistryEntryHolder[function=Direct{ShiftB[offsetNoise=Noise[noiseData=Reference{ResourceKey[minecraft:worldgen/noise / minecraft:offset]=NoiseParameters[firstOctave=-3, amplitudes=[1.0, 1.0, 1.0, 0.0]]}, noise=net.minecraft.util.math.noise.DoublePerlinNoiseSampler@7977c5ae]]}]]}]]}], xzScale=0.25, yScale=0.0, noise=Noise[noiseData=Reference{ResourceKey[minecraft:worldgen/noise / minecraft:erosion]=NoiseParameters[firstOctave=-9, amplitudes=[1.0, 1.0, 0.0, 1.0, 1.0]]}, noise=net.minecraft.util.math.noise.DoublePerlinNoiseSampler@2e212c04]]}]]}], locations=[F@4c326fde, values=[Implementation[coordinate=Coordinate[Direct{Wrapping[type=FlatCache, wrapped=RegistryEntryHolder[function=Direct{ShiftedNoise[shiftX=RegistryEntryHolder[function=Direct{Wrapping[type=FlatCache, wrapped=RegistryEntryHolder[function=Direct{Wrapping[type=Cache2D, wrapped=RegistryEntryHolder[function=Direct{ShiftA[offsetNoise=Noise[noiseData=Reference{ResourceKey[minecraft:worldgen/noise / minecraft:offset]=NoiseParameters[firstOctave=-3, amplitudes=[1.0, 1.0, 1.0, 0.0]]}, noise=net.minecraft.util.math.noise.DoublePerlinNoiseSampler@7977c5ae]]}]]}]]}], shiftY=RegistryEntryHolder[function=Direct{Constant[value=0.0]}], shiftZ=RegistryEntryHolder[function=Direct{Wrapping[type=FlatCache, wrapped=RegistryEntryHolder[function=Direct{Wrapping[type=Cache2D, wrapped=RegistryEntryHolder[function=Direct{ShiftB[offsetNoise=Noise[noiseData=Reference{ResourceKey[minecraft:worldgen/noise / minecraft:offset]=NoiseParameters[firstOctave=-3, amplitudes=[1.0, 1.0, 1.0, 0.0]]}, noise=net.minecraft.util.math.noise.DoublePerlinNoiseSampler@7977c5ae]]}]]}]]}], xzScale=0.25, yScale=0.0, noise=Noise[noiseData=Reference{ResourceKey[minecraft:worldgen/noise / minecraft:ridge]=NoiseParameters[firstOctave=-7, amplitudes=[1.0, 2.0, 1.0, 0.0, 0.0, 0.0]]}, noise=net.minecraft.util.math.noise.DoublePerlinNoiseSampler@29ecbef]]}]]}], locations=[F@6451d697, values=[FixedFloatFunction[value=6.3], FixedFloatFunction[value=5.47]], derivatives=[F@3881b9cd, minValue=5.47, maxValue=6.3], Implementation[coordinate=Coordinate[Direct{Wrapping[type=FlatCache, wrapped=RegistryEntryHolder[function=Direct{ShiftedNoise[shiftX=RegistryEntryHolder[function=Direct{Wrapping[type=FlatCache, wrapped=RegistryEntryHolder[function=Direct{Wrapping[type=Cache2D, wrapped=RegistryEntryHolder[function=Direct{ShiftA[offsetNoise=Noise[noiseData=Reference{ResourceKey[minecraft:worldgen/noise / minecraft:offset]=NoiseParameters[firstOctave=-3, amplitudes=[1.0, 1.0, 1.0, 0.0]]}, noise=net.minecraft.util.math.noise.DoublePerlinNoiseSampler@7977c5ae]]}]]}]]}], shiftY=RegistryEntryHolder[function=Direct{Constant[value=0.0]}], shiftZ=RegistryEntryHolder[function=Direct{Wrapping[type=FlatCache, wrapped=RegistryEntryHolder[function=Direct{Wrapping[type=Cache2D, wrapped=RegistryEntryHolder[function=Direct{ShiftB[offsetNoise=Noise[noiseData=Reference{ResourceKey[minecraft:worldgen/noise / minecraft:offset]=NoiseParameters[firstOctave=-3, amplitudes=[1.0, 1.0, 1.0, 0.0]]}, noise=net.minecraft.util.math.noise.DoublePerlinNoiseSampler@7977c5ae]]}]]}]]}], xzScale=0.25, yScale=0.0, noise=Noise[noiseData=Reference{ResourceKey[minecraft:worldgen/noise / minecraft:ridge]=NoiseParameters[firstOctave=-7, amplitudes=[1.0, 2.0, 1.0, 0.0, 0.0, 0.0]]}, noise=net.minecraft.util.math.noise.DoublePerlinNoiseSampler@29ecbef]]}]]}], locations=[F@769a7d05, values=[FixedFloatFunction[value=6.3], FixedFloatFunction[value=2.67]], derivatives=[F@2989a097, minValue=2.67, maxValue=6.3], Implementation[coordinate=Coordinate[Direct{Wrapping[type=FlatCache, wrapped=RegistryEntryHolder[function=Direct{ShiftedNoise[shiftX=RegistryEntryHolder[function=Direct{Wrapping[type=FlatCache, wrapped=RegistryEntryHolder[function=Direct{Wrapping[type=Cache2D, wrapped=RegistryEntryHolder[function=Direct{ShiftA[offsetNoise=Noise[noiseData=Reference{ResourceKey[minecraft:worldgen/noise / minecraft:offset]=NoiseParameters[firstOctave=-3, amplitudes=[1.0, 1.0, 1.0, 0.0]]}, noise=net.minecraft.util.math.noise.DoublePerlinNoiseSampler@7977c5ae]]}]]}]]}], shiftY=RegistryEntryHolder[function=Direct{Constant[value=0.0]}], shiftZ=RegistryEntryHolder[function=Direct{Wrapping[type=FlatCache, wrapped=RegistryEntryHolder[function=Direct{Wrapping[type=Cache2D, wrapped=RegistryEntryHolder[function=Direct{ShiftB[offsetNoise=Noise[noiseData=Reference{ResourceKey[minecraft:worldgen/noise / minecraft:offset]=NoiseParameters[firstOctave=-3, amplitudes=[1.0, 1.0, 1.0, 0.0]]}, noise=net.minecraft.util.math.noise.DoublePerlinNoiseSampler@7977c5ae]]}]]}]]}], xzScale=0.25, yScale=0.0, noise=Noise[noiseData=Reference{ResourceKey[minecraft:worldgen/noise / minecraft:ridge]=NoiseParameters[firstOctave=-7, amplitudes=[1.0, 2.0, 1.0, 0.0, 0.0, 0.0]]}, noise=net.minecraft.util.math.noise.DoublePerlinNoiseSampler@29ecbef]]}]]}], locations=[F@43062e5f, values=[FixedFloatFunction[value=6.3], FixedFloatFunction[value=5.47]], derivatives=[F@76fcb823, minValue=5.47, maxValue=6.3], Implementation[coordinate=Coordinate[Direct{Wrapping[type=FlatCache, wrapped=RegistryEntryHolder[function=Direct{ShiftedNoise[shiftX=RegistryEntryHolder[function=Direct{Wrapping[type=FlatCache, wrapped=RegistryEntryHolder[function=Direct{Wrapping[type=Cache2D, wrapped=RegistryEntryHolder[function=Direct{ShiftA[offsetNoise=Noise[noiseData=Reference{ResourceKey[minecraft:worldgen/noise / minecraft:offset]=NoiseParameters[firstOctave=-3, amplitudes=[1.0, 1.0, 1.0, 0.0]]}, noise=net.minecraft.util.math.noise.DoublePerlinNoiseSampler@7977c5ae]]}]]}]]}], shiftY=RegistryEntryHolder[function=Direct{Constant[value=0.0]}], shiftZ=RegistryEntryHolder[function=Direct{Wrapping[type=FlatCache, wrapped=RegistryEntryHolder[function=Direct{Wrapping[type=Cache2D, wrapped=RegistryEntryHolder[function=Direct{ShiftB[offsetNoise=Noise[noiseData=Reference{ResourceKey[minecraft:worldgen/noise / minecraft:offset]=NoiseParameters[firstOctave=-3, amplitudes=[1.0, 1.0, 1.0, 0.0]]}, noise=net.minecraft.util.math.noise.DoublePerlinNoiseSampler@7977c5ae]]}]]}]]}], xzScale=0.25, yScale=0.0, noise=Noise[noiseData=Reference{ResourceKey[minecraft:worldgen/noise / minecraft:ridge]=NoiseParameters[firstOctave=-7, amplitudes=[1.0, 2.0, 1.0, 0.0, 0.0, 0.0]]}, noise=net.minecraft.util.math.noise.DoublePerlinNoiseSampler@29ecbef]]}]]}], locations=[F@532b81ac, values=[FixedFloatFunction[value=6.3], FixedFloatFunction[value=5.47]], derivatives=[F@37c21e46, minValue=5.47, maxValue=6.3], Implementation[coordinate=Coordinate[Direct{Wrapping[type=FlatCache, wrapped=RegistryEntryHolder[function=Direct{ShiftedNoise[shiftX=RegistryEntryHolder[function=Direct{Wrapping[type=FlatCache, wrapped=RegistryEntryHolder[function=Direct{Wrapping[type=Cache2D, wrapped=RegistryEntryHolder[function=Direct{ShiftA[offsetNoise=Noise[noiseData=Reference{ResourceKey[minecraft:worldgen/noise / minecraft:offset]=NoiseParameters[firstOctave=-3, amplitudes=[1.0, 1.0, 1.0, 0.0]]}, noise=net.minecraft.util.math.noise.DoublePerlinNoiseSampler@7977c5ae]]}]]}]]}], shiftY=RegistryEntryHolder[function=Direct{Constant[value=0.0]}], shiftZ=RegistryEntryHolder[function=Direct{Wrapping[type=FlatCache, wrapped=RegistryEntryHolder[function=Direct{Wrapping[type=Cache2D, wrapped=RegistryEntryHolder[function=Direct{ShiftB[offsetNoise=Noise[noiseData=Reference{ResourceKey[minecraft:worldgen/noise / minecraft:offset]=NoiseParameters[firstOctave=-3, amplitudes=[1.0, 1.0, 1.0, 0.0]]}, noise=net.minecraft.util.math.noise.DoublePerlinNoiseSampler@7977c5ae]]}]]}]]}], xzScale=0.25, yScale=0.0, noise=Noise[noiseData=Reference{ResourceKey[minecraft:worldgen/noise / minecraft:ridge]=NoiseParameters[firstOctave=-7, amplitudes=[1.0, 2.0, 1.0, 0.0, 0.0, 0.0]]}, noise=net.minecraft.util.math.noise.DoublePerlinNoiseSampler@29ecbef]]}]]}], locations=[F@45c4ba37, values=[FixedFloatFunction[value=2.67], FixedFloatFunction[value=6.3]], derivatives=[F@56ea2f0c, minValue=2.67, maxValue=6.3], Implementation[coordinate=Coordinate[Direct{Wrapping[type=FlatCache, wrapped=RegistryEntryHolder[function=Direct{ShiftedNoise[shiftX=RegistryEntryHolder[function=Direct{Wrapping[type=FlatCache, wrapped=RegistryEntryHolder[function=Direct{Wrapping[type=Cache2D, wrapped=RegistryEntryHolder[function=Direct{ShiftA[offsetNoise=Noise[noiseData=Reference{ResourceKey[minecraft:worldgen/noise / minecraft:offset]=NoiseParameters[firstOctave=-3, amplitudes=[1.0, 1.0, 1.0, 0.0]]}, noise=net.minecraft.util.math.noise.DoublePerlinNoiseSampler@7977c5ae]]}]]}]]}], shiftY=RegistryEntryHolder[function=Direct{Constant[value=0.0]}], shiftZ=RegistryEntryHolder[function=Direct{Wrapping[type=FlatCache, wrapped=RegistryEntryHolder[function=Direct{Wrapping[type=Cache2D, wrapped=RegistryEntryHolder[function=Direct{ShiftB[offsetNoise=Noise[noiseData=Reference{ResourceKey[minecraft:worldgen/noise / minecraft:offset]=NoiseParameters[firstOctave=-3, amplitudes=[1.0, 1.0, 1.0, 0.0]]}, noise=net.minecraft.util.math.noise.DoublePerlinNoiseSampler@7977c5ae]]}]]}]]}], xzScale=0.25, yScale=0.0, noise=Noise[noiseData=Reference{ResourceKey[minecraft:worldgen/noise / minecraft:ridge]=NoiseParameters[firstOctave=-7, amplitudes=[1.0, 2.0, 1.0, 0.0, 0.0, 0.0]]}, noise=net.minecraft.util.math.noise.DoublePerlinNoiseSampler@29ecbef]]}]]}], locations=[F@59c3e29c, values=[FixedFloatFunction[value=6.3], FixedFloatFunction[value=5.47]], derivatives=[F@7ed4f7cc, minValue=5.47, maxValue=6.3], FixedFloatFunction[value=5.47], Implementation[coordinate=Coordinate[Direct{BinaryOperation[type=MUL, argument1=RegistryEntryHolder[function=Direct{Constant[value=-3.0]}], argument2=RegistryEntryHolder[function=Direct{BinaryOperation[type=ADD, argument1=RegistryEntryHolder[function=Direct{Constant[value=-0.3333333333333333]}], argument2=RegistryEntryHolder[function=Direct{UnaryOperation[type=ABS, input=RegistryEntryHolder[function=Direct{BinaryOperation[type=ADD, argument1=RegistryEntryHolder[function=Direct{Constant[value=-0.6666666666666666]}], argument2=RegistryEntryHolder[function=Direct{UnaryOperation[type=ABS, input=RegistryEntryHolder[function=Direct{Wrapping[type=FlatCache, wrapped=RegistryEntryHolder[function=Direct{ShiftedNoise[shiftX=RegistryEntryHolder[function=Direct{Wrapping[type=FlatCache, wrapped=RegistryEntryHolder[function=Direct{Wrapping[type=Cache2D, wrapped=RegistryEntryHolder[function=Direct{ShiftA[offsetNoise=Noise[noiseData=Reference{ResourceKey[minecraft:worldgen/noise / minecraft:offset]=NoiseParameters[firstOctave=-3, amplitudes=[1.0, 1.0, 1.0, 0.0]]}, noise=net.minecraft.util.math.noise.DoublePerlinNoiseSampler@7977c5ae]]}]]}]]}], shiftY=RegistryEntryHolder[function=Direct{Constant[value=0.0]}], shiftZ=RegistryEntryHolder[function=Direct{Wrapping[type=FlatCache, wrapped=RegistryEntryHolder[function=Direct{Wrapping[type=Cache2D, wrapped=RegistryEntryHolder[function=Direct{ShiftB[offsetNoise=Noise[noiseData=Reference{ResourceKey[minecraft:worldgen/noise / minecraft:offset]=NoiseParameters[firstOctave=-3, amplitudes=[1.0, 1.0, 1.0, 0.0]]}, noise=net.minecraft.util.math.noise.DoublePerlinNoiseSampler@7977c5ae]]}]]}]]}], xzScale=0.25, yScale=0.0, noise=Noise[noiseData=Reference{ResourceKey[minecraft:worldgen/noise / minecraft:ridge]=NoiseParameters[firstOctave=-7, amplitudes=[1.0, 2.0, 1.0, 0.0, 0.0, 0.0]]}, noise=net.minecraft.util.math.noise.DoublePerlinNoiseSampler@29ecbef]]}]]}], minValue=0.0, maxValue=5.7142857142857135]}], minValue=-0.6666666666666666, maxValue=5.047619047619047]}], minValue=0.0, maxValue=5.047619047619047]}], minValue=-0.3333333333333333, maxValue=4.7142857142857135]}], minValue=-14.14285714285714, maxValue=1.0]}], locations=[F@1ea1ef23, values=[FixedFloatFunction[value=5.47], Implementation[coordinate=Coordinate[Direct{Wrapping[type=FlatCache, wrapped=RegistryEntryHolder[function=Direct{ShiftedNoise[shiftX=RegistryEntryHolder[function=Direct{Wrapping[type=FlatCache, wrapped=RegistryEntryHolder[function=Direct{Wrapping[type=Cache2D, wrapped=RegistryEntryHolder[function=Direct{ShiftA[offsetNoise=Noise[noiseData=Reference{ResourceKey[minecraft:worldgen/noise / minecraft:offset]=NoiseParameters[firstOctave=-3, amplitudes=[1.0, 1.0, 1.0, 0.0]]}, noise=net.minecraft.util.math.noise.DoublePerlinNoiseSampler@7977c5ae]]}]]}]]}], shiftY=RegistryEntryHolder[function=Direct{Constant[value=0.0]}], shiftZ=RegistryEntryHolder[function=Direct{Wrapping[type=FlatCache, wrapped=RegistryEntryHolder[function=Direct{Wrapping[type=Cache2D, wrapped=RegistryEntryHolder[function=Direct{ShiftB[offsetNoise=Noise[noiseData=Reference{ResourceKey[minecraft:worldgen/noise / minecraft:offset]=NoiseParameters[firstOctave=-3, amplitudes=[1.0, 1.0, 1.0, 0.0]]}, noise=net.minecraft.util.math.noise.DoublePerlinNoiseSampler@7977c5ae]]}]]}]]}], xzScale=0.25, yScale=0.0, noise=Noise[noiseData=Reference{ResourceKey[minecraft:worldgen/noise / minecraft:ridge]=NoiseParameters[firstOctave=-7, amplitudes=[1.0, 2.0, 1.0, 0.0, 0.0, 0.0]]}, noise=net.minecraft.util.math.noise.DoublePerlinNoiseSampler@29ecbef]]}]]}], locations=[F@193431b4, values=[FixedFloatFunction[value=5.47], FixedFloatFunction[value=0.625]], derivatives=[F@5fa5e70c, minValue=0.625, maxValue=5.47]], derivatives=[F@61611a3, minValue=0.625, maxValue=5.47], Implementation[coordinate=Coordinate[Direct{BinaryOperation[type=MUL, argument1=RegistryEntryHolder[function=Direct{Constant[value=-3.0]}], argument2=RegistryEntryHolder[function=Direct{BinaryOperation[type=ADD, argument1=RegistryEntryHolder[function=Direct{Constant[value=-0.3333333333333333]}], argument2=RegistryEntryHolder[function=Direct{UnaryOperation[type=ABS, input=RegistryEntryHolder[function=Direct{BinaryOperation[type=ADD, argument1=RegistryEntryHolder[function=Direct{Constant[value=-0.6666666666666666]}], argument2=RegistryEntryHolder[function=Direct{UnaryOperation[type=ABS, input=RegistryEntryHolder[function=Direct{Wrapping[type=FlatCache, wrapped=RegistryEntryHolder[function=Direct{ShiftedNoise[shiftX=RegistryEntryHolder[function=Direct{Wrapping[type=FlatCache, wrapped=RegistryEntryHolder[function=Direct{Wrapping[type=Cache2D, wrapped=RegistryEntryHolder[function=Direct{ShiftA[offsetNoise=Noise[noiseData=Reference{ResourceKey[minecraft:worldgen/noise / minecraft:offset]=NoiseParameters[firstOctave=-3, amplitudes=[1.0, 1.0, 1.0, 0.0]]}, noise=net.minecraft.util.math.noise.DoublePerlinNoiseSampler@7977c5ae]]}]]}]]}], shiftY=RegistryEntryHolder[function=Direct{Constant[value=0.0]}], shiftZ=RegistryEntryHolder[function=Direct{Wrapping[type=FlatCache, wrapped=RegistryEntryHolder[function=Direct{Wrapping[type=Cache2D, wrapped=RegistryEntryHolder[function=Direct{ShiftB[offsetNoise=Noise[noiseData=Reference{ResourceKey[minecraft:worldgen/noise / minecraft:offset]=NoiseParameters[firstOctave=-3, amplitudes=[1.0, 1.0, 1.0, 0.0]]}, noise=net.minecraft.util.math.noise.DoublePerlinNoiseSampler@7977c5ae]]}]]}]]}], xzScale=0.25, yScale=0.0, noise=Noise[noiseData=Reference{ResourceKey[minecraft:worldgen/noise / minecraft:ridge]=NoiseParameters[firstOctave=-7, amplitudes=[1.0, 2.0, 1.0, 0.0, 0.0, 0.0]]}, noise=net.minecraft.util.math.noise.DoublePerlinNoiseSampler@29ecbef]]}]]}], minValue=0.0, maxValue=5.7142857142857135]}], minValue=-0.6666666666666666, maxValue=5.047619047619047]}], minValue=0.0, maxValue=5.047619047619047]}], minValue=-0.3333333333333333, maxValue=4.7142857142857135]}], minValue=-14.14285714285714, maxValue=1.0]}], locations=[F@17df2eb5, values=[FixedFloatFunction[value=5.47], Implementation[coordinate=Coordinate[Direct{Wrapping[type=FlatCache, wrapped=RegistryEntryHolder[function=Direct{ShiftedNoise[shiftX=RegistryEntryHolder[function=Direct{Wrapping[type=FlatCache, wrapped=RegistryEntryHolder[function=Direct{Wrapping[type=Cache2D, wrapped=RegistryEntryHolder[function=Direct{ShiftA[offsetNoise=Noise[noiseData=Reference{ResourceKey[minecraft:worldgen/noise / minecraft:offset]=NoiseParameters[firstOctave=-3, amplitudes=[1.0, 1.0, 1.0, 0.0]]}, noise=net.minecraft.util.math.noise.DoublePerlinNoiseSampler@7977c5ae]]}]]}]]}], shiftY=RegistryEntryHolder[function=Direct{Constant[value=0.0]}], shiftZ=RegistryEntryHolder[function=Direct{Wrapping[type=FlatCache, wrapped=RegistryEntryHolder[function=Direct{Wrapping[type=Cache2D, wrapped=RegistryEntryHolder[function=Direct{ShiftB[offsetNoise=Noise[noiseData=Reference{ResourceKey[minecraft:worldgen/noise / minecraft:offset]=NoiseParameters[firstOctave=-3, amplitudes=[1.0, 1.0, 1.0, 0.0]]}, noise=net.minecraft.util.math.noise.DoublePerlinNoiseSampler@7977c5ae]]}]]}]]}], xzScale=0.25, yScale=0.0, noise=Noise[noiseData=Reference{ResourceKey[minecraft:worldgen/noise / minecraft:ridge]=NoiseParameters[firstOctave=-7, amplitudes=[1.0, 2.0, 1.0, 0.0, 0.0, 0.0]]}, noise=net.minecraft.util.math.noise.DoublePerlinNoiseSampler@29ecbef]]}]]}], locations=[F@2fde146b, values=[FixedFloatFunction[value=5.47], FixedFloatFunction[value=0.625]], derivatives=[F@5f330b1b, minValue=0.625, maxValue=5.47]], derivatives=[F@699e9257, minValue=0.625, maxValue=5.47], FixedFloatFunction[value=5.47]], derivatives=[F@75ab357, minValue=0.625, maxValue=6.3], Implementation[coordinate=Coordinate[Direct{Wrapping[type=FlatCache, wrapped=RegistryEntryHolder[function=Direct{ShiftedNoise[shiftX=RegistryEntryHolder[function=Direct{Wrapping[type=FlatCache, wrapped=RegistryEntryHolder[function=Direct{Wrapping[type=Cache2D, wrapped=RegistryEntryHolder[function=Direct{ShiftA[offsetNoise=Noise[noiseData=Reference{ResourceKey[minecraft:worldgen/noise / minecraft:offset]=NoiseParameters[firstOctave=-3, amplitudes=[1.0, 1.0, 1.0, 0.0]]}, noise=net.minecraft.util.math.noise.DoublePerlinNoiseSampler@7977c5ae]]}]]}]]}], shiftY=RegistryEntryHolder[function=Direct{Constant[value=0.0]}], shiftZ=RegistryEntryHolder[function=Direct{Wrapping[type=FlatCache, wrapped=RegistryEntryHolder[function=Direct{Wrapping[type=Cache2D, wrapped=RegistryEntryHolder[function=Direct{ShiftB[offsetNoise=Noise[noiseData=Reference{ResourceKey[minecraft:worldgen/noise / minecraft:offset]=NoiseParameters[firstOctave=-3, amplitudes=[1.0, 1.0, 1.0, 0.0]]}, noise=net.minecraft.util.math.noise.DoublePerlinNoiseSampler@7977c5ae]]}]]}]]}], xzScale=0.25, yScale=0.0, noise=Noise[noiseData=Reference{ResourceKey[minecraft:worldgen/noise / minecraft:erosion]=NoiseParameters[firstOctave=-9, amplitudes=[1.0, 1.0, 0.0, 1.0, 1.0]]}, noise=net.minecraft.util.math.noise.DoublePerlinNoiseSampler@2e212c04]]}]]}], locations=[F@58f8829b, values=[Implementation[coordinate=Coordinate[Direct{Wrapping[type=FlatCache, wrapped=RegistryEntryHolder[function=Direct{ShiftedNoise[shiftX=RegistryEntryHolder[function=Direct{Wrapping[type=FlatCache, wrapped=RegistryEntryHolder[function=Direct{Wrapping[type=Cache2D, wrapped=RegistryEntryHolder[function=Direct{ShiftA[offsetNoise=Noise[noiseData=Reference{ResourceKey[minecraft:worldgen/noise / minecraft:offset]=NoiseParameters[firstOctave=-3, amplitudes=[1.0, 1.0, 1.0, 0.0]]}, noise=net.minecraft.util.math.noise.DoublePerlinNoiseSampler@7977c5ae]]}]]}]]}], shiftY=RegistryEntryHolder[function=Direct{Constant[value=0.0]}], shiftZ=RegistryEntryHolder[function=Direct{Wrapping[type=FlatCache, wrapped=RegistryEntryHolder[function=Direct{Wrapping[type=Cache2D, wrapped=RegistryEntryHolder[function=Direct{ShiftB[offsetNoise=Noise[noiseData=Reference{ResourceKey[minecraft:worldgen/noise / minecraft:offset]=NoiseParameters[firstOctave=-3, amplitudes=[1.0, 1.0, 1.0, 0.0]]}, noise=net.minecraft.util.math.noise.DoublePerlinNoiseSampler@7977c5ae]]}]]}]]}], xzScale=0.25, yScale=0.0, noise=Noise[noiseData=Reference{ResourceKey[minecraft:worldgen/noise / minecraft:ridge]=NoiseParameters[firstOctave=-7, amplitudes=[1.0, 2.0, 1.0, 0.0, 0.0, 0.0]]}, noise=net.minecraft.util.math.noise.DoublePerlinNoiseSampler@29ecbef]]}]]}], locations=[F@1f54214c, values=[FixedFloatFunction[value=6.3], FixedFloatFunction[value=5.08]], derivatives=[F@2c504db, minValue=5.08, maxValue=6.3], Implementation[coordinate=Coordinate[Direct{Wrapping[type=FlatCache, wrapped=RegistryEntryHolder[function=Direct{ShiftedNoise[shiftX=RegistryEntryHolder[function=Direct{Wrapping[type=FlatCache, wrapped=RegistryEntryHolder[function=Direct{Wrapping[type=Cache2D, wrapped=RegistryEntryHolder[function=Direct{ShiftA[offsetNoise=Noise[noiseData=Reference{ResourceKey[minecraft:worldgen/noise / minecraft:offset]=NoiseParameters[firstOctave=-3, amplitudes=[1.0, 1.0, 1.0, 0.0]]}, noise=net.minecraft.util.math.noise.DoublePerlinNoiseSampler@7977c5ae]]}]]}]]}], shiftY=RegistryEntryHolder[function=Direct{Constant[value=0.0]}], shiftZ=RegistryEntryHolder[function=Direct{Wrapping[type=FlatCache, wrapped=RegistryEntryHolder[function=Direct{Wrapping[type=Cache2D, wrapped=RegistryEntryHolder[function=Direct{ShiftB[offsetNoise=Noise[noiseData=Reference{ResourceKey[minecraft:worldgen/noise / minecraft:offset]=NoiseParameters[firstOctave=-3, amplitudes=[1.0, 1.0, 1.0, 0.0]]}, noise=net.minecraft.util.math.noise.DoublePerlinNoiseSampler@7977c5ae]]}]]}]]}], xzScale=0.25, yScale=0.0, noise=Noise[noiseData=Reference{ResourceKey[minecraft:worldgen/noise / minecraft:ridge]=NoiseParameters[firstOctave=-7, amplitudes=[1.0, 2.0, 1.0, 0.0, 0.0, 0.0]]}, noise=net.minecraft.util.math.noise.DoublePerlinNoiseSampler@29ecbef]]}]]}], locations=[F@50d7dfdf, values=[FixedFloatFunction[value=6.3], FixedFloatFunction[value=2.67]], derivatives=[F@4c276304, minValue=2.67, maxValue=6.3], Implementation[coordinate=Coordinate[Direct{Wrapping[type=FlatCache, wrapped=RegistryEntryHolder[function=Direct{ShiftedNoise[shiftX=RegistryEntryHolder[function=Direct{Wrapping[type=FlatCache, wrapped=RegistryEntryHolder[function=Direct{Wrapping[type=Cache2D, wrapped=RegistryEntryHolder[function=Direct{ShiftA[offsetNoise=Noise[noiseData=Reference{ResourceKey[minecraft:worldgen/noise / minecraft:offset]=NoiseParameters[firstOctave=-3, amplitudes=[1.0, 1.0, 1.0, 0.0]]}, noise=net.minecraft.util.math.noise.DoublePerlinNoiseSampler@7977c5ae]]}]]}]]}], shiftY=RegistryEntryHolder[function=Direct{Constant[value=0.0]}], shiftZ=RegistryEntryHolder[function=Direct{Wrapping[type=FlatCache, wrapped=RegistryEntryHolder[function=Direct{Wrapping[type=Cache2D, wrapped=RegistryEntryHolder[function=Direct{ShiftB[offsetNoise=Noise[noiseData=Reference{ResourceKey[minecraft:worldgen/noise / minecraft:offset]=NoiseParameters[firstOctave=-3, amplitudes=[1.0, 1.0, 1.0, 0.0]]}, noise=net.minecraft.util.math.noise.DoublePerlinNoiseSampler@7977c5ae]]}]]}]]}], xzScale=0.25, yScale=0.0, noise=Noise[noiseData=Reference{ResourceKey[minecraft:worldgen/noise / minecraft:ridge]=NoiseParameters[firstOctave=-7, amplitudes=[1.0, 2.0, 1.0, 0.0, 0.0, 0.0]]}, noise=net.minecraft.util.math.noise.DoublePerlinNoiseSampler@29ecbef]]}]]}], locations=[F@72c7758d, values=[FixedFloatFunction[value=6.3], FixedFloatFunction[value=5.08]], derivatives=[F@588e54d2, minValue=5.08, maxValue=6.3], Implementation[coordinate=Coordinate[Direct{Wrapping[type=FlatCache, wrapped=RegistryEntryHolder[function=Direct{ShiftedNoise[shiftX=RegistryEntryHolder[function=Direct{Wrapping[type=FlatCache, wrapped=RegistryEntryHolder[function=Direct{Wrapping[type=Cache2D, wrapped=RegistryEntryHolder[function=Direct{ShiftA[offsetNoise=Noise[noiseData=Reference{ResourceKey[minecraft:worldgen/noise / minecraft:offset]=NoiseParameters[firstOctave=-3, amplitudes=[1.0, 1.0, 1.0, 0.0]]}, noise=net.minecraft.util.math.noise.DoublePerlinNoiseSampler@7977c5ae]]}]]}]]}], shiftY=RegistryEntryHolder[function=Direct{Constant[value=0.0]}], shiftZ=RegistryEntryHolder[function=Direct{Wrapping[type=FlatCache, wrapped=RegistryEntryHolder[function=Direct{Wrapping[type=Cache2D, wrapped=RegistryEntryHolder[function=Direct{ShiftB[offsetNoise=Noise[noiseData=Reference{ResourceKey[minecraft:worldgen/noise / minecraft:offset]=NoiseParameters[firstOctave=-3, amplitudes=[1.0, 1.0, 1.0, 0.0]]}, noise=net.minecraft.util.math.noise.DoublePerlinNoiseSampler@7977c5ae]]}]]}]]}], xzScale=0.25, yScale=0.0, noise=Noise[noiseData=Reference{ResourceKey[minecraft:worldgen/noise / minecraft:ridge]=NoiseParameters[firstOctave=-7, amplitudes=[1.0, 2.0, 1.0, 0.0, 0.0, 0.0]]}, noise=net.minecraft.util.math.noise.DoublePerlinNoiseSampler@29ecbef]]}]]}], locations=[F@3649513b, values=[FixedFloatFunction[value=6.3], FixedFloatFunction[value=5.08]], derivatives=[F@41013bb5, minValue=5.08, maxValue=6.3], Implementation[coordinate=Coordinate[Direct{Wrapping[type=FlatCache, wrapped=RegistryEntryHolder[function=Direct{ShiftedNoise[shiftX=RegistryEntryHolder[function=Direct{Wrapping[type=FlatCache, wrapped=RegistryEntryHolder[function=Direct{Wrapping[type=Cache2D, wrapped=RegistryEntryHolder[function=Direct{ShiftA[offsetNoise=Noise[noiseData=Reference{ResourceKey[minecraft:worldgen/noise / minecraft:offset]=NoiseParameters[firstOctave=-3, amplitudes=[1.0, 1.0, 1.0, 0.0]]}, noise=net.minecraft.util.math.noise.DoublePerlinNoiseSampler@7977c5ae]]}]]}]]}], shiftY=RegistryEntryHolder[function=Direct{Constant[value=0.0]}], shiftZ=RegistryEntryHolder[function=Direct{Wrapping[type=FlatCache, wrapped=RegistryEntryHolder[function=Direct{Wrapping[type=Cache2D, wrapped=RegistryEntryHolder[function=Direct{ShiftB[offsetNoise=Noise[noiseData=Reference{ResourceKey[minecraft:worldgen/noise / minecraft:offset]=NoiseParameters[firstOctave=-3, amplitudes=[1.0, 1.0, 1.0, 0.0]]}, noise=net.minecraft.util.math.noise.DoublePerlinNoiseSampler@7977c5ae]]}]]}]]}], xzScale=0.25, yScale=0.0, noise=Noise[noiseData=Reference{ResourceKey[minecraft:worldgen/noise / minecraft:ridge]=NoiseParameters[firstOctave=-7, amplitudes=[1.0, 2.0, 1.0, 0.0, 0.0, 0.0]]}, noise=net.minecraft.util.math.noise.DoublePerlinNoiseSampler@29ecbef]]}]]}], locations=[F@8a35505, values=[FixedFloatFunction[value=2.67], FixedFloatFunction[value=6.3]], derivatives=[F@22a1b807, minValue=2.67, maxValue=6.3], Implementation[coordinate=Coordinate[Direct{Wrapping[type=FlatCache, wrapped=RegistryEntryHolder[function=Direct{ShiftedNoise[shiftX=RegistryEntryHolder[function=Direct{Wrapping[type=FlatCache, wrapped=RegistryEntryHolder[function=Direct{Wrapping[type=Cache2D, wrapped=RegistryEntryHolder[function=Direct{ShiftA[offsetNoise=Noise[noiseData=Reference{ResourceKey[minecraft:worldgen/noise / minecraft:offset]=NoiseParameters[firstOctave=-3, amplitudes=[1.0, 1.0, 1.0, 0.0]]}, noise=net.minecraft.util.math.noise.DoublePerlinNoiseSampler@7977c5ae]]}]]}]]}], shiftY=RegistryEntryHolder[function=Direct{Constant[value=0.0]}], shiftZ=RegistryEntryHolder[function=Direct{Wrapping[type=FlatCache, wrapped=RegistryEntryHolder[function=Direct{Wrapping[type=Cache2D, wrapped=RegistryEntryHolder[function=Direct{ShiftB[offsetNoise=Noise[noiseData=Reference{ResourceKey[minecraft:worldgen/noise / minecraft:offset]=NoiseParameters[firstOctave=-3, amplitudes=[1.0, 1.0, 1.0, 0.0]]}, noise=net.minecraft.util.math.noise.DoublePerlinNoiseSampler@7977c5ae]]}]]}]]}], xzScale=0.25, yScale=0.0, noise=Noise[noiseData=Reference{ResourceKey[minecraft:worldgen/noise / minecraft:ridge]=NoiseParameters[firstOctave=-7, amplitudes=[1.0, 2.0, 1.0, 0.0, 0.0, 0.0]]}, noise=net.minecraft.util.math.noise.DoublePerlinNoiseSampler@29ecbef]]}]]}], locations=[F@5e9df5e1, values=[FixedFloatFunction[value=6.3], FixedFloatFunction[value=5.08]], derivatives=[F@1689a114, minValue=5.08, maxValue=6.3], FixedFloatFunction[value=5.08], Implementation[coordinate=Coordinate[Direct{BinaryOperation[type=MUL, argument1=RegistryEntryHolder[function=Direct{Constant[value=-3.0]}], argument2=RegistryEntryHolder[function=Direct{BinaryOperation[type=ADD, argument1=RegistryEntryHolder[function=Direct{Constant[value=-0.3333333333333333]}], argument2=RegistryEntryHolder[function=Direct{UnaryOperation[type=ABS, input=RegistryEntryHolder[function=Direct{BinaryOperation[type=ADD, argument1=RegistryEntryHolder[function=Direct{Constant[value=-0.6666666666666666]}], argument2=RegistryEntryHolder[function=Direct{UnaryOperation[type=ABS, input=RegistryEntryHolder[function=Direct{Wrapping[type=FlatCache, wrapped=RegistryEntryHolder[function=Direct{ShiftedNoise[shiftX=RegistryEntryHolder[function=Direct{Wrapping[type=FlatCache, wrapped=RegistryEntryHolder[function=Direct{Wrapping[type=Cache2D, wrapped=RegistryEntryHolder[function=Direct{ShiftA[offsetNoise=Noise[noiseData=Reference{ResourceKey[minecraft:worldgen/noise / minecraft:offset]=NoiseParameters[firstOctave=-3, amplitudes=[1.0, 1.0, 1.0, 0.0]]}, noise=net.minecraft.util.math.noise.DoublePerlinNoiseSampler@7977c5ae]]}]]}]]}], shiftY=RegistryEntryHolder[function=Direct{Constant[value=0.0]}], shiftZ=RegistryEntryHolder[function=Direct{Wrapping[type=FlatCache, wrapped=RegistryEntryHolder[function=Direct{Wrapping[type=Cache2D, wrapped=RegistryEntryHolder[function=Direct{ShiftB[offsetNoise=Noise[noiseData=Reference{ResourceKey[minecraft:worldgen/noise / minecraft:offset]=NoiseParameters[firstOctave=-3, amplitudes=[1.0, 1.0, 1.0, 0.0]]}, noise=net.minecraft.util.math.noise.DoublePerlinNoiseSampler@7977c5ae]]}]]}]]}], xzScale=0.25, yScale=0.0, noise=Noise[noiseData=Reference{ResourceKey[minecraft:worldgen/noise / minecraft:ridge]=NoiseParameters[firstOctave=-7, amplitudes=[1.0, 2.0, 1.0, 0.0, 0.0, 0.0]]}, noise=net.minecraft.util.math.noise.DoublePerlinNoiseSampler@29ecbef]]}]]}], minValue=0.0, maxValue=5.7142857142857135]}], minValue=-0.6666666666666666, maxValue=5.047619047619047]}], minValue=0.0, maxValue=5.047619047619047]}], minValue=-0.3333333333333333, maxValue=4.7142857142857135]}], minValue=-14.14285714285714, maxValue=1.0]}], locations=[F@490d5bd, values=[FixedFloatFunction[value=5.08], Implementation[coordinate=Coordinate[Direct{Wrapping[type=FlatCache, wrapped=RegistryEntryHolder[function=Direct{ShiftedNoise[shiftX=RegistryEntryHolder[function=Direct{Wrapping[type=FlatCache, wrapped=RegistryEntryHolder[function=Direct{Wrapping[type=Cache2D, wrapped=RegistryEntryHolder[function=Direct{ShiftA[offsetNoise=Noise[noiseData=Reference{ResourceKey[minecraft:worldgen/noise / minecraft:offset]=NoiseParameters[firstOctave=-3, amplitudes=[1.0, 1.0, 1.0, 0.0]]}, noise=net.minecraft.util.math.noise.DoublePerlinNoiseSampler@7977c5ae]]}]]}]]}], shiftY=RegistryEntryHolder[function=Direct{Constant[value=0.0]}], shiftZ=RegistryEntryHolder[function=Direct{Wrapping[type=FlatCache, wrapped=RegistryEntryHolder[function=Direct{Wrapping[type=Cache2D, wrapped=RegistryEntryHolder[function=Direct{ShiftB[offsetNoise=Noise[noiseData=Reference{ResourceKey[minecraft:worldgen/noise / minecraft:offset]=NoiseParameters[firstOctave=-3, amplitudes=[1.0, 1.0, 1.0, 0.0]]}, noise=net.minecraft.util.math.noise.DoublePerlinNoiseSampler@7977c5ae]]}]]}]]}], xzScale=0.25, yScale=0.0, noise=Noise[noiseData=Reference{ResourceKey[minecraft:worldgen/noise / minecraft:ridge]=NoiseParameters[firstOctave=-7, amplitudes=[1.0, 2.0, 1.0, 0.0, 0.0, 0.0]]}, noise=net.minecraft.util.math.noise.DoublePerlinNoiseSampler@29ecbef]]}]]}], locations=[F@2bde34a8, values=[FixedFloatFunction[value=5.08], FixedFloatFunction[value=0.625]], derivatives=[F@1addfecf, minValue=0.625, maxValue=5.08]], derivatives=[F@41077d81, minValue=0.625, maxValue=5.08], Implementation[coordinate=Coordinate[Direct{BinaryOperation[type=MUL, argument1=RegistryEntryHolder[function=Direct{Constant[value=-3.0]}], argument2=RegistryEntryHolder[function=Direct{BinaryOperation[type=ADD, argument1=RegistryEntryHolder[function=Direct{Constant[value=-0.3333333333333333]}], argument2=RegistryEntryHolder[function=Direct{UnaryOperation[type=ABS, input=RegistryEntryHolder[function=Direct{BinaryOperation[type=ADD, argument1=RegistryEntryHolder[function=Direct{Constant[value=-0.6666666666666666]}], argument2=RegistryEntryHolder[function=Direct{UnaryOperation[type=ABS, input=RegistryEntryHolder[function=Direct{Wrapping[type=FlatCache, wrapped=RegistryEntryHolder[function=Direct{ShiftedNoise[shiftX=RegistryEntryHolder[function=Direct{Wrapping[type=FlatCache, wrapped=RegistryEntryHolder[function=Direct{Wrapping[type=Cache2D, wrapped=RegistryEntryHolder[function=Direct{ShiftA[offsetNoise=Noise[noiseData=Reference{ResourceKey[minecraft:worldgen/noise / minecraft:offset]=NoiseParameters[firstOctave=-3, amplitudes=[1.0, 1.0, 1.0, 0.0]]}, noise=net.minecraft.util.math.noise.DoublePerlinNoiseSampler@7977c5ae]]}]]}]]}], shiftY=RegistryEntryHolder[function=Direct{Constant[value=0.0]}], shiftZ=RegistryEntryHolder[function=Direct{Wrapping[type=FlatCache, wrapped=RegistryEntryHolder[function=Direct{Wrapping[type=Cache2D, wrapped=RegistryEntryHolder[function=Direct{ShiftB[offsetNoise=Noise[noiseData=Reference{ResourceKey[minecraft:worldgen/noise / minecraft:offset]=NoiseParameters[firstOctave=-3, amplitudes=[1.0, 1.0, 1.0, 0.0]]}, noise=net.minecraft.util.math.noise.DoublePerlinNoiseSampler@7977c5ae]]}]]}]]}], xzScale=0.25, yScale=0.0, noise=Noise[noiseData=Reference{ResourceKey[minecraft:worldgen/noise / minecraft:ridge]=NoiseParameters[firstOctave=-7, amplitudes=[1.0, 2.0, 1.0, 0.0, 0.0, 0.0]]}, noise=net.minecraft.util.math.noise.DoublePerlinNoiseSampler@29ecbef]]}]]}], minValue=0.0, maxValue=5.7142857142857135]}], minValue=-0.6666666666666666, maxValue=5.047619047619047]}], minValue=0.0, maxValue=5.047619047619047]}], minValue=-0.3333333333333333, maxValue=4.7142857142857135]}], minValue=-14.14285714285714, maxValue=1.0]}], locations=[F@43b87521, values=[FixedFloatFunction[value=5.08], Implementation[coordinate=Coordinate[Direct{Wrapping[type=FlatCache, wrapped=RegistryEntryHolder[function=Direct{ShiftedNoise[shiftX=RegistryEntryHolder[function=Direct{Wrapping[type=FlatCache, wrapped=RegistryEntryHolder[function=Direct{Wrapping[type=Cache2D, wrapped=RegistryEntryHolder[function=Direct{ShiftA[offsetNoise=Noise[noiseData=Reference{ResourceKey[minecraft:worldgen/noise / minecraft:offset]=NoiseParameters[firstOctave=-3, amplitudes=[1.0, 1.0, 1.0, 0.0]]}, noise=net.minecraft.util.math.noise.DoublePerlinNoiseSampler@7977c5ae]]}]]}]]}], shiftY=RegistryEntryHolder[function=Direct{Constant[value=0.0]}], shiftZ=RegistryEntryHolder[function=Direct{Wrapping[type=FlatCache, wrapped=RegistryEntryHolder[function=Direct{Wrapping[type=Cache2D, wrapped=RegistryEntryHolder[function=Direct{ShiftB[offsetNoise=Noise[noiseData=Reference{ResourceKey[minecraft:worldgen/noise / minecraft:offset]=NoiseParameters[firstOctave=-3, amplitudes=[1.0, 1.0, 1.0, 0.0]]}, noise=net.minecraft.util.math.noise.DoublePerlinNoiseSampler@7977c5ae]]}]]}]]}], xzScale=0.25, yScale=0.0, noise=Noise[noiseData=Reference{ResourceKey[minecraft:worldgen/noise / minecraft:ridge]=NoiseParameters[firstOctave=-7, amplitudes=[1.0, 2.0, 1.0, 0.0, 0.0, 0.0]]}, noise=net.minecraft.util.math.noise.DoublePerlinNoiseSampler@29ecbef]]}]]}], locations=[F@1919628a, values=[FixedFloatFunction[value=5.08], FixedFloatFunction[value=0.625]], derivatives=[F@6cc7cce0, minValue=0.625, maxValue=5.08]], derivatives=[F@16564f8c, minValue=0.625, maxValue=5.08], FixedFloatFunction[value=5.08]], derivatives=[F@1647311a, minValue=0.625, maxValue=6.3], Implementation[coordinate=Coordinate[Direct{Wrapping[type=FlatCache, wrapped=RegistryEntryHolder[function=Direct{ShiftedNoise[shiftX=RegistryEntryHolder[function=Direct{Wrapping[type=FlatCache, wrapped=RegistryEntryHolder[function=Direct{Wrapping[type=Cache2D, wrapped=RegistryEntryHolder[function=Direct{ShiftA[offsetNoise=Noise[noiseData=Reference{ResourceKey[minecraft:worldgen/noise / minecraft:offset]=NoiseParameters[firstOctave=-3, amplitudes=[1.0, 1.0, 1.0, 0.0]]}, noise=net.minecraft.util.math.noise.DoublePerlinNoiseSampler@7977c5ae]]}]]}]]}], shiftY=RegistryEntryHolder[function=Direct{Constant[value=0.0]}], shiftZ=RegistryEntryHolder[function=Direct{Wrapping[type=FlatCache, wrapped=RegistryEntryHolder[function=Direct{Wrapping[type=Cache2D, wrapped=RegistryEntryHolder[function=Direct{ShiftB[offsetNoise=Noise[noiseData=Reference{ResourceKey[minecraft:worldgen/noise / minecraft:offset]=NoiseParameters[firstOctave=-3, amplitudes=[1.0, 1.0, 1.0, 0.0]]}, noise=net.minecraft.util.math.noise.DoublePerlinNoiseSampler@7977c5ae]]}]]}]]}], xzScale=0.25, yScale=0.0, noise=Noise[noiseData=Reference{ResourceKey[minecraft:worldgen/noise / minecraft:erosion]=NoiseParameters[firstOctave=-9, amplitudes=[1.0, 1.0, 0.0, 1.0, 1.0]]}, noise=net.minecraft.util.math.noise.DoublePerlinNoiseSampler@2e212c04]]}]]}], locations=[F@44981c6a, values=[Implementation[coordinate=Coordinate[Direct{Wrapping[type=FlatCache, wrapped=RegistryEntryHolder[function=Direct{ShiftedNoise[shiftX=RegistryEntryHolder[function=Direct{Wrapping[type=FlatCache, wrapped=RegistryEntryHolder[function=Direct{Wrapping[type=Cache2D, wrapped=RegistryEntryHolder[function=Direct{ShiftA[offsetNoise=Noise[noiseData=Reference{ResourceKey[minecraft:worldgen/noise / minecraft:offset]=NoiseParameters[firstOctave=-3, amplitudes=[1.0, 1.0, 1.0, 0.0]]}, noise=net.minecraft.util.math.noise.DoublePerlinNoiseSampler@7977c5ae]]}]]}]]}], shiftY=RegistryEntryHolder[function=Direct{Constant[value=0.0]}], shiftZ=RegistryEntryHolder[function=Direct{Wrapping[type=FlatCache, wrapped=RegistryEntryHolder[function=Direct{Wrapping[type=Cache2D, wrapped=RegistryEntryHolder[function=Direct{ShiftB[offsetNoise=Noise[noiseData=Reference{ResourceKey[minecraft:worldgen/noise / minecraft:offset]=NoiseParameters[firstOctave=-3, amplitudes=[1.0, 1.0, 1.0, 0.0]]}, noise=net.minecraft.util.math.noise.DoublePerlinNoiseSampler@7977c5ae]]}]]}]]}], xzScale=0.25, yScale=0.0, noise=Noise[noiseData=Reference{ResourceKey[minecraft:worldgen/noise / minecraft:ridge]=NoiseParameters[firstOctave=-7, amplitudes=[1.0, 2.0, 1.0, 0.0, 0.0, 0.0]]}, noise=net.minecraft.util.math.noise.DoublePerlinNoiseSampler@29ecbef]]}]]}], locations=[F@16ea78d5, values=[FixedFloatFunction[value=6.3], FixedFloatFunction[value=4.69]], derivatives=[F@32e46fab, minValue=4.69, maxValue=6.3], Implementation[coordinate=Coordinate[Direct{Wrapping[type=FlatCache, wrapped=RegistryEntryHolder[function=Direct{ShiftedNoise[shiftX=RegistryEntryHolder[function=Direct{Wrapping[type=FlatCache, wrapped=RegistryEntryHolder[function=Direct{Wrapping[type=Cache2D, wrapped=RegistryEntryHolder[function=Direct{ShiftA[offsetNoise=Noise[noiseData=Reference{ResourceKey[minecraft:worldgen/noise / minecraft:offset]=NoiseParameters[firstOctave=-3, amplitudes=[1.0, 1.0, 1.0, 0.0]]}, noise=net.minecraft.util.math.noise.DoublePerlinNoiseSampler@7977c5ae]]}]]}]]}], shiftY=RegistryEntryHolder[function=Direct{Constant[value=0.0]}], shiftZ=RegistryEntryHolder[function=Direct{Wrapping[type=FlatCache, wrapped=RegistryEntryHolder[function=Direct{Wrapping[type=Cache2D, wrapped=RegistryEntryHolder[function=Direct{ShiftB[offsetNoise=Noise[noiseData=Reference{ResourceKey[minecraft:worldgen/noise / minecraft:offset]=NoiseParameters[firstOctave=-3, amplitudes=[1.0, 1.0, 1.0, 0.0]]}, noise=net.minecraft.util.math.noise.DoublePerlinNoiseSampler@7977c5ae]]}]]}]]}], xzScale=0.25, yScale=0.0, noise=Noise[noiseData=Reference{ResourceKey[minecraft:worldgen/noise / minecraft:ridge]=NoiseParameters[firstOctave=-7, amplitudes=[1.0, 2.0, 1.0, 0.0, 0.0, 0.0]]}, noise=net.minecraft.util.math.noise.DoublePerlinNoiseSampler@29ecbef]]}]]}], locations=[F@1d84570c, values=[FixedFloatFunction[value=6.3], FixedFloatFunction[value=2.67]], derivatives=[F@197b639a, minValue=2.67, maxValue=6.3], Implementation[coordinate=Coordinate[Direct{Wrapping[type=FlatCache, wrapped=RegistryEntryHolder[function=Direct{ShiftedNoise[shiftX=RegistryEntryHolder[function=Direct{Wrapping[type=FlatCache, wrapped=RegistryEntryHolder[function=Direct{Wrapping[type=Cache2D, wrapped=RegistryEntryHolder[function=Direct{ShiftA[offsetNoise=Noise[noiseData=Reference{ResourceKey[minecraft:worldgen/noise / minecraft:offset]=NoiseParameters[firstOctave=-3, amplitudes=[1.0, 1.0, 1.0, 0.0]]}, noise=net.minecraft.util.math.noise.DoublePerlinNoiseSampler@7977c5ae]]}]]}]]}], shiftY=RegistryEntryHolder[function=Direct{Constant[value=0.0]}], shiftZ=RegistryEntryHolder[function=Direct{Wrapping[type=FlatCache, wrapped=RegistryEntryHolder[function=Direct{Wrapping[type=Cache2D, wrapped=RegistryEntryHolder[function=Direct{ShiftB[offsetNoise=Noise[noiseData=Reference{ResourceKey[minecraft:worldgen/noise / minecraft:offset]=NoiseParameters[firstOctave=-3, amplitudes=[1.0, 1.0, 1.0, 0.0]]}, noise=net.minecraft.util.math.noise.DoublePerlinNoiseSampler@7977c5ae]]}]]}]]}], xzScale=0.25, yScale=0.0, noise=Noise[noiseData=Reference{ResourceKey[minecraft:worldgen/noise / minecraft:ridge]=NoiseParameters[firstOctave=-7, amplitudes=[1.0, 2.0, 1.0, 0.0, 0.0, 0.0]]}, noise=net.minecraft.util.math.noise.DoublePerlinNoiseSampler@29ecbef]]}]]}], locations=[F@5c928cb0, values=[FixedFloatFunction[value=6.3], FixedFloatFunction[value=4.69]], derivatives=[F@4d9a29be, minValue=4.69, maxValue=6.3], Implementation[coordinate=Coordinate[Direct{Wrapping[type=FlatCache, wrapped=RegistryEntryHolder[function=Direct{ShiftedNoise[shiftX=RegistryEntryHolder[function=Direct{Wrapping[type=FlatCache, wrapped=RegistryEntryHolder[function=Direct{Wrapping[type=Cache2D, wrapped=RegistryEntryHolder[function=Direct{ShiftA[offsetNoise=Noise[noiseData=Reference{ResourceKey[minecraft:worldgen/noise / minecraft:offset]=NoiseParameters[firstOctave=-3, amplitudes=[1.0, 1.0, 1.0, 0.0]]}, noise=net.minecraft.util.math.noise.DoublePerlinNoiseSampler@7977c5ae]]}]]}]]}], shiftY=RegistryEntryHolder[function=Direct{Constant[value=0.0]}], shiftZ=RegistryEntryHolder[function=Direct{Wrapping[type=FlatCache, wrapped=RegistryEntryHolder[function=Direct{Wrapping[type=Cache2D, wrapped=RegistryEntryHolder[function=Direct{ShiftB[offsetNoise=Noise[noiseData=Reference{ResourceKey[minecraft:worldgen/noise / minecraft:offset]=NoiseParameters[firstOctave=-3, amplitudes=[1.0, 1.0, 1.0, 0.0]]}, noise=net.minecraft.util.math.noise.DoublePerlinNoiseSampler@7977c5ae]]}]]}]]}], xzScale=0.25, yScale=0.0, noise=Noise[noiseData=Reference{ResourceKey[minecraft:worldgen/noise / minecraft:ridge]=NoiseParameters[firstOctave=-7, amplitudes=[1.0, 2.0, 1.0, 0.0, 0.0, 0.0]]}, noise=net.minecraft.util.math.noise.DoublePerlinNoiseSampler@29ecbef]]}]]}], locations=[F@72993b36, values=[FixedFloatFunction[value=6.3], FixedFloatFunction[value=4.69]], derivatives=[F@30bcf14c, minValue=4.69, maxValue=6.3], Implementation[coordinate=Coordinate[Direct{Wrapping[type=FlatCache, wrapped=RegistryEntryHolder[function=Direct{ShiftedNoise[shiftX=RegistryEntryHolder[function=Direct{Wrapping[type=FlatCache, wrapped=RegistryEntryHolder[function=Direct{Wrapping[type=Cache2D, wrapped=RegistryEntryHolder[function=Direct{ShiftA[offsetNoise=Noise[noiseData=Reference{ResourceKey[minecraft:worldgen/noise / minecraft:offset]=NoiseParameters[firstOctave=-3, amplitudes=[1.0, 1.0, 1.0, 0.0]]}, noise=net.minecraft.util.math.noise.DoublePerlinNoiseSampler@7977c5ae]]}]]}]]}], shiftY=RegistryEntryHolder[function=Direct{Constant[value=0.0]}], shiftZ=RegistryEntryHolder[function=Direct{Wrapping[type=FlatCache, wrapped=RegistryEntryHolder[function=Direct{Wrapping[type=Cache2D, wrapped=RegistryEntryHolder[function=Direct{ShiftB[offsetNoise=Noise[noiseData=Reference{ResourceKey[minecraft:worldgen/noise / minecraft:offset]=NoiseParameters[firstOctave=-3, amplitudes=[1.0, 1.0, 1.0, 0.0]]}, noise=net.minecraft.util.math.noise.DoublePerlinNoiseSampler@7977c5ae]]}]]}]]}], xzScale=0.25, yScale=0.0, noise=Noise[noiseData=Reference{ResourceKey[minecraft:worldgen/noise / minecraft:ridge]=NoiseParameters[firstOctave=-7, amplitudes=[1.0, 2.0, 1.0, 0.0, 0.0, 0.0]]}, noise=net.minecraft.util.math.noise.DoublePerlinNoiseSampler@29ecbef]]}]]}], locations=[F@78831ce7, values=[FixedFloatFunction[value=2.67], FixedFloatFunction[value=6.3]], derivatives=[F@64481d90, minValue=2.67, maxValue=6.3], Implementation[coordinate=Coordinate[Direct{Wrapping[type=FlatCache, wrapped=RegistryEntryHolder[function=Direct{ShiftedNoise[shiftX=RegistryEntryHolder[function=Direct{Wrapping[type=FlatCache, wrapped=RegistryEntryHolder[function=Direct{Wrapping[type=Cache2D, wrapped=RegistryEntryHolder[function=Direct{ShiftA[offsetNoise=Noise[noiseData=Reference{ResourceKey[minecraft:worldgen/noise / minecraft:offset]=NoiseParameters[firstOctave=-3, amplitudes=[1.0, 1.0, 1.0, 0.0]]}, noise=net.minecraft.util.math.noise.DoublePerlinNoiseSampler@7977c5ae]]}]]}]]}], shiftY=RegistryEntryHolder[function=Direct{Constant[value=0.0]}], shiftZ=RegistryEntryHolder[function=Direct{Wrapping[type=FlatCache, wrapped=RegistryEntryHolder[function=Direct{Wrapping[type=Cache2D, wrapped=RegistryEntryHolder[function=Direct{ShiftB[offsetNoise=Noise[noiseData=Reference{ResourceKey[minecraft:worldgen/noise / minecraft:offset]=NoiseParameters[firstOctave=-3, amplitudes=[1.0, 1.0, 1.0, 0.0]]}, noise=net.minecraft.util.math.noise.DoublePerlinNoiseSampler@7977c5ae]]}]]}]]}], xzScale=0.25, yScale=0.0, noise=Noise[noiseData=Reference{ResourceKey[minecraft:worldgen/noise / minecraft:ridge]=NoiseParameters[firstOctave=-7, amplitudes=[1.0, 2.0, 1.0, 0.0, 0.0, 0.0]]}, noise=net.minecraft.util.math.noise.DoublePerlinNoiseSampler@29ecbef]]}]]}], locations=[F@5f33daa4, values=[FixedFloatFunction[value=6.3], FixedFloatFunction[value=4.69]], derivatives=[F@852769f, minValue=4.69, maxValue=6.3], Implementation[coordinate=Coordinate[Direct{BinaryOperation[type=MUL, argument1=RegistryEntryHolder[function=Direct{Constant[value=-3.0]}], argument2=RegistryEntryHolder[function=Direct{BinaryOperation[type=ADD, argument1=RegistryEntryHolder[function=Direct{Constant[value=-0.3333333333333333]}], argument2=RegistryEntryHolder[function=Direct{UnaryOperation[type=ABS, input=RegistryEntryHolder[function=Direct{BinaryOperation[type=ADD, argument1=RegistryEntryHolder[function=Direct{Constant[value=-0.6666666666666666]}], argument2=RegistryEntryHolder[function=Direct{UnaryOperation[type=ABS, input=RegistryEntryHolder[function=Direct{Wrapping[type=FlatCache, wrapped=RegistryEntryHolder[function=Direct{ShiftedNoise[shiftX=RegistryEntryHolder[function=Direct{Wrapping[type=FlatCache, wrapped=RegistryEntryHolder[function=Direct{Wrapping[type=Cache2D, wrapped=RegistryEntryHolder[function=Direct{ShiftA[offsetNoise=Noise[noiseData=Reference{ResourceKey[minecraft:worldgen/noise / minecraft:offset]=NoiseParameters[firstOctave=-3, amplitudes=[1.0, 1.0, 1.0, 0.0]]}, noise=net.minecraft.util.math.noise.DoublePerlinNoiseSampler@7977c5ae]]}]]}]]}], shiftY=RegistryEntryHolder[function=Direct{Constant[value=0.0]}], shiftZ=RegistryEntryHolder[function=Direct{Wrapping[type=FlatCache, wrapped=RegistryEntryHolder[function=Direct{Wrapping[type=Cache2D, wrapped=RegistryEntryHolder[function=Direct{ShiftB[offsetNoise=Noise[noiseData=Reference{ResourceKey[minecraft:worldgen/noise / minecraft:offset]=NoiseParameters[firstOctave=-3, amplitudes=[1.0, 1.0, 1.0, 0.0]]}, noise=net.minecraft.util.math.noise.DoublePerlinNoiseSampler@7977c5ae]]}]]}]]}], xzScale=0.25, yScale=0.0, noise=Noise[noiseData=Reference{ResourceKey[minecraft:worldgen/noise / minecraft:ridge]=NoiseParameters[firstOctave=-7, amplitudes=[1.0, 2.0, 1.0, 0.0, 0.0, 0.0]]}, noise=net.minecraft.util.math.noise.DoublePerlinNoiseSampler@29ecbef]]}]]}], minValue=0.0, maxValue=5.7142857142857135]}], minValue=-0.6666666666666666, maxValue=5.047619047619047]}], minValue=0.0, maxValue=5.047619047619047]}], minValue=-0.3333333333333333, maxValue=4.7142857142857135]}], minValue=-14.14285714285714, maxValue=1.0]}], locations=[F@68563756, values=[Implementation[coordinate=Coordinate[Direct{Wrapping[type=FlatCache, wrapped=RegistryEntryHolder[function=Direct{ShiftedNoise[shiftX=RegistryEntryHolder[function=Direct{Wrapping[type=FlatCache, wrapped=RegistryEntryHolder[function=Direct{Wrapping[type=Cache2D, wrapped=RegistryEntryHolder[function=Direct{ShiftA[offsetNoise=Noise[noiseData=Reference{ResourceKey[minecraft:worldgen/noise / minecraft:offset]=NoiseParameters[firstOctave=-3, amplitudes=[1.0, 1.0, 1.0, 0.0]]}, noise=net.minecraft.util.math.noise.DoublePerlinNoiseSampler@7977c5ae]]}]]}]]}], shiftY=RegistryEntryHolder[function=Direct{Constant[value=0.0]}], shiftZ=RegistryEntryHolder[function=Direct{Wrapping[type=FlatCache, wrapped=RegistryEntryHolder[function=Direct{Wrapping[type=Cache2D, wrapped=RegistryEntryHolder[function=Direct{ShiftB[offsetNoise=Noise[noiseData=Reference{ResourceKey[minecraft:worldgen/noise / minecraft:offset]=NoiseParameters[firstOctave=-3, amplitudes=[1.0, 1.0, 1.0, 0.0]]}, noise=net.minecraft.util.math.noise.DoublePerlinNoiseSampler@7977c5ae]]}]]}]]}], xzScale=0.25, yScale=0.0, noise=Noise[noiseData=Reference{ResourceKey[minecraft:worldgen/noise / minecraft:ridge]=NoiseParameters[firstOctave=-7, amplitudes=[1.0, 2.0, 1.0, 0.0, 0.0, 0.0]]}, noise=net.minecraft.util.math.noise.DoublePerlinNoiseSampler@29ecbef]]}]]}], locations=[F@4cd60351, values=[FixedFloatFunction[value=6.3], FixedFloatFunction[value=4.69]], derivatives=[F@df11695, minValue=4.69, maxValue=6.3], FixedFloatFunction[value=1.56]], derivatives=[F@168c6f3a, minValue=1.56, maxValue=6.3], Implementation[coordinate=Coordinate[Direct{BinaryOperation[type=MUL, argument1=RegistryEntryHolder[function=Direct{Constant[value=-3.0]}], argument2=RegistryEntryHolder[function=Direct{BinaryOperation[type=ADD, argument1=RegistryEntryHolder[function=Direct{Constant[value=-0.3333333333333333]}], argument2=RegistryEntryHolder[function=Direct{UnaryOperation[type=ABS, input=RegistryEntryHolder[function=Direct{BinaryOperation[type=ADD, argument1=RegistryEntryHolder[function=Direct{Constant[value=-0.6666666666666666]}], argument2=RegistryEntryHolder[function=Direct{UnaryOperation[type=ABS, input=RegistryEntryHolder[function=Direct{Wrapping[type=FlatCache, wrapped=RegistryEntryHolder[function=Direct{ShiftedNoise[shiftX=RegistryEntryHolder[function=Direct{Wrapping[type=FlatCache, wrapped=RegistryEntryHolder[function=Direct{Wrapping[type=Cache2D, wrapped=RegistryEntryHolder[function=Direct{ShiftA[offsetNoise=Noise[noiseData=Reference{ResourceKey[minecraft:worldgen/noise / minecraft:offset]=NoiseParameters[firstOctave=-3, amplitudes=[1.0, 1.0, 1.0, 0.0]]}, noise=net.minecraft.util.math.noise.DoublePerlinNoiseSampler@7977c5ae]]}]]}]]}], shiftY=RegistryEntryHolder[function=Direct{Constant[value=0.0]}], shiftZ=RegistryEntryHolder[function=Direct{Wrapping[type=FlatCache, wrapped=RegistryEntryHolder[function=Direct{Wrapping[type=Cache2D, wrapped=RegistryEntryHolder[function=Direct{ShiftB[offsetNoise=Noise[noiseData=Reference{ResourceKey[minecraft:worldgen/noise / minecraft:offset]=NoiseParameters[firstOctave=-3, amplitudes=[1.0, 1.0, 1.0, 0.0]]}, noise=net.minecraft.util.math.noise.DoublePerlinNoiseSampler@7977c5ae]]}]]}]]}], xzScale=0.25, yScale=0.0, noise=Noise[noiseData=Reference{ResourceKey[minecraft:worldgen/noise / minecraft:ridge]=NoiseParameters[firstOctave=-7, amplitudes=[1.0, 2.0, 1.0, 0.0, 0.0, 0.0]]}, noise=net.minecraft.util.math.noise.DoublePerlinNoiseSampler@29ecbef]]}]]}], minValue=0.0, maxValue=5.7142857142857135]}], minValue=-0.6666666666666666, maxValue=5.047619047619047]}], minValue=0.0, maxValue=5.047619047619047]}], minValue=-0.3333333333333333, maxValue=4.7142857142857135]}], minValue=-14.14285714285714, maxValue=1.0]}], locations=[F@4fb9063a, values=[Implementation[coordinate=Coordinate[Direct{Wrapping[type=FlatCache, wrapped=RegistryEntryHolder[function=Direct{ShiftedNoise[shiftX=RegistryEntryHolder[function=Direct{Wrapping[type=FlatCache, wrapped=RegistryEntryHolder[function=Direct{Wrapping[type=Cache2D, wrapped=RegistryEntryHolder[function=Direct{ShiftA[offsetNoise=Noise[noiseData=Reference{ResourceKey[minecraft:worldgen/noise / minecraft:offset]=NoiseParameters[firstOctave=-3, amplitudes=[1.0, 1.0, 1.0, 0.0]]}, noise=net.minecraft.util.math.noise.DoublePerlinNoiseSampler@7977c5ae]]}]]}]]}], shiftY=RegistryEntryHolder[function=Direct{Constant[value=0.0]}], shiftZ=RegistryEntryHolder[function=Direct{Wrapping[type=FlatCache, wrapped=RegistryEntryHolder[function=Direct{Wrapping[type=Cache2D, wrapped=RegistryEntryHolder[function=Direct{ShiftB[offsetNoise=Noise[noiseData=Reference{ResourceKey[minecraft:worldgen/noise / minecraft:offset]=NoiseParameters[firstOctave=-3, amplitudes=[1.0, 1.0, 1.0, 0.0]]}, noise=net.minecraft.util.math.noise.DoublePerlinNoiseSampler@7977c5ae]]}]]}]]}], xzScale=0.25, yScale=0.0, noise=Noise[noiseData=Reference{ResourceKey[minecraft:worldgen/noise / minecraft:ridge]=NoiseParameters[firstOctave=-7, amplitudes=[1.0, 2.0, 1.0, 0.0, 0.0, 0.0]]}, noise=net.minecraft.util.math.noise.DoublePerlinNoiseSampler@29ecbef]]}]]}], locations=[F@33895817, values=[FixedFloatFunction[value=6.3], FixedFloatFunction[value=4.69]], derivatives=[F@36c9a54d, minValue=4.69, maxValue=6.3], FixedFloatFunction[value=1.56]], derivatives=[F@4349e911, minValue=1.56, maxValue=6.3], Implementation[coordinate=Coordinate[Direct{BinaryOperation[type=MUL, argument1=RegistryEntryHolder[function=Direct{Constant[value=-3.0]}], argument2=RegistryEntryHolder[function=Direct{BinaryOperation[type=ADD, argument1=RegistryEntryHolder[function=Direct{Constant[value=-0.3333333333333333]}], argument2=RegistryEntryHolder[function=Direct{UnaryOperation[type=ABS, input=RegistryEntryHolder[function=Direct{BinaryOperation[type=ADD, argument1=RegistryEntryHolder[function=Direct{Constant[value=-0.6666666666666666]}], argument2=RegistryEntryHolder[function=Direct{UnaryOperation[type=ABS, input=RegistryEntryHolder[function=Direct{Wrapping[type=FlatCache, wrapped=RegistryEntryHolder[function=Direct{ShiftedNoise[shiftX=RegistryEntryHolder[function=Direct{Wrapping[type=FlatCache, wrapped=RegistryEntryHolder[function=Direct{Wrapping[type=Cache2D, wrapped=RegistryEntryHolder[function=Direct{ShiftA[offsetNoise=Noise[noiseData=Reference{ResourceKey[minecraft:worldgen/noise / minecraft:offset]=NoiseParameters[firstOctave=-3, amplitudes=[1.0, 1.0, 1.0, 0.0]]}, noise=net.minecraft.util.math.noise.DoublePerlinNoiseSampler@7977c5ae]]}]]}]]}], shiftY=RegistryEntryHolder[function=Direct{Constant[value=0.0]}], shiftZ=RegistryEntryHolder[function=Direct{Wrapping[type=FlatCache, wrapped=RegistryEntryHolder[function=Direct{Wrapping[type=Cache2D, wrapped=RegistryEntryHolder[function=Direct{ShiftB[offsetNoise=Noise[noiseData=Reference{ResourceKey[minecraft:worldgen/noise / minecraft:offset]=NoiseParameters[firstOctave=-3, amplitudes=[1.0, 1.0, 1.0, 0.0]]}, noise=net.minecraft.util.math.noise.DoublePerlinNoiseSampler@7977c5ae]]}]]}]]}], xzScale=0.25, yScale=0.0, noise=Noise[noiseData=Reference{ResourceKey[minecraft:worldgen/noise / minecraft:ridge]=NoiseParameters[firstOctave=-7, amplitudes=[1.0, 2.0, 1.0, 0.0, 0.0, 0.0]]}, noise=net.minecraft.util.math.noise.DoublePerlinNoiseSampler@29ecbef]]}]]}], minValue=0.0, maxValue=5.7142857142857135]}], minValue=-0.6666666666666666, maxValue=5.047619047619047]}], minValue=0.0, maxValue=5.047619047619047]}], minValue=-0.3333333333333333, maxValue=4.7142857142857135]}], minValue=-14.14285714285714, maxValue=1.0]}], locations=[F@44c6bf94, values=[Implementation[coordinate=Coordinate[Direct{Wrapping[type=FlatCache, wrapped=RegistryEntryHolder[function=Direct{ShiftedNoise[shiftX=RegistryEntryHolder[function=Direct{Wrapping[type=FlatCache, wrapped=RegistryEntryHolder[function=Direct{Wrapping[type=Cache2D, wrapped=RegistryEntryHolder[function=Direct{ShiftA[offsetNoise=Noise[noiseData=Reference{ResourceKey[minecraft:worldgen/noise / minecraft:offset]=NoiseParameters[firstOctave=-3, amplitudes=[1.0, 1.0, 1.0, 0.0]]}, noise=net.minecraft.util.math.noise.DoublePerlinNoiseSampler@7977c5ae]]}]]}]]}], shiftY=RegistryEntryHolder[function=Direct{Constant[value=0.0]}], shiftZ=RegistryEntryHolder[function=Direct{Wrapping[type=FlatCache, wrapped=RegistryEntryHolder[function=Direct{Wrapping[type=Cache2D, wrapped=RegistryEntryHolder[function=Direct{ShiftB[offsetNoise=Noise[noiseData=Reference{ResourceKey[minecraft:worldgen/noise / minecraft:offset]=NoiseParameters[firstOctave=-3, amplitudes=[1.0, 1.0, 1.0, 0.0]]}, noise=net.minecraft.util.math.noise.DoublePerlinNoiseSampler@7977c5ae]]}]]}]]}], xzScale=0.25, yScale=0.0, noise=Noise[noiseData=Reference{ResourceKey[minecraft:worldgen/noise / minecraft:ridge]=NoiseParameters[firstOctave=-7, amplitudes=[1.0, 2.0, 1.0, 0.0, 0.0, 0.0]]}, noise=net.minecraft.util.math.noise.DoublePerlinNoiseSampler@29ecbef]]}]]}], locations=[F@3df61efb, values=[FixedFloatFunction[value=6.3], FixedFloatFunction[value=4.69]], derivatives=[F@466e37c5, minValue=4.69, maxValue=6.3], FixedFloatFunction[value=1.37]], derivatives=[F@4a635f78, minValue=1.37, maxValue=6.3], Implementation[coordinate=Coordinate[Direct{BinaryOperation[type=MUL, argument1=RegistryEntryHolder[function=Direct{Constant[value=-3.0]}], argument2=RegistryEntryHolder[function=Direct{BinaryOperation[type=ADD, argument1=RegistryEntryHolder[function=Direct{Constant[value=-0.3333333333333333]}], argument2=RegistryEntryHolder[function=Direct{UnaryOperation[type=ABS, input=RegistryEntryHolder[function=Direct{BinaryOperation[type=ADD, argument1=RegistryEntryHolder[function=Direct{Constant[value=-0.6666666666666666]}], argument2=RegistryEntryHolder[function=Direct{UnaryOperation[type=ABS, input=RegistryEntryHolder[function=Direct{Wrapping[type=FlatCache, wrapped=RegistryEntryHolder[function=Direct{ShiftedNoise[shiftX=RegistryEntryHolder[function=Direct{Wrapping[type=FlatCache, wrapped=RegistryEntryHolder[function=Direct{Wrapping[type=Cache2D, wrapped=RegistryEntryHolder[function=Direct{ShiftA[offsetNoise=Noise[noiseData=Reference{ResourceKey[minecraft:worldgen/noise / minecraft:offset]=NoiseParameters[firstOctave=-3, amplitudes=[1.0, 1.0, 1.0, 0.0]]}, noise=net.minecraft.util.math.noise.DoublePerlinNoiseSampler@7977c5ae]]}]]}]]}], shiftY=RegistryEntryHolder[function=Direct{Constant[value=0.0]}], shiftZ=RegistryEntryHolder[function=Direct{Wrapping[type=FlatCache, wrapped=RegistryEntryHolder[function=Direct{Wrapping[type=Cache2D, wrapped=RegistryEntryHolder[function=Direct{ShiftB[offsetNoise=Noise[noiseData=Reference{ResourceKey[minecraft:worldgen/noise / minecraft:offset]=NoiseParameters[firstOctave=-3, amplitudes=[1.0, 1.0, 1.0, 0.0]]}, noise=net.minecraft.util.math.noise.DoublePerlinNoiseSampler@7977c5ae]]}]]}]]}], xzScale=0.25, yScale=0.0, noise=Noise[noiseData=Reference{ResourceKey[minecraft:worldgen/noise / minecraft:ridge]=NoiseParameters[firstOctave=-7, amplitudes=[1.0, 2.0, 1.0, 0.0, 0.0, 0.0]]}, noise=net.minecraft.util.math.noise.DoublePerlinNoiseSampler@29ecbef]]}]]}], minValue=0.0, maxValue=5.7142857142857135]}], minValue=-0.6666666666666666, maxValue=5.047619047619047]}], minValue=0.0, maxValue=5.047619047619047]}], minValue=-0.3333333333333333, maxValue=4.7142857142857135]}], minValue=-14.14285714285714, maxValue=1.0]}], locations=[F@3b2873bf, values=[Implementation[coordinate=Coordinate[Direct{Wrapping[type=FlatCache, wrapped=RegistryEntryHolder[function=Direct{ShiftedNoise[shiftX=RegistryEntryHolder[function=Direct{Wrapping[type=FlatCache, wrapped=RegistryEntryHolder[function=Direct{Wrapping[type=Cache2D, wrapped=RegistryEntryHolder[function=Direct{ShiftA[offsetNoise=Noise[noiseData=Reference{ResourceKey[minecraft:worldgen/noise / minecraft:offset]=NoiseParameters[firstOctave=-3, amplitudes=[1.0, 1.0, 1.0, 0.0]]}, noise=net.minecraft.util.math.noise.DoublePerlinNoiseSampler@7977c5ae]]}]]}]]}], shiftY=RegistryEntryHolder[function=Direct{Constant[value=0.0]}], shiftZ=RegistryEntryHolder[function=Direct{Wrapping[type=FlatCache, wrapped=RegistryEntryHolder[function=Direct{Wrapping[type=Cache2D, wrapped=RegistryEntryHolder[function=Direct{ShiftB[offsetNoise=Noise[noiseData=Reference{ResourceKey[minecraft:worldgen/noise / minecraft:offset]=NoiseParameters[firstOctave=-3, amplitudes=[1.0, 1.0, 1.0, 0.0]]}, noise=net.minecraft.util.math.noise.DoublePerlinNoiseSampler@7977c5ae]]}]]}]]}], xzScale=0.25, yScale=0.0, noise=Noise[noiseData=Reference{ResourceKey[minecraft:worldgen/noise / minecraft:ridge]=NoiseParameters[firstOctave=-7, amplitudes=[1.0, 2.0, 1.0, 0.0, 0.0, 0.0]]}, noise=net.minecraft.util.math.noise.DoublePerlinNoiseSampler@29ecbef]]}]]}], locations=[F@36a4b3e7, values=[FixedFloatFunction[value=6.3], FixedFloatFunction[value=4.69]], derivatives=[F@1436ae9, minValue=4.69, maxValue=6.3], FixedFloatFunction[value=1.37]], derivatives=[F@518b7d26, minValue=1.37, maxValue=6.3], FixedFloatFunction[value=4.69]], derivatives=[F@29465923, minValue=1.37, maxValue=6.3]], derivatives=[F@3aeefc67, minValue=0.625, maxValue=6.3]]}], minValue=-9.375, maxValue=-3.6999998092651367]}], minValue=-9.375, maxValue=-3.6999998092651367]}], minValue=0.625, maxValue=6.300000190734863]}]]}]]}], minValue=-68.36539433573883, maxValue=40.62990528813529]}], minValue=-17.091348583934707, maxValue=40.62990528813529]}], minValue=-68.36539433573883, maxValue=162.51962115254116]}], argument2=RegistryEntryHolder[function=Direct{net.minecraft.util.math.noise.InterpolatedNoiseSampler@1b54bad6}], minValue=-155.91689433573885, maxValue=250.0711211525412]}], minInclusive=-1000000.0, maxExclusive=1.5625, whenInRange=RegistryEntryHolder[function=Direct{BinaryOperation[type=MIN, argument1=RegistryEntryHolder[function=Direct{BinaryOperation[type=ADD, argument1=RegistryEntryHolder[function=Direct{BinaryOperation[type=MUL, argument1=RegistryEntryHolder[function=Direct{Constant[value=4.0]}], argument2=RegistryEntryHolder[function=Direct{UnaryOperation[type=QUARTER_NEGATIVE, input=RegistryEntryHolder[function=Direct{BinaryOperation[type=MUL, argument1=RegistryEntryHolder[function=Direct{BinaryOperation[type=ADD, argument1=RegistryEntryHolder[function=Direct{BinaryOperation[type=ADD, argument1=RegistryEntryHolder[function=Direct{YClampedGradient[fromY=-64, toY=320, fromValue=1.5, toValue=-1.5]}], argument2=RegistryEntryHolder[function=Direct{Wrapping[type=FlatCache, wrapped=RegistryEntryHolder[function=Direct{Wrapping[type=Cache2D, wrapped=RegistryEntryHolder[function=Direct{BinaryOperation[type=ADD, argument1=RegistryEntryHolder[function=Direct{BinaryOperation[type=MUL, argument1=RegistryEntryHolder[function=Direct{INSTANCE}], argument2=RegistryEntryHolder[function=Direct{BinaryOperation[type=ADD, argument1=RegistryEntryHolder[function=Direct{Constant[value=1.0]}], argument2=RegistryEntryHolder[function=Direct{BinaryOperation[type=MUL, argument1=RegistryEntryHolder[function=Direct{Constant[value=-1.0]}], argument2=RegistryEntryHolder[function=Direct{Wrapping[type=CacheOnce, wrapped=RegistryEntryHolder[function=Direct{INSTANCE}]]}], minValue=-1.0, maxValue=-1.0]}], minValue=0.0, maxValue=0.0]}], minValue=0.0, maxValue=0.0]}], argument2=RegistryEntryHolder[function=Direct{BinaryOperation[type=MUL, argument1=RegistryEntryHolder[function=Direct{BinaryOperation[type=ADD, argument1=RegistryEntryHolder[function=Direct{Constant[value=-0.5037500262260437]}], argument2=RegistryEntryHolder[function=Direct{Spline[spline=Implementation[coordinate=Coordinate[Direct{Wrapping[type=FlatCache, wrapped=RegistryEntryHolder[function=Direct{ShiftedNoise[shiftX=RegistryEntryHolder[function=Direct{Wrapping[type=FlatCache, wrapped=RegistryEntryHolder[function=Direct{Wrapping[type=Cache2D, wrapped=RegistryEntryHolder[function=Direct{ShiftA[offsetNoise=Noise[noiseData=Reference{ResourceKey[minecraft:worldgen/noise / minecraft:offset]=NoiseParameters[firstOctave=-3, amplitudes=[1.0, 1.0, 1.0, 0.0]]}, noise=net.minecraft.util.math.noise.DoublePerlinNoiseSampler@7977c5ae]]}]]}]]}], shiftY=RegistryEntryHolder[function=Direct{Constant[value=0.0]}], shiftZ=RegistryEntryHolder[function=Direct{Wrapping[type=FlatCache, wrapped=RegistryEntryHolder[function=Direct{Wrapping[type=Cache2D, wrapped=RegistryEntryHolder[function=Direct{ShiftB[offsetNoise=Noise[noiseData=Reference{ResourceKey[minecraft:worldgen/noise / minecraft:offset]=NoiseParameters[firstOctave=-3, amplitudes=[1.0, 1.0, 1.0, 0.0]]}, noise=net.minecraft.util.math.noise.DoublePerlinNoiseSampler@7977c5ae]]}]]}]]}], xzScale=0.25, yScale=0.0, noise=Noise[noiseData=Reference{ResourceKey[minecraft:worldgen/noise / minecraft:continentalness]=NoiseParameters[firstOctave=-9, amplitudes=[1.0, 1.0, 2.0, 2.0, 2.0, 1.0, 1.0, 1.0, 1.0]]}, noise=net.minecraft.util.math.noise.DoublePerlinNoiseSampler@69bcde28]]}]]}], locations=[F@728f6ae, values=[FixedFloatFunction[value=0.044], FixedFloatFunction[value=-0.2222], FixedFloatFunction[value=-0.2222], FixedFloatFunction[value=-0.12], FixedFloatFunction[value=-0.12], Implementation[coordinate=Coordinate[Direct{Wrapping[type=FlatCache, wrapped=RegistryEntryHolder[function=Direct{ShiftedNoise[shiftX=RegistryEntryHolder[function=Direct{Wrapping[type=FlatCache, wrapped=RegistryEntryHolder[function=Direct{Wrapping[type=Cache2D, wrapped=RegistryEntryHolder[function=Direct{ShiftA[offsetNoise=Noise[noiseData=Reference{ResourceKey[minecraft:worldgen/noise / minecraft:offset]=NoiseParameters[firstOctave=-3, amplitudes=[1.0, 1.0, 1.0, 0.0]]}, noise=net.minecraft.util.math.noise.DoublePerlinNoiseSampler@7977c5ae]]}]]}]]}], shiftY=RegistryEntryHolder[function=Direct{Constant[value=0.0]}], shiftZ=RegistryEntryHolder[function=Direct{Wrapping[type=FlatCache, wrapped=RegistryEntryHolder[function=Direct{Wrapping[type=Cache2D, wrapped=RegistryEntryHolder[function=Direct{ShiftB[offsetNoise=Noise[noiseData=Reference{ResourceKey[minecraft:worldgen/noise / minecraft:offset]=NoiseParameters[firstOctave=-3, amplitudes=[1.0, 1.0, 1.0, 0.0]]}, noise=net.minecraft.util.math.noise.DoublePerlinNoiseSampler@7977c5ae]]}]]}]]}], xzScale=0.25, yScale=0.0, noise=Noise[noiseData=Reference{ResourceKey[minecraft:worldgen/noise / minecraft:erosion]=NoiseParameters[firstOctave=-9, amplitudes=[1.0, 1.0, 0.0, 1.0, 1.0]]}, noise=net.minecraft.util.math.noise.DoublePerlinNoiseSampler@2e212c04]]}]]}], locations=[F@369a8643, values=[Implementation[coordinate=Coordinate[Direct{BinaryOperation[type=MUL, argument1=RegistryEntryHolder[function=Direct{Constant[value=-3.0]}], argument2=RegistryEntryHolder[function=Direct{BinaryOperation[type=ADD, argument1=RegistryEntryHolder[function=Direct{Constant[value=-0.3333333333333333]}], argument2=RegistryEntryHolder[function=Direct{UnaryOperation[type=ABS, input=RegistryEntryHolder[function=Direct{BinaryOperation[type=ADD, argument1=RegistryEntryHolder[function=Direct{Constant[value=-0.6666666666666666]}], argument2=RegistryEntryHolder[function=Direct{UnaryOperation[type=ABS, input=RegistryEntryHolder[function=Direct{Wrapping[type=FlatCache, wrapped=RegistryEntryHolder[function=Direct{ShiftedNoise[shiftX=RegistryEntryHolder[function=Direct{Wrapping[type=FlatCache, wrapped=RegistryEntryHolder[function=Direct{Wrapping[type=Cache2D, wrapped=RegistryEntryHolder[function=Direct{ShiftA[offsetNoise=Noise[noiseData=Reference{ResourceKey[minecraft:worldgen/noise / minecraft:offset]=NoiseParameters[firstOctave=-3, amplitudes=[1.0, 1.0, 1.0, 0.0]]}, noise=net.minecraft.util.math.noise.DoublePerlinNoiseSampler@7977c5ae]]}]]}]]}], shiftY=RegistryEntryHolder[function=Direct{Constant[value=0.0]}], shiftZ=RegistryEntryHolder[function=Direct{Wrapping[type=FlatCache, wrapped=RegistryEntryHolder[function=Direct{Wrapping[type=Cache2D, wrapped=RegistryEntryHolder[function=Direct{ShiftB[offsetNoise=Noise[noiseData=Reference{ResourceKey[minecraft:worldgen/noise / minecraft:offset]=NoiseParameters[firstOctave=-3, amplitudes=[1.0, 1.0, 1.0, 0.0]]}, noise=net.minecraft.util.math.noise.DoublePerlinNoiseSampler@7977c5ae]]}]]}]]}], xzScale=0.25, yScale=0.0, noise=Noise[noiseData=Reference{ResourceKey[minecraft:worldgen/noise / minecraft:ridge]=NoiseParameters[firstOctave=-7, amplitudes=[1.0, 2.0, 1.0, 0.0, 0.0, 0.0]]}, noise=net.minecraft.util.math.noise.DoublePerlinNoiseSampler@29ecbef]]}]]}], minValue=0.0, maxValue=5.7142857142857135]}], minValue=-0.6666666666666666, maxValue=5.047619047619047]}], minValue=0.0, maxValue=5.047619047619047]}], minValue=-0.3333333333333333, maxValue=4.7142857142857135]}], minValue=-14.14285714285714, maxValue=1.0]}], locations=[F@31b74fd7, values=[FixedFloatFunction[value=-0.08880186], FixedFloatFunction[value=0.69000006]], derivatives=[F@10a56962, minValue=-5.206643, maxValue=0.69000006], Implementation[coordinate=Coordinate[Direct{BinaryOperation[type=MUL, argument1=RegistryEntryHolder[function=Direct{Constant[value=-3.0]}], argument2=RegistryEntryHolder[function=Direct{BinaryOperation[type=ADD, argument1=RegistryEntryHolder[function=Direct{Constant[value=-0.3333333333333333]}], argument2=RegistryEntryHolder[function=Direct{UnaryOperation[type=ABS, input=RegistryEntryHolder[function=Direct{BinaryOperation[type=ADD, argument1=RegistryEntryHolder[function=Direct{Constant[value=-0.6666666666666666]}], argument2=RegistryEntryHolder[function=Direct{UnaryOperation[type=ABS, input=RegistryEntryHolder[function=Direct{Wrapping[type=FlatCache, wrapped=RegistryEntryHolder[function=Direct{ShiftedNoise[shiftX=RegistryEntryHolder[function=Direct{Wrapping[type=FlatCache, wrapped=RegistryEntryHolder[function=Direct{Wrapping[type=Cache2D, wrapped=RegistryEntryHolder[function=Direct{ShiftA[offsetNoise=Noise[noiseData=Reference{ResourceKey[minecraft:worldgen/noise / minecraft:offset]=NoiseParameters[firstOctave=-3, amplitudes=[1.0, 1.0, 1.0, 0.0]]}, noise=net.minecraft.util.math.noise.DoublePerlinNoiseSampler@7977c5ae]]}]]}]]}], shiftY=RegistryEntryHolder[function=Direct{Constant[value=0.0]}], shiftZ=RegistryEntryHolder[function=Direct{Wrapping[type=FlatCache, wrapped=RegistryEntryHolder[function=Direct{Wrapping[type=Cache2D, wrapped=RegistryEntryHolder[function=Direct{ShiftB[offsetNoise=Noise[noiseData=Reference{ResourceKey[minecraft:worldgen/noise / minecraft:offset]=NoiseParameters[firstOctave=-3, amplitudes=[1.0, 1.0, 1.0, 0.0]]}, noise=net.minecraft.util.math.noise.DoublePerlinNoiseSampler@7977c5ae]]}]]}]]}], xzScale=0.25, yScale=0.0, noise=Noise[noiseData=Reference{ResourceKey[minecraft:worldgen/noise / minecraft:ridge]=NoiseParameters[firstOctave=-7, amplitudes=[1.0, 2.0, 1.0, 0.0, 0.0, 0.0]]}, noise=net.minecraft.util.math.noise.DoublePerlinNoiseSampler@29ecbef]]}]]}], minValue=0.0, maxValue=5.7142857142857135]}], minValue=-0.6666666666666666, maxValue=5.047619047619047]}], minValue=0.0, maxValue=5.047619047619047]}], minValue=-0.3333333333333333, maxValue=4.7142857142857135]}], minValue=-14.14285714285714, maxValue=1.0]}], locations=[F@50f8605e, values=[FixedFloatFunction[value=-0.115760356], FixedFloatFunction[value=0.6400001]], derivatives=[F@32b25c9c, minValue=-5.082186, maxValue=0.6400001], Implementation[coordinate=Coordinate[Direct{BinaryOperation[type=MUL, argument1=RegistryEntryHolder[function=Direct{Constant[value=-3.0]}], argument2=RegistryEntryHolder[function=Direct{BinaryOperation[type=ADD, argument1=RegistryEntryHolder[function=Direct{Constant[value=-0.3333333333333333]}], argument2=RegistryEntryHolder[function=Direct{UnaryOperation[type=ABS, input=RegistryEntryHolder[function=Direct{BinaryOperation[type=ADD, argument1=RegistryEntryHolder[function=Direct{Constant[value=-0.6666666666666666]}], argument2=RegistryEntryHolder[function=Direct{UnaryOperation[type=ABS, input=RegistryEntryHolder[function=Direct{Wrapping[type=FlatCache, wrapped=RegistryEntryHolder[function=Direct{ShiftedNoise[shiftX=RegistryEntryHolder[function=Direct{Wrapping[type=FlatCache, wrapped=RegistryEntryHolder[function=Direct{Wrapping[type=Cache2D, wrapped=RegistryEntryHolder[function=Direct{ShiftA[offsetNoise=Noise[noiseData=Reference{ResourceKey[minecraft:worldgen/noise / minecraft:offset]=NoiseParameters[firstOctave=-3, amplitudes=[1.0, 1.0, 1.0, 0.0]]}, noise=net.minecraft.util.math.noise.DoublePerlinNoiseSampler@7977c5ae]]}]]}]]}], shiftY=RegistryEntryHolder[function=Direct{Constant[value=0.0]}], shiftZ=RegistryEntryHolder[function=Direct{Wrapping[type=FlatCache, wrapped=RegistryEntryHolder[function=Direct{Wrapping[type=Cache2D, wrapped=RegistryEntryHolder[function=Direct{ShiftB[offsetNoise=Noise[noiseData=Reference{ResourceKey[minecraft:worldgen/noise / minecraft:offset]=NoiseParameters[firstOctave=-3, amplitudes=[1.0, 1.0, 1.0, 0.0]]}, noise=net.minecraft.util.math.noise.DoublePerlinNoiseSampler@7977c5ae]]}]]}]]}], xzScale=0.25, yScale=0.0, noise=Noise[noiseData=Reference{ResourceKey[minecraft:worldgen/noise / minecraft:ridge]=NoiseParameters[firstOctave=-7, amplitudes=[1.0, 2.0, 1.0, 0.0, 0.0, 0.0]]}, noise=net.minecraft.util.math.noise.DoublePerlinNoiseSampler@29ecbef]]}]]}], minValue=0.0, maxValue=5.7142857142857135]}], minValue=-0.6666666666666666, maxValue=5.047619047619047]}], minValue=0.0, maxValue=5.047619047619047]}], minValue=-0.3333333333333333, maxValue=4.7142857142857135]}], minValue=-14.14285714285714, maxValue=1.0]}], locations=[F@397074ea, values=[FixedFloatFunction[value=-0.2222], FixedFloatFunction[value=-0.2222], FixedFloatFunction[value=0.0], FixedFloatFunction[value=2.9802322E-8], FixedFloatFunction[value=2.9802322E-8], FixedFloatFunction[value=0.100000024]], derivatives=[F@225f4df, minValue=-0.2222, maxValue=0.100000024], Implementation[coordinate=Coordinate[Direct{BinaryOperation[type=MUL, argument1=RegistryEntryHolder[function=Direct{Constant[value=-3.0]}], argument2=RegistryEntryHolder[function=Direct{BinaryOperation[type=ADD, argument1=RegistryEntryHolder[function=Direct{Constant[value=-0.3333333333333333]}], argument2=RegistryEntryHolder[function=Direct{UnaryOperation[type=ABS, input=RegistryEntryHolder[function=Direct{BinaryOperation[type=ADD, argument1=RegistryEntryHolder[function=Direct{Constant[value=-0.6666666666666666]}], argument2=RegistryEntryHolder[function=Direct{UnaryOperation[type=ABS, input=RegistryEntryHolder[function=Direct{Wrapping[type=FlatCache, wrapped=RegistryEntryHolder[function=Direct{ShiftedNoise[shiftX=RegistryEntryHolder[function=Direct{Wrapping[type=FlatCache, wrapped=RegistryEntryHolder[function=Direct{Wrapping[type=Cache2D, wrapped=RegistryEntryHolder[function=Direct{ShiftA[offsetNoise=Noise[noiseData=Reference{ResourceKey[minecraft:worldgen/noise / minecraft:offset]=NoiseParameters[firstOctave=-3, amplitudes=[1.0, 1.0, 1.0, 0.0]]}, noise=net.minecraft.util.math.noise.DoublePerlinNoiseSampler@7977c5ae]]}]]}]]}], shiftY=RegistryEntryHolder[function=Direct{Constant[value=0.0]}], shiftZ=RegistryEntryHolder[function=Direct{Wrapping[type=FlatCache, wrapped=RegistryEntryHolder[function=Direct{Wrapping[type=Cache2D, wrapped=RegistryEntryHolder[function=Direct{ShiftB[offsetNoise=Noise[noiseData=Reference{ResourceKey[minecraft:worldgen/noise / minecraft:offset]=NoiseParameters[firstOctave=-3, amplitudes=[1.0, 1.0, 1.0, 0.0]]}, noise=net.minecraft.util.math.noise.DoublePerlinNoiseSampler@7977c5ae]]}]]}]]}], xzScale=0.25, yScale=0.0, noise=Noise[noiseData=Reference{ResourceKey[minecraft:worldgen/noise / minecraft:ridge]=NoiseParameters[firstOctave=-7, amplitudes=[1.0, 2.0, 1.0, 0.0, 0.0, 0.0]]}, noise=net.minecraft.util.math.noise.DoublePerlinNoiseSampler@29ecbef]]}]]}], minValue=0.0, maxValue=5.7142857142857135]}], minValue=-0.6666666666666666, maxValue=5.047619047619047]}], minValue=0.0, maxValue=5.047619047619047]}], minValue=-0.3333333333333333, maxValue=4.7142857142857135]}], minValue=-14.14285714285714, maxValue=1.0]}], locations=[F@114c9e55, values=[FixedFloatFunction[value=-0.3], FixedFloatFunction[value=0.05], FixedFloatFunction[value=0.05], FixedFloatFunction[value=0.05], FixedFloatFunction[value=0.060000002]], derivatives=[F@313a665c, minValue=-6.871429, maxValue=0.1375], Implementation[coordinate=Coordinate[Direct{BinaryOperation[type=MUL, argument1=RegistryEntryHolder[function=Direct{Constant[value=-3.0]}], argument2=RegistryEntryHolder[function=Direct{BinaryOperation[type=ADD, argument1=RegistryEntryHolder[function=Direct{Constant[value=-0.3333333333333333]}], argument2=RegistryEntryHolder[function=Direct{UnaryOperation[type=ABS, input=RegistryEntryHolder[function=Direct{BinaryOperation[type=ADD, argument1=RegistryEntryHolder[function=Direct{Constant[value=-0.6666666666666666]}], argument2=RegistryEntryHolder[function=Direct{UnaryOperation[type=ABS, input=RegistryEntryHolder[function=Direct{Wrapping[type=FlatCache, wrapped=RegistryEntryHolder[function=Direct{ShiftedNoise[shiftX=RegistryEntryHolder[function=Direct{Wrapping[type=FlatCache, wrapped=RegistryEntryHolder[function=Direct{Wrapping[type=Cache2D, wrapped=RegistryEntryHolder[function=Direct{ShiftA[offsetNoise=Noise[noiseData=Reference{ResourceKey[minecraft:worldgen/noise / minecraft:offset]=NoiseParameters[firstOctave=-3, amplitudes=[1.0, 1.0, 1.0, 0.0]]}, noise=net.minecraft.util.math.noise.DoublePerlinNoiseSampler@7977c5ae]]}]]}]]}], shiftY=RegistryEntryHolder[function=Direct{Constant[value=0.0]}], shiftZ=RegistryEntryHolder[function=Direct{Wrapping[type=FlatCache, wrapped=RegistryEntryHolder[function=Direct{Wrapping[type=Cache2D, wrapped=RegistryEntryHolder[function=Direct{ShiftB[offsetNoise=Noise[noiseData=Reference{ResourceKey[minecraft:worldgen/noise / minecraft:offset]=NoiseParameters[firstOctave=-3, amplitudes=[1.0, 1.0, 1.0, 0.0]]}, noise=net.minecraft.util.math.noise.DoublePerlinNoiseSampler@7977c5ae]]}]]}]]}], xzScale=0.25, yScale=0.0, noise=Noise[noiseData=Reference{ResourceKey[minecraft:worldgen/noise / minecraft:ridge]=NoiseParameters[firstOctave=-7, amplitudes=[1.0, 2.0, 1.0, 0.0, 0.0, 0.0]]}, noise=net.minecraft.util.math.noise.DoublePerlinNoiseSampler@29ecbef]]}]]}], minValue=0.0, maxValue=5.7142857142857135]}], minValue=-0.6666666666666666, maxValue=5.047619047619047]}], minValue=0.0, maxValue=5.047619047619047]}], minValue=-0.3333333333333333, maxValue=4.7142857142857135]}], minValue=-14.14285714285714, maxValue=1.0]}], locations=[F@bd783b5, values=[FixedFloatFunction[value=-0.15], FixedFloatFunction[value=0.0], FixedFloatFunction[value=0.0], FixedFloatFunction[value=0.05], FixedFloatFunction[value=0.060000002]], derivatives=[F@26791d1c, minValue=-6.721429, maxValue=0.072500005], Implementation[coordinate=Coordinate[Direct{BinaryOperation[type=MUL, argument1=RegistryEntryHolder[function=Direct{Constant[value=-3.0]}], argument2=RegistryEntryHolder[function=Direct{BinaryOperation[type=ADD, argument1=RegistryEntryHolder[function=Direct{Constant[value=-0.3333333333333333]}], argument2=RegistryEntryHolder[function=Direct{UnaryOperation[type=ABS, input=RegistryEntryHolder[function=Direct{BinaryOperation[type=ADD, argument1=RegistryEntryHolder[function=Direct{Constant[value=-0.6666666666666666]}], argument2=RegistryEntryHolder[function=Direct{UnaryOperation[type=ABS, input=RegistryEntryHolder[function=Direct{Wrapping[type=FlatCache, wrapped=RegistryEntryHolder[function=Direct{ShiftedNoise[shiftX=RegistryEntryHolder[function=Direct{Wrapping[type=FlatCache, wrapped=RegistryEntryHolder[function=Direct{Wrapping[type=Cache2D, wrapped=RegistryEntryHolder[function=Direct{ShiftA[offsetNoise=Noise[noiseData=Reference{ResourceKey[minecraft:worldgen/noise / minecraft:offset]=NoiseParameters[firstOctave=-3, amplitudes=[1.0, 1.0, 1.0, 0.0]]}, noise=net.minecraft.util.math.noise.DoublePerlinNoiseSampler@7977c5ae]]}]]}]]}], shiftY=RegistryEntryHolder[function=Direct{Constant[value=0.0]}], shiftZ=RegistryEntryHolder[function=Direct{Wrapping[type=FlatCache, wrapped=RegistryEntryHolder[function=Direct{Wrapping[type=Cache2D, wrapped=RegistryEntryHolder[function=Direct{ShiftB[offsetNoise=Noise[noiseData=Reference{ResourceKey[minecraft:worldgen/noise / minecraft:offset]=NoiseParameters[firstOctave=-3, amplitudes=[1.0, 1.0, 1.0, 0.0]]}, noise=net.minecraft.util.math.noise.DoublePerlinNoiseSampler@7977c5ae]]}]]}]]}], xzScale=0.25, yScale=0.0, noise=Noise[noiseData=Reference{ResourceKey[minecraft:worldgen/noise / minecraft:ridge]=NoiseParameters[firstOctave=-7, amplitudes=[1.0, 2.0, 1.0, 0.0, 0.0, 0.0]]}, noise=net.minecraft.util.math.noise.DoublePerlinNoiseSampler@29ecbef]]}]]}], minValue=0.0, maxValue=5.7142857142857135]}], minValue=-0.6666666666666666, maxValue=5.047619047619047]}], minValue=0.0, maxValue=5.047619047619047]}], minValue=-0.3333333333333333, maxValue=4.7142857142857135]}], minValue=-14.14285714285714, maxValue=1.0]}], locations=[F@533281b0, values=[FixedFloatFunction[value=-0.15], FixedFloatFunction[value=0.0], FixedFloatFunction[value=0.0], FixedFloatFunction[value=0.0], FixedFloatFunction[value=0.0]], derivatives=[F@3158050c, minValue=-6.721429, maxValue=0.0375], Implementation[coordinate=Coordinate[Direct{BinaryOperation[type=MUL, argument1=RegistryEntryHolder[function=Direct{Constant[value=-3.0]}], argument2=RegistryEntryHolder[function=Direct{BinaryOperation[type=ADD, argument1=RegistryEntryHolder[function=Direct{Constant[value=-0.3333333333333333]}], argument2=RegistryEntryHolder[function=Direct{UnaryOperation[type=ABS, input=RegistryEntryHolder[function=Direct{BinaryOperation[type=ADD, argument1=RegistryEntryHolder[function=Direct{Constant[value=-0.6666666666666666]}], argument2=RegistryEntryHolder[function=Direct{UnaryOperation[type=ABS, input=RegistryEntryHolder[function=Direct{Wrapping[type=FlatCache, wrapped=RegistryEntryHolder[function=Direct{ShiftedNoise[shiftX=RegistryEntryHolder[function=Direct{Wrapping[type=FlatCache, wrapped=RegistryEntryHolder[function=Direct{Wrapping[type=Cache2D, wrapped=RegistryEntryHolder[function=Direct{ShiftA[offsetNoise=Noise[noiseData=Reference{ResourceKey[minecraft:worldgen/noise / minecraft:offset]=NoiseParameters[firstOctave=-3, amplitudes=[1.0, 1.0, 1.0, 0.0]]}, noise=net.minecraft.util.math.noise.DoublePerlinNoiseSampler@7977c5ae]]}]]}]]}], shiftY=RegistryEntryHolder[function=Direct{Constant[value=0.0]}], shiftZ=RegistryEntryHolder[function=Direct{Wrapping[type=FlatCache, wrapped=RegistryEntryHolder[function=Direct{Wrapping[type=Cache2D, wrapped=RegistryEntryHolder[function=Direct{ShiftB[offsetNoise=Noise[noiseData=Reference{ResourceKey[minecraft:worldgen/noise / minecraft:offset]=NoiseParameters[firstOctave=-3, amplitudes=[1.0, 1.0, 1.0, 0.0]]}, noise=net.minecraft.util.math.noise.DoublePerlinNoiseSampler@7977c5ae]]}]]}]]}], xzScale=0.25, yScale=0.0, noise=Noise[noiseData=Reference{ResourceKey[minecraft:worldgen/noise / minecraft:ridge]=NoiseParameters[firstOctave=-7, amplitudes=[1.0, 2.0, 1.0, 0.0, 0.0, 0.0]]}, noise=net.minecraft.util.math.noise.DoublePerlinNoiseSampler@29ecbef]]}]]}], minValue=0.0, maxValue=5.7142857142857135]}], minValue=-0.6666666666666666, maxValue=5.047619047619047]}], minValue=0.0, maxValue=5.047619047619047]}], minValue=-0.3333333333333333, maxValue=4.7142857142857135]}], minValue=-14.14285714285714, maxValue=1.0]}], locations=[F@6a5e2b9, values=[FixedFloatFunction[value=-0.02], FixedFloatFunction[value=-0.03], FixedFloatFunction[value=-0.03], FixedFloatFunction[value=0.0], FixedFloatFunction[value=0.0]], derivatives=[F@685a8e8c, minValue=-0.037499998, maxValue=0.009000001]], derivatives=[F@2fa2bd36, minValue=-6.871429, maxValue=0.69000006], Implementation[coordinate=Coordinate[Direct{Wrapping[type=FlatCache, wrapped=RegistryEntryHolder[function=Direct{ShiftedNoise[shiftX=RegistryEntryHolder[function=Direct{Wrapping[type=FlatCache, wrapped=RegistryEntryHolder[function=Direct{Wrapping[type=Cache2D, wrapped=RegistryEntryHolder[function=Direct{ShiftA[offsetNoise=Noise[noiseData=Reference{ResourceKey[minecraft:worldgen/noise / minecraft:offset]=NoiseParameters[firstOctave=-3, amplitudes=[1.0, 1.0, 1.0, 0.0]]}, noise=net.minecraft.util.math.noise.DoublePerlinNoiseSampler@7977c5ae]]}]]}]]}], shiftY=RegistryEntryHolder[function=Direct{Constant[value=0.0]}], shiftZ=RegistryEntryHolder[function=Direct{Wrapping[type=FlatCache, wrapped=RegistryEntryHolder[function=Direct{Wrapping[type=Cache2D, wrapped=RegistryEntryHolder[function=Direct{ShiftB[offsetNoise=Noise[noiseData=Reference{ResourceKey[minecraft:worldgen/noise / minecraft:offset]=NoiseParameters[firstOctave=-3, amplitudes=[1.0, 1.0, 1.0, 0.0]]}, noise=net.minecraft.util.math.noise.DoublePerlinNoiseSampler@7977c5ae]]}]]}]]}], xzScale=0.25, yScale=0.0, noise=Noise[noiseData=Reference{ResourceKey[minecraft:worldgen/noise / minecraft:erosion]=NoiseParameters[firstOctave=-9, amplitudes=[1.0, 1.0, 0.0, 1.0, 1.0]]}, noise=net.minecraft.util.math.noise.DoublePerlinNoiseSampler@2e212c04]]}]]}], locations=[F@5e23bdab, values=[Implementation[coordinate=Coordinate[Direct{BinaryOperation[type=MUL, argument1=RegistryEntryHolder[function=Direct{Constant[value=-3.0]}], argument2=RegistryEntryHolder[function=Direct{BinaryOperation[type=ADD, argument1=RegistryEntryHolder[function=Direct{Constant[value=-0.3333333333333333]}], argument2=RegistryEntryHolder[function=Direct{UnaryOperation[type=ABS, input=RegistryEntryHolder[function=Direct{BinaryOperation[type=ADD, argument1=RegistryEntryHolder[function=Direct{Constant[value=-0.6666666666666666]}], argument2=RegistryEntryHolder[function=Direct{UnaryOperation[type=ABS, input=RegistryEntryHolder[function=Direct{Wrapping[type=FlatCache, wrapped=RegistryEntryHolder[function=Direct{ShiftedNoise[shiftX=RegistryEntryHolder[function=Direct{Wrapping[type=FlatCache, wrapped=RegistryEntryHolder[function=Direct{Wrapping[type=Cache2D, wrapped=RegistryEntryHolder[function=Direct{ShiftA[offsetNoise=Noise[noiseData=Reference{ResourceKey[minecraft:worldgen/noise / minecraft:offset]=NoiseParameters[firstOctave=-3, amplitudes=[1.0, 1.0, 1.0, 0.0]]}, noise=net.minecraft.util.math.noise.DoublePerlinNoiseSampler@7977c5ae]]}]]}]]}], shiftY=RegistryEntryHolder[function=Direct{Constant[value=0.0]}], shiftZ=RegistryEntryHolder[function=Direct{Wrapping[type=FlatCache, wrapped=RegistryEntryHolder[function=Direct{Wrapping[type=Cache2D, wrapped=RegistryEntryHolder[function=Direct{ShiftB[offsetNoise=Noise[noiseData=Reference{ResourceKey[minecraft:worldgen/noise / minecraft:offset]=NoiseParameters[firstOctave=-3, amplitudes=[1.0, 1.0, 1.0, 0.0]]}, noise=net.minecraft.util.math.noise.DoublePerlinNoiseSampler@7977c5ae]]}]]}]]}], xzScale=0.25, yScale=0.0, noise=Noise[noiseData=Reference{ResourceKey[minecraft:worldgen/noise / minecraft:ridge]=NoiseParameters[firstOctave=-7, amplitudes=[1.0, 2.0, 1.0, 0.0, 0.0, 0.0]]}, noise=net.minecraft.util.math.noise.DoublePerlinNoiseSampler@29ecbef]]}]]}], minValue=0.0, maxValue=5.7142857142857135]}], minValue=-0.6666666666666666, maxValue=5.047619047619047]}], minValue=0.0, maxValue=5.047619047619047]}], minValue=-0.3333333333333333, maxValue=4.7142857142857135]}], minValue=-14.14285714285714, maxValue=1.0]}], locations=[F@77ba2cfc, values=[FixedFloatFunction[value=-0.08880186], FixedFloatFunction[value=0.69000006]], derivatives=[F@4b28e269, minValue=-5.206643, maxValue=0.69000006], Implementation[coordinate=Coordinate[Direct{BinaryOperation[type=MUL, argument1=RegistryEntryHolder[function=Direct{Constant[value=-3.0]}], argument2=RegistryEntryHolder[function=Direct{BinaryOperation[type=ADD, argument1=RegistryEntryHolder[function=Direct{Constant[value=-0.3333333333333333]}], argument2=RegistryEntryHolder[function=Direct{UnaryOperation[type=ABS, input=RegistryEntryHolder[function=Direct{BinaryOperation[type=ADD, argument1=RegistryEntryHolder[function=Direct{Constant[value=-0.6666666666666666]}], argument2=RegistryEntryHolder[function=Direct{UnaryOperation[type=ABS, input=RegistryEntryHolder[function=Direct{Wrapping[type=FlatCache, wrapped=RegistryEntryHolder[function=Direct{ShiftedNoise[shiftX=RegistryEntryHolder[function=Direct{Wrapping[type=FlatCache, wrapped=RegistryEntryHolder[function=Direct{Wrapping[type=Cache2D, wrapped=RegistryEntryHolder[function=Direct{ShiftA[offsetNoise=Noise[noiseData=Reference{ResourceKey[minecraft:worldgen/noise / minecraft:offset]=NoiseParameters[firstOctave=-3, amplitudes=[1.0, 1.0, 1.0, 0.0]]}, noise=net.minecraft.util.math.noise.DoublePerlinNoiseSampler@7977c5ae]]}]]}]]}], shiftY=RegistryEntryHolder[function=Direct{Constant[value=0.0]}], shiftZ=RegistryEntryHolder[function=Direct{Wrapping[type=FlatCache, wrapped=RegistryEntryHolder[function=Direct{Wrapping[type=Cache2D, wrapped=RegistryEntryHolder[function=Direct{ShiftB[offsetNoise=Noise[noiseData=Reference{ResourceKey[minecraft:worldgen/noise / minecraft:offset]=NoiseParameters[firstOctave=-3, amplitudes=[1.0, 1.0, 1.0, 0.0]]}, noise=net.minecraft.util.math.noise.DoublePerlinNoiseSampler@7977c5ae]]}]]}]]}], xzScale=0.25, yScale=0.0, noise=Noise[noiseData=Reference{ResourceKey[minecraft:worldgen/noise / minecraft:ridge]=NoiseParameters[firstOctave=-7, amplitudes=[1.0, 2.0, 1.0, 0.0, 0.0, 0.0]]}, noise=net.minecraft.util.math.noise.DoublePerlinNoiseSampler@29ecbef]]}]]}], minValue=0.0, maxValue=5.7142857142857135]}], minValue=-0.6666666666666666, maxValue=5.047619047619047]}], minValue=0.0, maxValue=5.047619047619047]}], minValue=-0.3333333333333333, maxValue=4.7142857142857135]}], minValue=-14.14285714285714, maxValue=1.0]}], locations=[F@71d9bd37, values=[FixedFloatFunction[value=-0.115760356], FixedFloatFunction[value=0.6400001]], derivatives=[F@32549842, minValue=-5.082186, maxValue=0.6400001], Implementation[coordinate=Coordinate[Direct{BinaryOperation[type=MUL, argument1=RegistryEntryHolder[function=Direct{Constant[value=-3.0]}], argument2=RegistryEntryHolder[function=Direct{BinaryOperation[type=ADD, argument1=RegistryEntryHolder[function=Direct{Constant[value=-0.3333333333333333]}], argument2=RegistryEntryHolder[function=Direct{UnaryOperation[type=ABS, input=RegistryEntryHolder[function=Direct{BinaryOperation[type=ADD, argument1=RegistryEntryHolder[function=Direct{Constant[value=-0.6666666666666666]}], argument2=RegistryEntryHolder[function=Direct{UnaryOperation[type=ABS, input=RegistryEntryHolder[function=Direct{Wrapping[type=FlatCache, wrapped=RegistryEntryHolder[function=Direct{ShiftedNoise[shiftX=RegistryEntryHolder[function=Direct{Wrapping[type=FlatCache, wrapped=RegistryEntryHolder[function=Direct{Wrapping[type=Cache2D, wrapped=RegistryEntryHolder[function=Direct{ShiftA[offsetNoise=Noise[noiseData=Reference{ResourceKey[minecraft:worldgen/noise / minecraft:offset]=NoiseParameters[firstOctave=-3, amplitudes=[1.0, 1.0, 1.0, 0.0]]}, noise=net.minecraft.util.math.noise.DoublePerlinNoiseSampler@7977c5ae]]}]]}]]}], shiftY=RegistryEntryHolder[function=Direct{Constant[value=0.0]}], shiftZ=RegistryEntryHolder[function=Direct{Wrapping[type=FlatCache, wrapped=RegistryEntryHolder[function=Direct{Wrapping[type=Cache2D, wrapped=RegistryEntryHolder[function=Direct{ShiftB[offsetNoise=Noise[noiseData=Reference{ResourceKey[minecraft:worldgen/noise / minecraft:offset]=NoiseParameters[firstOctave=-3, amplitudes=[1.0, 1.0, 1.0, 0.0]]}, noise=net.minecraft.util.math.noise.DoublePerlinNoiseSampler@7977c5ae]]}]]}]]}], xzScale=0.25, yScale=0.0, noise=Noise[noiseData=Reference{ResourceKey[minecraft:worldgen/noise / minecraft:ridge]=NoiseParameters[firstOctave=-7, amplitudes=[1.0, 2.0, 1.0, 0.0, 0.0, 0.0]]}, noise=net.minecraft.util.math.noise.DoublePerlinNoiseSampler@29ecbef]]}]]}], minValue=0.0, maxValue=5.7142857142857135]}], minValue=-0.6666666666666666, maxValue=5.047619047619047]}], minValue=0.0, maxValue=5.047619047619047]}], minValue=-0.3333333333333333, maxValue=4.7142857142857135]}], minValue=-14.14285714285714, maxValue=1.0]}], locations=[F@142f8f38, values=[FixedFloatFunction[value=-0.2222], FixedFloatFunction[value=-0.2222], FixedFloatFunction[value=0.0], FixedFloatFunction[value=2.9802322E-8], FixedFloatFunction[value=2.9802322E-8], FixedFloatFunction[value=0.100000024]], derivatives=[F@18980c7e, minValue=-0.2222, maxValue=0.100000024], Implementation[coordinate=Coordinate[Direct{BinaryOperation[type=MUL, argument1=RegistryEntryHolder[function=Direct{Constant[value=-3.0]}], argument2=RegistryEntryHolder[function=Direct{BinaryOperation[type=ADD, argument1=RegistryEntryHolder[function=Direct{Constant[value=-0.3333333333333333]}], argument2=RegistryEntryHolder[function=Direct{UnaryOperation[type=ABS, input=RegistryEntryHolder[function=Direct{BinaryOperation[type=ADD, argument1=RegistryEntryHolder[function=Direct{Constant[value=-0.6666666666666666]}], argument2=RegistryEntryHolder[function=Direct{UnaryOperation[type=ABS, input=RegistryEntryHolder[function=Direct{Wrapping[type=FlatCache, wrapped=RegistryEntryHolder[function=Direct{ShiftedNoise[shiftX=RegistryEntryHolder[function=Direct{Wrapping[type=FlatCache, wrapped=RegistryEntryHolder[function=Direct{Wrapping[type=Cache2D, wrapped=RegistryEntryHolder[function=Direct{ShiftA[offsetNoise=Noise[noiseData=Reference{ResourceKey[minecraft:worldgen/noise / minecraft:offset]=NoiseParameters[firstOctave=-3, amplitudes=[1.0, 1.0, 1.0, 0.0]]}, noise=net.minecraft.util.math.noise.DoublePerlinNoiseSampler@7977c5ae]]}]]}]]}], shiftY=RegistryEntryHolder[function=Direct{Constant[value=0.0]}], shiftZ=RegistryEntryHolder[function=Direct{Wrapping[type=FlatCache, wrapped=RegistryEntryHolder[function=Direct{Wrapping[type=Cache2D, wrapped=RegistryEntryHolder[function=Direct{ShiftB[offsetNoise=Noise[noiseData=Reference{ResourceKey[minecraft:worldgen/noise / minecraft:offset]=NoiseParameters[firstOctave=-3, amplitudes=[1.0, 1.0, 1.0, 0.0]]}, noise=net.minecraft.util.math.noise.DoublePerlinNoiseSampler@7977c5ae]]}]]}]]}], xzScale=0.25, yScale=0.0, noise=Noise[noiseData=Reference{ResourceKey[minecraft:worldgen/noise / minecraft:ridge]=NoiseParameters[firstOctave=-7, amplitudes=[1.0, 2.0, 1.0, 0.0, 0.0, 0.0]]}, noise=net.minecraft.util.math.noise.DoublePerlinNoiseSampler@29ecbef]]}]]}], minValue=0.0, maxValue=5.7142857142857135]}], minValue=-0.6666666666666666, maxValue=5.047619047619047]}], minValue=0.0, maxValue=5.047619047619047]}], minValue=-0.3333333333333333, maxValue=4.7142857142857135]}], minValue=-14.14285714285714, maxValue=1.0]}], locations=[F@24143a5f, values=[FixedFloatFunction[value=-0.3], FixedFloatFunction[value=0.05], FixedFloatFunction[value=0.05], FixedFloatFunction[value=0.05], FixedFloatFunction[value=0.060000002]], derivatives=[F@32143017, minValue=-6.871429, maxValue=0.1375], Implementation[coordinate=Coordinate[Direct{BinaryOperation[type=MUL, argument1=RegistryEntryHolder[function=Direct{Constant[value=-3.0]}], argument2=RegistryEntryHolder[function=Direct{BinaryOperation[type=ADD, argument1=RegistryEntryHolder[function=Direct{Constant[value=-0.3333333333333333]}], argument2=RegistryEntryHolder[function=Direct{UnaryOperation[type=ABS, input=RegistryEntryHolder[function=Direct{BinaryOperation[type=ADD, argument1=RegistryEntryHolder[function=Direct{Constant[value=-0.6666666666666666]}], argument2=RegistryEntryHolder[function=Direct{UnaryOperation[type=ABS, input=RegistryEntryHolder[function=Direct{Wrapping[type=FlatCache, wrapped=RegistryEntryHolder[function=Direct{ShiftedNoise[shiftX=RegistryEntryHolder[function=Direct{Wrapping[type=FlatCache, wrapped=RegistryEntryHolder[function=Direct{Wrapping[type=Cache2D, wrapped=RegistryEntryHolder[function=Direct{ShiftA[offsetNoise=Noise[noiseData=Reference{ResourceKey[minecraft:worldgen/noise / minecraft:offset]=NoiseParameters[firstOctave=-3, amplitudes=[1.0, 1.0, 1.0, 0.0]]}, noise=net.minecraft.util.math.noise.DoublePerlinNoiseSampler@7977c5ae]]}]]}]]}], shiftY=RegistryEntryHolder[function=Direct{Constant[value=0.0]}], shiftZ=RegistryEntryHolder[function=Direct{Wrapping[type=FlatCache, wrapped=RegistryEntryHolder[function=Direct{Wrapping[type=Cache2D, wrapped=RegistryEntryHolder[function=Direct{ShiftB[offsetNoise=Noise[noiseData=Reference{ResourceKey[minecraft:worldgen/noise / minecraft:offset]=NoiseParameters[firstOctave=-3, amplitudes=[1.0, 1.0, 1.0, 0.0]]}, noise=net.minecraft.util.math.noise.DoublePerlinNoiseSampler@7977c5ae]]}]]}]]}], xzScale=0.25, yScale=0.0, noise=Noise[noiseData=Reference{ResourceKey[minecraft:worldgen/noise / minecraft:ridge]=NoiseParameters[firstOctave=-7, amplitudes=[1.0, 2.0, 1.0, 0.0, 0.0, 0.0]]}, noise=net.minecraft.util.math.noise.DoublePerlinNoiseSampler@29ecbef]]}]]}], minValue=0.0, maxValue=5.7142857142857135]}], minValue=-0.6666666666666666, maxValue=5.047619047619047]}], minValue=0.0, maxValue=5.047619047619047]}], minValue=-0.3333333333333333, maxValue=4.7142857142857135]}], minValue=-14.14285714285714, maxValue=1.0]}], locations=[F@5aaa2f22, values=[FixedFloatFunction[value=-0.15], FixedFloatFunction[value=0.0], FixedFloatFunction[value=0.0], FixedFloatFunction[value=0.05], FixedFloatFunction[value=0.060000002]], derivatives=[F@28933f5, minValue=-6.721429, maxValue=0.072500005], Implementation[coordinate=Coordinate[Direct{BinaryOperation[type=MUL, argument1=RegistryEntryHolder[function=Direct{Constant[value=-3.0]}], argument2=RegistryEntryHolder[function=Direct{BinaryOperation[type=ADD, argument1=RegistryEntryHolder[function=Direct{Constant[value=-0.3333333333333333]}], argument2=RegistryEntryHolder[function=Direct{UnaryOperation[type=ABS, input=RegistryEntryHolder[function=Direct{BinaryOperation[type=ADD, argument1=RegistryEntryHolder[function=Direct{Constant[value=-0.6666666666666666]}], argument2=RegistryEntryHolder[function=Direct{UnaryOperation[type=ABS, input=RegistryEntryHolder[function=Direct{Wrapping[type=FlatCache, wrapped=RegistryEntryHolder[function=Direct{ShiftedNoise[shiftX=RegistryEntryHolder[function=Direct{Wrapping[type=FlatCache, wrapped=RegistryEntryHolder[function=Direct{Wrapping[type=Cache2D, wrapped=RegistryEntryHolder[function=Direct{ShiftA[offsetNoise=Noise[noiseData=Reference{ResourceKey[minecraft:worldgen/noise / minecraft:offset]=NoiseParameters[firstOctave=-3, amplitudes=[1.0, 1.0, 1.0, 0.0]]}, noise=net.minecraft.util.math.noise.DoublePerlinNoiseSampler@7977c5ae]]}]]}]]}], shiftY=RegistryEntryHolder[function=Direct{Constant[value=0.0]}], shiftZ=RegistryEntryHolder[function=Direct{Wrapping[type=FlatCache, wrapped=RegistryEntryHolder[function=Direct{Wrapping[type=Cache2D, wrapped=RegistryEntryHolder[function=Direct{ShiftB[offsetNoise=Noise[noiseData=Reference{ResourceKey[minecraft:worldgen/noise / minecraft:offset]=NoiseParameters[firstOctave=-3, amplitudes=[1.0, 1.0, 1.0, 0.0]]}, noise=net.minecraft.util.math.noise.DoublePerlinNoiseSampler@7977c5ae]]}]]}]]}], xzScale=0.25, yScale=0.0, noise=Noise[noiseData=Reference{ResourceKey[minecraft:worldgen/noise / minecraft:ridge]=NoiseParameters[firstOctave=-7, amplitudes=[1.0, 2.0, 1.0, 0.0, 0.0, 0.0]]}, noise=net.minecraft.util.math.noise.DoublePerlinNoiseSampler@29ecbef]]}]]}], minValue=0.0, maxValue=5.7142857142857135]}], minValue=-0.6666666666666666, maxValue=5.047619047619047]}], minValue=0.0, maxValue=5.047619047619047]}], minValue=-0.3333333333333333, maxValue=4.7142857142857135]}], minValue=-14.14285714285714, maxValue=1.0]}], locations=[F@74a3739, values=[FixedFloatFunction[value=-0.15], FixedFloatFunction[value=0.0], FixedFloatFunction[value=0.0], FixedFloatFunction[value=0.0], FixedFloatFunction[value=0.0]], derivatives=[F@144d2b4f, minValue=-6.721429, maxValue=0.0375], Implementation[coordinate=Coordinate[Direct{BinaryOperation[type=MUL, argument1=RegistryEntryHolder[function=Direct{Constant[value=-3.0]}], argument2=RegistryEntryHolder[function=Direct{BinaryOperation[type=ADD, argument1=RegistryEntryHolder[function=Direct{Constant[value=-0.3333333333333333]}], argument2=RegistryEntryHolder[function=Direct{UnaryOperation[type=ABS, input=RegistryEntryHolder[function=Direct{BinaryOperation[type=ADD, argument1=RegistryEntryHolder[function=Direct{Constant[value=-0.6666666666666666]}], argument2=RegistryEntryHolder[function=Direct{UnaryOperation[type=ABS, input=RegistryEntryHolder[function=Direct{Wrapping[type=FlatCache, wrapped=RegistryEntryHolder[function=Direct{ShiftedNoise[shiftX=RegistryEntryHolder[function=Direct{Wrapping[type=FlatCache, wrapped=RegistryEntryHolder[function=Direct{Wrapping[type=Cache2D, wrapped=RegistryEntryHolder[function=Direct{ShiftA[offsetNoise=Noise[noiseData=Reference{ResourceKey[minecraft:worldgen/noise / minecraft:offset]=NoiseParameters[firstOctave=-3, amplitudes=[1.0, 1.0, 1.0, 0.0]]}, noise=net.minecraft.util.math.noise.DoublePerlinNoiseSampler@7977c5ae]]}]]}]]}], shiftY=RegistryEntryHolder[function=Direct{Constant[value=0.0]}], shiftZ=RegistryEntryHolder[function=Direct{Wrapping[type=FlatCache, wrapped=RegistryEntryHolder[function=Direct{Wrapping[type=Cache2D, wrapped=RegistryEntryHolder[function=Direct{ShiftB[offsetNoise=Noise[noiseData=Reference{ResourceKey[minecraft:worldgen/noise / minecraft:offset]=NoiseParameters[firstOctave=-3, amplitudes=[1.0, 1.0, 1.0, 0.0]]}, noise=net.minecraft.util.math.noise.DoublePerlinNoiseSampler@7977c5ae]]}]]}]]}], xzScale=0.25, yScale=0.0, noise=Noise[noiseData=Reference{ResourceKey[minecraft:worldgen/noise / minecraft:ridge]=NoiseParameters[firstOctave=-7, amplitudes=[1.0, 2.0, 1.0, 0.0, 0.0, 0.0]]}, noise=net.minecraft.util.math.noise.DoublePerlinNoiseSampler@29ecbef]]}]]}], minValue=0.0, maxValue=5.7142857142857135]}], minValue=-0.6666666666666666, maxValue=5.047619047619047]}], minValue=0.0, maxValue=5.047619047619047]}], minValue=-0.3333333333333333, maxValue=4.7142857142857135]}], minValue=-14.14285714285714, maxValue=1.0]}], locations=[F@1f15d5db, values=[FixedFloatFunction[value=-0.02], FixedFloatFunction[value=-0.03], FixedFloatFunction[value=-0.03], FixedFloatFunction[value=0.0], FixedFloatFunction[value=0.0]], derivatives=[F@54485b57, minValue=-0.037499998, maxValue=0.009000001]], derivatives=[F@2ed5d18, minValue=-6.871429, maxValue=0.69000006], Implementation[coordinate=Coordinate[Direct{Wrapping[type=FlatCache, wrapped=RegistryEntryHolder[function=Direct{ShiftedNoise[shiftX=RegistryEntryHolder[function=Direct{Wrapping[type=FlatCache, wrapped=RegistryEntryHolder[function=Direct{Wrapping[type=Cache2D, wrapped=RegistryEntryHolder[function=Direct{ShiftA[offsetNoise=Noise[noiseData=Reference{ResourceKey[minecraft:worldgen/noise / minecraft:offset]=NoiseParameters[firstOctave=-3, amplitudes=[1.0, 1.0, 1.0, 0.0]]}, noise=net.minecraft.util.math.noise.DoublePerlinNoiseSampler@7977c5ae]]}]]}]]}], shiftY=RegistryEntryHolder[function=Direct{Constant[value=0.0]}], shiftZ=RegistryEntryHolder[function=Direct{Wrapping[type=FlatCache, wrapped=RegistryEntryHolder[function=Direct{Wrapping[type=Cache2D, wrapped=RegistryEntryHolder[function=Direct{ShiftB[offsetNoise=Noise[noiseData=Reference{ResourceKey[minecraft:worldgen/noise / minecraft:offset]=NoiseParameters[firstOctave=-3, amplitudes=[1.0, 1.0, 1.0, 0.0]]}, noise=net.minecraft.util.math.noise.DoublePerlinNoiseSampler@7977c5ae]]}]]}]]}], xzScale=0.25, yScale=0.0, noise=Noise[noiseData=Reference{ResourceKey[minecraft:worldgen/noise / minecraft:erosion]=NoiseParameters[firstOctave=-9, amplitudes=[1.0, 1.0, 0.0, 1.0, 1.0]]}, noise=net.minecraft.util.math.noise.DoublePerlinNoiseSampler@2e212c04]]}]]}], locations=[F@7f071959, values=[Implementation[coordinate=Coordinate[Direct{BinaryOperation[type=MUL, argument1=RegistryEntryHolder[function=Direct{Constant[value=-3.0]}], argument2=RegistryEntryHolder[function=Direct{BinaryOperation[type=ADD, argument1=RegistryEntryHolder[function=Direct{Constant[value=-0.3333333333333333]}], argument2=RegistryEntryHolder[function=Direct{UnaryOperation[type=ABS, input=RegistryEntryHolder[function=Direct{BinaryOperation[type=ADD, argument1=RegistryEntryHolder[function=Direct{Constant[value=-0.6666666666666666]}], argument2=RegistryEntryHolder[function=Direct{UnaryOperation[type=ABS, input=RegistryEntryHolder[function=Direct{Wrapping[type=FlatCache, wrapped=RegistryEntryHolder[function=Direct{ShiftedNoise[shiftX=RegistryEntryHolder[function=Direct{Wrapping[type=FlatCache, wrapped=RegistryEntryHolder[function=Direct{Wrapping[type=Cache2D, wrapped=RegistryEntryHolder[function=Direct{ShiftA[offsetNoise=Noise[noiseData=Reference{ResourceKey[minecraft:worldgen/noise / minecraft:offset]=NoiseParameters[firstOctave=-3, amplitudes=[1.0, 1.0, 1.0, 0.0]]}, noise=net.minecraft.util.math.noise.DoublePerlinNoiseSampler@7977c5ae]]}]]}]]}], shiftY=RegistryEntryHolder[function=Direct{Constant[value=0.0]}], shiftZ=RegistryEntryHolder[function=Direct{Wrapping[type=FlatCache, wrapped=RegistryEntryHolder[function=Direct{Wrapping[type=Cache2D, wrapped=RegistryEntryHolder[function=Direct{ShiftB[offsetNoise=Noise[noiseData=Reference{ResourceKey[minecraft:worldgen/noise / minecraft:offset]=NoiseParameters[firstOctave=-3, amplitudes=[1.0, 1.0, 1.0, 0.0]]}, noise=net.minecraft.util.math.noise.DoublePerlinNoiseSampler@7977c5ae]]}]]}]]}], xzScale=0.25, yScale=0.0, noise=Noise[noiseData=Reference{ResourceKey[minecraft:worldgen/noise / minecraft:ridge]=NoiseParameters[firstOctave=-7, amplitudes=[1.0, 2.0, 1.0, 0.0, 0.0, 0.0]]}, noise=net.minecraft.util.math.noise.DoublePerlinNoiseSampler@29ecbef]]}]]}], minValue=0.0, maxValue=5.7142857142857135]}], minValue=-0.6666666666666666, maxValue=5.047619047619047]}], minValue=0.0, maxValue=5.047619047619047]}], minValue=-0.3333333333333333, maxValue=4.7142857142857135]}], minValue=-14.14285714285714, maxValue=1.0]}], locations=[F@4e0db06f, values=[FixedFloatFunction[value=-0.08880186], FixedFloatFunction[value=0.69000006]], derivatives=[F@5889c81a, minValue=-5.206643, maxValue=0.69000006], Implementation[coordinate=Coordinate[Direct{BinaryOperation[type=MUL, argument1=RegistryEntryHolder[function=Direct{Constant[value=-3.0]}], argument2=RegistryEntryHolder[function=Direct{BinaryOperation[type=ADD, argument1=RegistryEntryHolder[function=Direct{Constant[value=-0.3333333333333333]}], argument2=RegistryEntryHolder[function=Direct{UnaryOperation[type=ABS, input=RegistryEntryHolder[function=Direct{BinaryOperation[type=ADD, argument1=RegistryEntryHolder[function=Direct{Constant[value=-0.6666666666666666]}], argument2=RegistryEntryHolder[function=Direct{UnaryOperation[type=ABS, input=RegistryEntryHolder[function=Direct{Wrapping[type=FlatCache, wrapped=RegistryEntryHolder[function=Direct{ShiftedNoise[shiftX=RegistryEntryHolder[function=Direct{Wrapping[type=FlatCache, wrapped=RegistryEntryHolder[function=Direct{Wrapping[type=Cache2D, wrapped=RegistryEntryHolder[function=Direct{ShiftA[offsetNoise=Noise[noiseData=Reference{ResourceKey[minecraft:worldgen/noise / minecraft:offset]=NoiseParameters[firstOctave=-3, amplitudes=[1.0, 1.0, 1.0, 0.0]]}, noise=net.minecraft.util.math.noise.DoublePerlinNoiseSampler@7977c5ae]]}]]}]]}], shiftY=RegistryEntryHolder[function=Direct{Constant[value=0.0]}], shiftZ=RegistryEntryHolder[function=Direct{Wrapping[type=FlatCache, wrapped=RegistryEntryHolder[function=Direct{Wrapping[type=Cache2D, wrapped=RegistryEntryHolder[function=Direct{ShiftB[offsetNoise=Noise[noiseData=Reference{ResourceKey[minecraft:worldgen/noise / minecraft:offset]=NoiseParameters[firstOctave=-3, amplitudes=[1.0, 1.0, 1.0, 0.0]]}, noise=net.minecraft.util.math.noise.DoublePerlinNoiseSampler@7977c5ae]]}]]}]]}], xzScale=0.25, yScale=0.0, noise=Noise[noiseData=Reference{ResourceKey[minecraft:worldgen/noise / minecraft:ridge]=NoiseParameters[firstOctave=-7, amplitudes=[1.0, 2.0, 1.0, 0.0, 0.0, 0.0]]}, noise=net.minecraft.util.math.noise.DoublePerlinNoiseSampler@29ecbef]]}]]}], minValue=0.0, maxValue=5.7142857142857135]}], minValue=-0.6666666666666666, maxValue=5.047619047619047]}], minValue=0.0, maxValue=5.047619047619047]}], minValue=-0.3333333333333333, maxValue=4.7142857142857135]}], minValue=-14.14285714285714, maxValue=1.0]}], locations=[F@30e45b8e, values=[FixedFloatFunction[value=-0.115760356], FixedFloatFunction[value=0.6400001]], derivatives=[F@77ee411a, minValue=-5.082186, maxValue=0.6400001], Implementation[coordinate=Coordinate[Direct{BinaryOperation[type=MUL, argument1=RegistryEntryHolder[function=Direct{Constant[value=-3.0]}], argument2=RegistryEntryHolder[function=Direct{BinaryOperation[type=ADD, argument1=RegistryEntryHolder[function=Direct{Constant[value=-0.3333333333333333]}], argument2=RegistryEntryHolder[function=Direct{UnaryOperation[type=ABS, input=RegistryEntryHolder[function=Direct{BinaryOperation[type=ADD, argument1=RegistryEntryHolder[function=Direct{Constant[value=-0.6666666666666666]}], argument2=RegistryEntryHolder[function=Direct{UnaryOperation[type=ABS, input=RegistryEntryHolder[function=Direct{Wrapping[type=FlatCache, wrapped=RegistryEntryHolder[function=Direct{ShiftedNoise[shiftX=RegistryEntryHolder[function=Direct{Wrapping[type=FlatCache, wrapped=RegistryEntryHolder[function=Direct{Wrapping[type=Cache2D, wrapped=RegistryEntryHolder[function=Direct{ShiftA[offsetNoise=Noise[noiseData=Reference{ResourceKey[minecraft:worldgen/noise / minecraft:offset]=NoiseParameters[firstOctave=-3, amplitudes=[1.0, 1.0, 1.0, 0.0]]}, noise=net.minecraft.util.math.noise.DoublePerlinNoiseSampler@7977c5ae]]}]]}]]}], shiftY=RegistryEntryHolder[function=Direct{Constant[value=0.0]}], shiftZ=RegistryEntryHolder[function=Direct{Wrapping[type=FlatCache, wrapped=RegistryEntryHolder[function=Direct{Wrapping[type=Cache2D, wrapped=RegistryEntryHolder[function=Direct{ShiftB[offsetNoise=Noise[noiseData=Reference{ResourceKey[minecraft:worldgen/noise / minecraft:offset]=NoiseParameters[firstOctave=-3, amplitudes=[1.0, 1.0, 1.0, 0.0]]}, noise=net.minecraft.util.math.noise.DoublePerlinNoiseSampler@7977c5ae]]}]]}]]}], xzScale=0.25, yScale=0.0, noise=Noise[noiseData=Reference{ResourceKey[minecraft:worldgen/noise / minecraft:ridge]=NoiseParameters[firstOctave=-7, amplitudes=[1.0, 2.0, 1.0, 0.0, 0.0, 0.0]]}, noise=net.minecraft.util.math.noise.DoublePerlinNoiseSampler@29ecbef]]}]]}], minValue=0.0, maxValue=5.7142857142857135]}], minValue=-0.6666666666666666, maxValue=5.047619047619047]}], minValue=0.0, maxValue=5.047619047619047]}], minValue=-0.3333333333333333, maxValue=4.7142857142857135]}], minValue=-14.14285714285714, maxValue=1.0]}], locations=[F@54431940, values=[FixedFloatFunction[value=-0.2222], FixedFloatFunction[value=-0.2222], FixedFloatFunction[value=0.0], FixedFloatFunction[value=2.9802322E-8], FixedFloatFunction[value=2.9802322E-8], FixedFloatFunction[value=0.100000024]], derivatives=[F@429cd2ca, minValue=-0.2222, maxValue=0.100000024], Implementation[coordinate=Coordinate[Direct{BinaryOperation[type=MUL, argument1=RegistryEntryHolder[function=Direct{Constant[value=-3.0]}], argument2=RegistryEntryHolder[function=Direct{BinaryOperation[type=ADD, argument1=RegistryEntryHolder[function=Direct{Constant[value=-0.3333333333333333]}], argument2=RegistryEntryHolder[function=Direct{UnaryOperation[type=ABS, input=RegistryEntryHolder[function=Direct{BinaryOperation[type=ADD, argument1=RegistryEntryHolder[function=Direct{Constant[value=-0.6666666666666666]}], argument2=RegistryEntryHolder[function=Direct{UnaryOperation[type=ABS, input=RegistryEntryHolder[function=Direct{Wrapping[type=FlatCache, wrapped=RegistryEntryHolder[function=Direct{ShiftedNoise[shiftX=RegistryEntryHolder[function=Direct{Wrapping[type=FlatCache, wrapped=RegistryEntryHolder[function=Direct{Wrapping[type=Cache2D, wrapped=RegistryEntryHolder[function=Direct{ShiftA[offsetNoise=Noise[noiseData=Reference{ResourceKey[minecraft:worldgen/noise / minecraft:offset]=NoiseParameters[firstOctave=-3, amplitudes=[1.0, 1.0, 1.0, 0.0]]}, noise=net.minecraft.util.math.noise.DoublePerlinNoiseSampler@7977c5ae]]}]]}]]}], shiftY=RegistryEntryHolder[function=Direct{Constant[value=0.0]}], shiftZ=RegistryEntryHolder[function=Direct{Wrapping[type=FlatCache, wrapped=RegistryEntryHolder[function=Direct{Wrapping[type=Cache2D, wrapped=RegistryEntryHolder[function=Direct{ShiftB[offsetNoise=Noise[noiseData=Reference{ResourceKey[minecraft:worldgen/noise / minecraft:offset]=NoiseParameters[firstOctave=-3, amplitudes=[1.0, 1.0, 1.0, 0.0]]}, noise=net.minecraft.util.math.noise.DoublePerlinNoiseSampler@7977c5ae]]}]]}]]}], xzScale=0.25, yScale=0.0, noise=Noise[noiseData=Reference{ResourceKey[minecraft:worldgen/noise / minecraft:ridge]=NoiseParameters[firstOctave=-7, amplitudes=[1.0, 2.0, 1.0, 0.0, 0.0, 0.0]]}, noise=net.minecraft.util.math.noise.DoublePerlinNoiseSampler@29ecbef]]}]]}], minValue=0.0, maxValue=5.7142857142857135]}], minValue=-0.6666666666666666, maxValue=5.047619047619047]}], minValue=0.0, maxValue=5.047619047619047]}], minValue=-0.3333333333333333, maxValue=4.7142857142857135]}], minValue=-14.14285714285714, maxValue=1.0]}], locations=[F@50b6d93c, values=[FixedFloatFunction[value=-0.25], FixedFloatFunction[value=0.05], FixedFloatFunction[value=0.05], FixedFloatFunction[value=0.05], FixedFloatFunction[value=0.060000002]], derivatives=[F@55d5b4a1, minValue=-6.821429, maxValue=0.125], Implementation[coordinate=Coordinate[Direct{BinaryOperation[type=MUL, argument1=RegistryEntryHolder[function=Direct{Constant[value=-3.0]}], argument2=RegistryEntryHolder[function=Direct{BinaryOperation[type=ADD, argument1=RegistryEntryHolder[function=Direct{Constant[value=-0.3333333333333333]}], argument2=RegistryEntryHolder[function=Direct{UnaryOperation[type=ABS, input=RegistryEntryHolder[function=Direct{BinaryOperation[type=ADD, argument1=RegistryEntryHolder[function=Direct{Constant[value=-0.6666666666666666]}], argument2=RegistryEntryHolder[function=Direct{UnaryOperation[type=ABS, input=RegistryEntryHolder[function=Direct{Wrapping[type=FlatCache, wrapped=RegistryEntryHolder[function=Direct{ShiftedNoise[shiftX=RegistryEntryHolder[function=Direct{Wrapping[type=FlatCache, wrapped=RegistryEntryHolder[function=Direct{Wrapping[type=Cache2D, wrapped=RegistryEntryHolder[function=Direct{ShiftA[offsetNoise=Noise[noiseData=Reference{ResourceKey[minecraft:worldgen/noise / minecraft:offset]=NoiseParameters[firstOctave=-3, amplitudes=[1.0, 1.0, 1.0, 0.0]]}, noise=net.minecraft.util.math.noise.DoublePerlinNoiseSampler@7977c5ae]]}]]}]]}], shiftY=RegistryEntryHolder[function=Direct{Constant[value=0.0]}], shiftZ=RegistryEntryHolder[function=Direct{Wrapping[type=FlatCache, wrapped=RegistryEntryHolder[function=Direct{Wrapping[type=Cache2D, wrapped=RegistryEntryHolder[function=Direct{ShiftB[offsetNoise=Noise[noiseData=Reference{ResourceKey[minecraft:worldgen/noise / minecraft:offset]=NoiseParameters[firstOctave=-3, amplitudes=[1.0, 1.0, 1.0, 0.0]]}, noise=net.minecraft.util.math.noise.DoublePerlinNoiseSampler@7977c5ae]]}]]}]]}], xzScale=0.25, yScale=0.0, noise=Noise[noiseData=Reference{ResourceKey[minecraft:worldgen/noise / minecraft:ridge]=NoiseParameters[firstOctave=-7, amplitudes=[1.0, 2.0, 1.0, 0.0, 0.0, 0.0]]}, noise=net.minecraft.util.math.noise.DoublePerlinNoiseSampler@29ecbef]]}]]}], minValue=0.0, maxValue=5.7142857142857135]}], minValue=-0.6666666666666666, maxValue=5.047619047619047]}], minValue=0.0, maxValue=5.047619047619047]}], minValue=-0.3333333333333333, maxValue=4.7142857142857135]}], minValue=-14.14285714285714, maxValue=1.0]}], locations=[F@19902e42, values=[FixedFloatFunction[value=-0.1], FixedFloatFunction[value=0.001], FixedFloatFunction[value=0.003], FixedFloatFunction[value=0.05], FixedFloatFunction[value=0.060000002]], derivatives=[F@3dbeb538, minValue=-6.6714287, maxValue=0.071600005], Implementation[coordinate=Coordinate[Direct{BinaryOperation[type=MUL, argument1=RegistryEntryHolder[function=Direct{Constant[value=-3.0]}], argument2=RegistryEntryHolder[function=Direct{BinaryOperation[type=ADD, argument1=RegistryEntryHolder[function=Direct{Constant[value=-0.3333333333333333]}], argument2=RegistryEntryHolder[function=Direct{UnaryOperation[type=ABS, input=RegistryEntryHolder[function=Direct{BinaryOperation[type=ADD, argument1=RegistryEntryHolder[function=Direct{Constant[value=-0.6666666666666666]}], argument2=RegistryEntryHolder[function=Direct{UnaryOperation[type=ABS, input=RegistryEntryHolder[function=Direct{Wrapping[type=FlatCache, wrapped=RegistryEntryHolder[function=Direct{ShiftedNoise[shiftX=RegistryEntryHolder[function=Direct{Wrapping[type=FlatCache, wrapped=RegistryEntryHolder[function=Direct{Wrapping[type=Cache2D, wrapped=RegistryEntryHolder[function=Direct{ShiftA[offsetNoise=Noise[noiseData=Reference{ResourceKey[minecraft:worldgen/noise / minecraft:offset]=NoiseParameters[firstOctave=-3, amplitudes=[1.0, 1.0, 1.0, 0.0]]}, noise=net.minecraft.util.math.noise.DoublePerlinNoiseSampler@7977c5ae]]}]]}]]}], shiftY=RegistryEntryHolder[function=Direct{Constant[value=0.0]}], shiftZ=RegistryEntryHolder[function=Direct{Wrapping[type=FlatCache, wrapped=RegistryEntryHolder[function=Direct{Wrapping[type=Cache2D, wrapped=RegistryEntryHolder[function=Direct{ShiftB[offsetNoise=Noise[noiseData=Reference{ResourceKey[minecraft:worldgen/noise / minecraft:offset]=NoiseParameters[firstOctave=-3, amplitudes=[1.0, 1.0, 1.0, 0.0]]}, noise=net.minecraft.util.math.noise.DoublePerlinNoiseSampler@7977c5ae]]}]]}]]}], xzScale=0.25, yScale=0.0, noise=Noise[noiseData=Reference{ResourceKey[minecraft:worldgen/noise / minecraft:ridge]=NoiseParameters[firstOctave=-7, amplitudes=[1.0, 2.0, 1.0, 0.0, 0.0, 0.0]]}, noise=net.minecraft.util.math.noise.DoublePerlinNoiseSampler@29ecbef]]}]]}], minValue=0.0, maxValue=5.7142857142857135]}], minValue=-0.6666666666666666, maxValue=5.047619047619047]}], minValue=0.0, maxValue=5.047619047619047]}], minValue=-0.3333333333333333, maxValue=4.7142857142857135]}], minValue=-14.14285714285714, maxValue=1.0]}], locations=[F@5ba7e48a, values=[FixedFloatFunction[value=-0.1], FixedFloatFunction[value=0.01], FixedFloatFunction[value=0.01], FixedFloatFunction[value=0.03], FixedFloatFunction[value=0.1]], derivatives=[F@232f33e3, minValue=-6.6714287, maxValue=0.11015], Implementation[coordinate=Coordinate[Direct{BinaryOperation[type=MUL, argument1=RegistryEntryHolder[function=Direct{Constant[value=-3.0]}], argument2=RegistryEntryHolder[function=Direct{BinaryOperation[type=ADD, argument1=RegistryEntryHolder[function=Direct{Constant[value=-0.3333333333333333]}], argument2=RegistryEntryHolder[function=Direct{UnaryOperation[type=ABS, input=RegistryEntryHolder[function=Direct{BinaryOperation[type=ADD, argument1=RegistryEntryHolder[function=Direct{Constant[value=-0.6666666666666666]}], argument2=RegistryEntryHolder[function=Direct{UnaryOperation[type=ABS, input=RegistryEntryHolder[function=Direct{Wrapping[type=FlatCache, wrapped=RegistryEntryHolder[function=Direct{ShiftedNoise[shiftX=RegistryEntryHolder[function=Direct{Wrapping[type=FlatCache, wrapped=RegistryEntryHolder[function=Direct{Wrapping[type=Cache2D, wrapped=RegistryEntryHolder[function=Direct{ShiftA[offsetNoise=Noise[noiseData=Reference{ResourceKey[minecraft:worldgen/noise / minecraft:offset]=NoiseParameters[firstOctave=-3, amplitudes=[1.0, 1.0, 1.0, 0.0]]}, noise=net.minecraft.util.math.noise.DoublePerlinNoiseSampler@7977c5ae]]}]]}]]}], shiftY=RegistryEntryHolder[function=Direct{Constant[value=0.0]}], shiftZ=RegistryEntryHolder[function=Direct{Wrapping[type=FlatCache, wrapped=RegistryEntryHolder[function=Direct{Wrapping[type=Cache2D, wrapped=RegistryEntryHolder[function=Direct{ShiftB[offsetNoise=Noise[noiseData=Reference{ResourceKey[minecraft:worldgen/noise / minecraft:offset]=NoiseParameters[firstOctave=-3, amplitudes=[1.0, 1.0, 1.0, 0.0]]}, noise=net.minecraft.util.math.noise.DoublePerlinNoiseSampler@7977c5ae]]}]]}]]}], xzScale=0.25, yScale=0.0, noise=Noise[noiseData=Reference{ResourceKey[minecraft:worldgen/noise / minecraft:ridge]=NoiseParameters[firstOctave=-7, amplitudes=[1.0, 2.0, 1.0, 0.0, 0.0, 0.0]]}, noise=net.minecraft.util.math.noise.DoublePerlinNoiseSampler@29ecbef]]}]]}], minValue=0.0, maxValue=5.7142857142857135]}], minValue=-0.6666666666666666, maxValue=5.047619047619047]}], minValue=0.0, maxValue=5.047619047619047]}], minValue=-0.3333333333333333, maxValue=4.7142857142857135]}], minValue=-14.14285714285714, maxValue=1.0]}], locations=[F@3bd5ebfa, values=[FixedFloatFunction[value=-0.02], FixedFloatFunction[value=-0.03], FixedFloatFunction[value=-0.03], FixedFloatFunction[value=0.03], FixedFloatFunction[value=0.1]], derivatives=[F@738a8ecd, minValue=-0.044999998, maxValue=0.11015]], derivatives=[F@17edb782, minValue=-6.821429, maxValue=0.69000006], Implementation[coordinate=Coordinate[Direct{Wrapping[type=FlatCache, wrapped=RegistryEntryHolder[function=Direct{ShiftedNoise[shiftX=RegistryEntryHolder[function=Direct{Wrapping[type=FlatCache, wrapped=RegistryEntryHolder[function=Direct{Wrapping[type=Cache2D, wrapped=RegistryEntryHolder[function=Direct{ShiftA[offsetNoise=Noise[noiseData=Reference{ResourceKey[minecraft:worldgen/noise / minecraft:offset]=NoiseParameters[firstOctave=-3, amplitudes=[1.0, 1.0, 1.0, 0.0]]}, noise=net.minecraft.util.math.noise.DoublePerlinNoiseSampler@7977c5ae]]}]]}]]}], shiftY=RegistryEntryHolder[function=Direct{Constant[value=0.0]}], shiftZ=RegistryEntryHolder[function=Direct{Wrapping[type=FlatCache, wrapped=RegistryEntryHolder[function=Direct{Wrapping[type=Cache2D, wrapped=RegistryEntryHolder[function=Direct{ShiftB[offsetNoise=Noise[noiseData=Reference{ResourceKey[minecraft:worldgen/noise / minecraft:offset]=NoiseParameters[firstOctave=-3, amplitudes=[1.0, 1.0, 1.0, 0.0]]}, noise=net.minecraft.util.math.noise.DoublePerlinNoiseSampler@7977c5ae]]}]]}]]}], xzScale=0.25, yScale=0.0, noise=Noise[noiseData=Reference{ResourceKey[minecraft:worldgen/noise / minecraft:erosion]=NoiseParameters[firstOctave=-9, amplitudes=[1.0, 1.0, 0.0, 1.0, 1.0]]}, noise=net.minecraft.util.math.noise.DoublePerlinNoiseSampler@2e212c04]]}]]}], locations=[F@4d073eb7, values=[Implementation[coordinate=Coordinate[Direct{BinaryOperation[type=MUL, argument1=RegistryEntryHolder[function=Direct{Constant[value=-3.0]}], argument2=RegistryEntryHolder[function=Direct{BinaryOperation[type=ADD, argument1=RegistryEntryHolder[function=Direct{Constant[value=-0.3333333333333333]}], argument2=RegistryEntryHolder[function=Direct{UnaryOperation[type=ABS, input=RegistryEntryHolder[function=Direct{BinaryOperation[type=ADD, argument1=RegistryEntryHolder[function=Direct{Constant[value=-0.6666666666666666]}], argument2=RegistryEntryHolder[function=Direct{UnaryOperation[type=ABS, input=RegistryEntryHolder[function=Direct{Wrapping[type=FlatCache, wrapped=RegistryEntryHolder[function=Direct{ShiftedNoise[shiftX=RegistryEntryHolder[function=Direct{Wrapping[type=FlatCache, wrapped=RegistryEntryHolder[function=Direct{Wrapping[type=Cache2D, wrapped=RegistryEntryHolder[function=Direct{ShiftA[offsetNoise=Noise[noiseData=Reference{ResourceKey[minecraft:worldgen/noise / minecraft:offset]=NoiseParameters[firstOctave=-3, amplitudes=[1.0, 1.0, 1.0, 0.0]]}, noise=net.minecraft.util.math.noise.DoublePerlinNoiseSampler@7977c5ae]]}]]}]]}], shiftY=RegistryEntryHolder[function=Direct{Constant[value=0.0]}], shiftZ=RegistryEntryHolder[function=Direct{Wrapping[type=FlatCache, wrapped=RegistryEntryHolder[function=Direct{Wrapping[type=Cache2D, wrapped=RegistryEntryHolder[function=Direct{ShiftB[offsetNoise=Noise[noiseData=Reference{ResourceKey[minecraft:worldgen/noise / minecraft:offset]=NoiseParameters[firstOctave=-3, amplitudes=[1.0, 1.0, 1.0, 0.0]]}, noise=net.minecraft.util.math.noise.DoublePerlinNoiseSampler@7977c5ae]]}]]}]]}], xzScale=0.25, yScale=0.0, noise=Noise[noiseData=Reference{ResourceKey[minecraft:worldgen/noise / minecraft:ridge]=NoiseParameters[firstOctave=-7, amplitudes=[1.0, 2.0, 1.0, 0.0, 0.0, 0.0]]}, noise=net.minecraft.util.math.noise.DoublePerlinNoiseSampler@29ecbef]]}]]}], minValue=0.0, maxValue=5.7142857142857135]}], minValue=-0.6666666666666666, maxValue=5.047619047619047]}], minValue=0.0, maxValue=5.047619047619047]}], minValue=-0.3333333333333333, maxValue=4.7142857142857135]}], minValue=-14.14285714285714, maxValue=1.0]}], locations=[F@591996d6, values=[FixedFloatFunction[value=0.20235021], FixedFloatFunction[value=0.7161751], FixedFloatFunction[value=1.23]], derivatives=[F@7ec287de, minValue=0.073893994, maxValue=1.23], Implementation[coordinate=Coordinate[Direct{BinaryOperation[type=MUL, argument1=RegistryEntryHolder[function=Direct{Constant[value=-3.0]}], argument2=RegistryEntryHolder[function=Direct{BinaryOperation[type=ADD, argument1=RegistryEntryHolder[function=Direct{Constant[value=-0.3333333333333333]}], argument2=RegistryEntryHolder[function=Direct{UnaryOperation[type=ABS, input=RegistryEntryHolder[function=Direct{BinaryOperation[type=ADD, argument1=RegistryEntryHolder[function=Direct{Constant[value=-0.6666666666666666]}], argument2=RegistryEntryHolder[function=Direct{UnaryOperation[type=ABS, input=RegistryEntryHolder[function=Direct{Wrapping[type=FlatCache, wrapped=RegistryEntryHolder[function=Direct{ShiftedNoise[shiftX=RegistryEntryHolder[function=Direct{Wrapping[type=FlatCache, wrapped=RegistryEntryHolder[function=Direct{Wrapping[type=Cache2D, wrapped=RegistryEntryHolder[function=Direct{ShiftA[offsetNoise=Noise[noiseData=Reference{ResourceKey[minecraft:worldgen/noise / minecraft:offset]=NoiseParameters[firstOctave=-3, amplitudes=[1.0, 1.0, 1.0, 0.0]]}, noise=net.minecraft.util.math.noise.DoublePerlinNoiseSampler@7977c5ae]]}]]}]]}], shiftY=RegistryEntryHolder[function=Direct{Constant[value=0.0]}], shiftZ=RegistryEntryHolder[function=Direct{Wrapping[type=FlatCache, wrapped=RegistryEntryHolder[function=Direct{Wrapping[type=Cache2D, wrapped=RegistryEntryHolder[function=Direct{ShiftB[offsetNoise=Noise[noiseData=Reference{ResourceKey[minecraft:worldgen/noise / minecraft:offset]=NoiseParameters[firstOctave=-3, amplitudes=[1.0, 1.0, 1.0, 0.0]]}, noise=net.minecraft.util.math.noise.DoublePerlinNoiseSampler@7977c5ae]]}]]}]]}], xzScale=0.25, yScale=0.0, noise=Noise[noiseData=Reference{ResourceKey[minecraft:worldgen/noise / minecraft:ridge]=NoiseParameters[firstOctave=-7, amplitudes=[1.0, 2.0, 1.0, 0.0, 0.0, 0.0]]}, noise=net.minecraft.util.math.noise.DoublePerlinNoiseSampler@29ecbef]]}]]}], minValue=0.0, maxValue=5.7142857142857135]}], minValue=-0.6666666666666666, maxValue=5.047619047619047]}], minValue=0.0, maxValue=5.047619047619047]}], minValue=-0.3333333333333333, maxValue=4.7142857142857135]}], minValue=-14.14285714285714, maxValue=1.0]}], locations=[F@4697e23, values=[FixedFloatFunction[value=0.2], FixedFloatFunction[value=0.44682026], FixedFloatFunction[value=0.88]], derivatives=[F@706f1a9f, minValue=0.13829494, maxValue=0.88], Implementation[coordinate=Coordinate[Direct{BinaryOperation[type=MUL, argument1=RegistryEntryHolder[function=Direct{Constant[value=-3.0]}], argument2=RegistryEntryHolder[function=Direct{BinaryOperation[type=ADD, argument1=RegistryEntryHolder[function=Direct{Constant[value=-0.3333333333333333]}], argument2=RegistryEntryHolder[function=Direct{UnaryOperation[type=ABS, input=RegistryEntryHolder[function=Direct{BinaryOperation[type=ADD, argument1=RegistryEntryHolder[function=Direct{Constant[value=-0.6666666666666666]}], argument2=RegistryEntryHolder[function=Direct{UnaryOperation[type=ABS, input=RegistryEntryHolder[function=Direct{Wrapping[type=FlatCache, wrapped=RegistryEntryHolder[function=Direct{ShiftedNoise[shiftX=RegistryEntryHolder[function=Direct{Wrapping[type=FlatCache, wrapped=RegistryEntryHolder[function=Direct{Wrapping[type=Cache2D, wrapped=RegistryEntryHolder[function=Direct{ShiftA[offsetNoise=Noise[noiseData=Reference{ResourceKey[minecraft:worldgen/noise / minecraft:offset]=NoiseParameters[firstOctave=-3, amplitudes=[1.0, 1.0, 1.0, 0.0]]}, noise=net.minecraft.util.math.noise.DoublePerlinNoiseSampler@7977c5ae]]}]]}]]}], shiftY=RegistryEntryHolder[function=Direct{Constant[value=0.0]}], shiftZ=RegistryEntryHolder[function=Direct{Wrapping[type=FlatCache, wrapped=RegistryEntryHolder[function=Direct{Wrapping[type=Cache2D, wrapped=RegistryEntryHolder[function=Direct{ShiftB[offsetNoise=Noise[noiseData=Reference{ResourceKey[minecraft:worldgen/noise / minecraft:offset]=NoiseParameters[firstOctave=-3, amplitudes=[1.0, 1.0, 1.0, 0.0]]}, noise=net.minecraft.util.math.noise.DoublePerlinNoiseSampler@7977c5ae]]}]]}]]}], xzScale=0.25, yScale=0.0, noise=Noise[noiseData=Reference{ResourceKey[minecraft:worldgen/noise / minecraft:ridge]=NoiseParameters[firstOctave=-7, amplitudes=[1.0, 2.0, 1.0, 0.0, 0.0, 0.0]]}, noise=net.minecraft.util.math.noise.DoublePerlinNoiseSampler@29ecbef]]}]]}], minValue=0.0, maxValue=5.7142857142857135]}], minValue=-0.6666666666666666, maxValue=5.047619047619047]}], minValue=0.0, maxValue=5.047619047619047]}], minValue=-0.3333333333333333, maxValue=4.7142857142857135]}], minValue=-14.14285714285714, maxValue=1.0]}], locations=[F@65559d62, values=[FixedFloatFunction[value=0.2], FixedFloatFunction[value=0.30829495], FixedFloatFunction[value=0.70000005]], derivatives=[F@fc30a61, minValue=0.12914747, maxValue=0.70000005], Implementation[coordinate=Coordinate[Direct{BinaryOperation[type=MUL, argument1=RegistryEntryHolder[function=Direct{Constant[value=-3.0]}], argument2=RegistryEntryHolder[function=Direct{BinaryOperation[type=ADD, argument1=RegistryEntryHolder[function=Direct{Constant[value=-0.3333333333333333]}], argument2=RegistryEntryHolder[function=Direct{UnaryOperation[type=ABS, input=RegistryEntryHolder[function=Direct{BinaryOperation[type=ADD, argument1=RegistryEntryHolder[function=Direct{Constant[value=-0.6666666666666666]}], argument2=RegistryEntryHolder[function=Direct{UnaryOperation[type=ABS, input=RegistryEntryHolder[function=Direct{Wrapping[type=FlatCache, wrapped=RegistryEntryHolder[function=Direct{ShiftedNoise[shiftX=RegistryEntryHolder[function=Direct{Wrapping[type=FlatCache, wrapped=RegistryEntryHolder[function=Direct{Wrapping[type=Cache2D, wrapped=RegistryEntryHolder[function=Direct{ShiftA[offsetNoise=Noise[noiseData=Reference{ResourceKey[minecraft:worldgen/noise / minecraft:offset]=NoiseParameters[firstOctave=-3, amplitudes=[1.0, 1.0, 1.0, 0.0]]}, noise=net.minecraft.util.math.noise.DoublePerlinNoiseSampler@7977c5ae]]}]]}]]}], shiftY=RegistryEntryHolder[function=Direct{Constant[value=0.0]}], shiftZ=RegistryEntryHolder[function=Direct{Wrapping[type=FlatCache, wrapped=RegistryEntryHolder[function=Direct{Wrapping[type=Cache2D, wrapped=RegistryEntryHolder[function=Direct{ShiftB[offsetNoise=Noise[noiseData=Reference{ResourceKey[minecraft:worldgen/noise / minecraft:offset]=NoiseParameters[firstOctave=-3, amplitudes=[1.0, 1.0, 1.0, 0.0]]}, noise=net.minecraft.util.math.noise.DoublePerlinNoiseSampler@7977c5ae]]}]]}]]}], xzScale=0.25, yScale=0.0, noise=Noise[noiseData=Reference{ResourceKey[minecraft:worldgen/noise / minecraft:ridge]=NoiseParameters[firstOctave=-7, amplitudes=[1.0, 2.0, 1.0, 0.0, 0.0, 0.0]]}, noise=net.minecraft.util.math.noise.DoublePerlinNoiseSampler@29ecbef]]}]]}], minValue=0.0, maxValue=5.7142857142857135]}], minValue=-0.6666666666666666, maxValue=5.047619047619047]}], minValue=0.0, maxValue=5.047619047619047]}], minValue=-0.3333333333333333, maxValue=4.7142857142857135]}], minValue=-14.14285714285714, maxValue=1.0]}], locations=[F@4094e5dc, values=[FixedFloatFunction[value=-0.25], FixedFloatFunction[value=0.35], FixedFloatFunction[value=0.35], FixedFloatFunction[value=0.35], FixedFloatFunction[value=0.42000002]], derivatives=[F@4827b4b3, minValue=-6.821429, maxValue=0.5], Implementation[coordinate=Coordinate[Direct{BinaryOperation[type=MUL, argument1=RegistryEntryHolder[function=Direct{Constant[value=-3.0]}], argument2=RegistryEntryHolder[function=Direct{BinaryOperation[type=ADD, argument1=RegistryEntryHolder[function=Direct{Constant[value=-0.3333333333333333]}], argument2=RegistryEntryHolder[function=Direct{UnaryOperation[type=ABS, input=RegistryEntryHolder[function=Direct{BinaryOperation[type=ADD, argument1=RegistryEntryHolder[function=Direct{Constant[value=-0.6666666666666666]}], argument2=RegistryEntryHolder[function=Direct{UnaryOperation[type=ABS, input=RegistryEntryHolder[function=Direct{Wrapping[type=FlatCache, wrapped=RegistryEntryHolder[function=Direct{ShiftedNoise[shiftX=RegistryEntryHolder[function=Direct{Wrapping[type=FlatCache, wrapped=RegistryEntryHolder[function=Direct{Wrapping[type=Cache2D, wrapped=RegistryEntryHolder[function=Direct{ShiftA[offsetNoise=Noise[noiseData=Reference{ResourceKey[minecraft:worldgen/noise / minecraft:offset]=NoiseParameters[firstOctave=-3, amplitudes=[1.0, 1.0, 1.0, 0.0]]}, noise=net.minecraft.util.math.noise.DoublePerlinNoiseSampler@7977c5ae]]}]]}]]}], shiftY=RegistryEntryHolder[function=Direct{Constant[value=0.0]}], shiftZ=RegistryEntryHolder[function=Direct{Wrapping[type=FlatCache, wrapped=RegistryEntryHolder[function=Direct{Wrapping[type=Cache2D, wrapped=RegistryEntryHolder[function=Direct{ShiftB[offsetNoise=Noise[noiseData=Reference{ResourceKey[minecraft:worldgen/noise / minecraft:offset]=NoiseParameters[firstOctave=-3, amplitudes=[1.0, 1.0, 1.0, 0.0]]}, noise=net.minecraft.util.math.noise.DoublePerlinNoiseSampler@7977c5ae]]}]]}]]}], xzScale=0.25, yScale=0.0, noise=Noise[noiseData=Reference{ResourceKey[minecraft:worldgen/noise / minecraft:ridge]=NoiseParameters[firstOctave=-7, amplitudes=[1.0, 2.0, 1.0, 0.0, 0.0, 0.0]]}, noise=net.minecraft.util.math.noise.DoublePerlinNoiseSampler@29ecbef]]}]]}], minValue=0.0, maxValue=5.7142857142857135]}], minValue=-0.6666666666666666, maxValue=5.047619047619047]}], minValue=0.0, maxValue=5.047619047619047]}], minValue=-0.3333333333333333, maxValue=4.7142857142857135]}], minValue=-14.14285714285714, maxValue=1.0]}], locations=[F@1d08e58, values=[FixedFloatFunction[value=-0.1], FixedFloatFunction[value=0.0069999998], FixedFloatFunction[value=0.021], FixedFloatFunction[value=0.35], FixedFloatFunction[value=0.42000002]], derivatives=[F@16d71c01, minValue=-6.6714287, maxValue=0.5012], Implementation[coordinate=Coordinate[Direct{BinaryOperation[type=MUL, argument1=RegistryEntryHolder[function=Direct{Constant[value=-3.0]}], argument2=RegistryEntryHolder[function=Direct{BinaryOperation[type=ADD, argument1=RegistryEntryHolder[function=Direct{Constant[value=-0.3333333333333333]}], argument2=RegistryEntryHolder[function=Direct{UnaryOperation[type=ABS, input=RegistryEntryHolder[function=Direct{BinaryOperation[type=ADD, argument1=RegistryEntryHolder[function=Direct{Constant[value=-0.6666666666666666]}], argument2=RegistryEntryHolder[function=Direct{UnaryOperation[type=ABS, input=RegistryEntryHolder[function=Direct{Wrapping[type=FlatCache, wrapped=RegistryEntryHolder[function=Direct{ShiftedNoise[shiftX=RegistryEntryHolder[function=Direct{Wrapping[type=FlatCache, wrapped=RegistryEntryHolder[function=Direct{Wrapping[type=Cache2D, wrapped=RegistryEntryHolder[function=Direct{ShiftA[offsetNoise=Noise[noiseData=Reference{ResourceKey[minecraft:worldgen/noise / minecraft:offset]=NoiseParameters[firstOctave=-3, amplitudes=[1.0, 1.0, 1.0, 0.0]]}, noise=net.minecraft.util.math.noise.DoublePerlinNoiseSampler@7977c5ae]]}]]}]]}], shiftY=RegistryEntryHolder[function=Direct{Constant[value=0.0]}], shiftZ=RegistryEntryHolder[function=Direct{Wrapping[type=FlatCache, wrapped=RegistryEntryHolder[function=Direct{Wrapping[type=Cache2D, wrapped=RegistryEntryHolder[function=Direct{ShiftB[offsetNoise=Noise[noiseData=Reference{ResourceKey[minecraft:worldgen/noise / minecraft:offset]=NoiseParameters[firstOctave=-3, amplitudes=[1.0, 1.0, 1.0, 0.0]]}, noise=net.minecraft.util.math.noise.DoublePerlinNoiseSampler@7977c5ae]]}]]}]]}], xzScale=0.25, yScale=0.0, noise=Noise[noiseData=Reference{ResourceKey[minecraft:worldgen/noise / minecraft:ridge]=NoiseParameters[firstOctave=-7, amplitudes=[1.0, 2.0, 1.0, 0.0, 0.0, 0.0]]}, noise=net.minecraft.util.math.noise.DoublePerlinNoiseSampler@29ecbef]]}]]}], minValue=0.0, maxValue=5.7142857142857135]}], minValue=-0.6666666666666666, maxValue=5.047619047619047]}], minValue=0.0, maxValue=5.047619047619047]}], minValue=-0.3333333333333333, maxValue=4.7142857142857135]}], minValue=-14.14285714285714, maxValue=1.0]}], locations=[F@718ab102, values=[FixedFloatFunction[value=-0.1], FixedFloatFunction[value=0.01], FixedFloatFunction[value=0.01], FixedFloatFunction[value=0.03], FixedFloatFunction[value=0.1]], derivatives=[F@47d11ac, minValue=-6.6714287, maxValue=0.11015], Implementation[coordinate=Coordinate[Direct{BinaryOperation[type=MUL, argument1=RegistryEntryHolder[function=Direct{Constant[value=-3.0]}], argument2=RegistryEntryHolder[function=Direct{BinaryOperation[type=ADD, argument1=RegistryEntryHolder[function=Direct{Constant[value=-0.3333333333333333]}], argument2=RegistryEntryHolder[function=Direct{UnaryOperation[type=ABS, input=RegistryEntryHolder[function=Direct{BinaryOperation[type=ADD, argument1=RegistryEntryHolder[function=Direct{Constant[value=-0.6666666666666666]}], argument2=RegistryEntryHolder[function=Direct{UnaryOperation[type=ABS, input=RegistryEntryHolder[function=Direct{Wrapping[type=FlatCache, wrapped=RegistryEntryHolder[function=Direct{ShiftedNoise[shiftX=RegistryEntryHolder[function=Direct{Wrapping[type=FlatCache, wrapped=RegistryEntryHolder[function=Direct{Wrapping[type=Cache2D, wrapped=RegistryEntryHolder[function=Direct{ShiftA[offsetNoise=Noise[noiseData=Reference{ResourceKey[minecraft:worldgen/noise / minecraft:offset]=NoiseParameters[firstOctave=-3, amplitudes=[1.0, 1.0, 1.0, 0.0]]}, noise=net.minecraft.util.math.noise.DoublePerlinNoiseSampler@7977c5ae]]}]]}]]}], shiftY=RegistryEntryHolder[function=Direct{Constant[value=0.0]}], shiftZ=RegistryEntryHolder[function=Direct{Wrapping[type=FlatCache, wrapped=RegistryEntryHolder[function=Direct{Wrapping[type=Cache2D, wrapped=RegistryEntryHolder[function=Direct{ShiftB[offsetNoise=Noise[noiseData=Reference{ResourceKey[minecraft:worldgen/noise / minecraft:offset]=NoiseParameters[firstOctave=-3, amplitudes=[1.0, 1.0, 1.0, 0.0]]}, noise=net.minecraft.util.math.noise.DoublePerlinNoiseSampler@7977c5ae]]}]]}]]}], xzScale=0.25, yScale=0.0, noise=Noise[noiseData=Reference{ResourceKey[minecraft:worldgen/noise / minecraft:ridge]=NoiseParameters[firstOctave=-7, amplitudes=[1.0, 2.0, 1.0, 0.0, 0.0, 0.0]]}, noise=net.minecraft.util.math.noise.DoublePerlinNoiseSampler@29ecbef]]}]]}], minValue=0.0, maxValue=5.7142857142857135]}], minValue=-0.6666666666666666, maxValue=5.047619047619047]}], minValue=0.0, maxValue=5.047619047619047]}], minValue=-0.3333333333333333, maxValue=4.7142857142857135]}], minValue=-14.14285714285714, maxValue=1.0]}], locations=[F@15afd35, values=[FixedFloatFunction[value=-0.1], FixedFloatFunction[value=0.01], FixedFloatFunction[value=0.01], FixedFloatFunction[value=0.03], FixedFloatFunction[value=0.1]], derivatives=[F@2f43ce0b, minValue=-6.6714287, maxValue=0.11015], Implementation[coordinate=Coordinate[Direct{BinaryOperation[type=MUL, argument1=RegistryEntryHolder[function=Direct{Constant[value=-3.0]}], argument2=RegistryEntryHolder[function=Direct{BinaryOperation[type=ADD, argument1=RegistryEntryHolder[function=Direct{Constant[value=-0.3333333333333333]}], argument2=RegistryEntryHolder[function=Direct{UnaryOperation[type=ABS, input=RegistryEntryHolder[function=Direct{BinaryOperation[type=ADD, argument1=RegistryEntryHolder[function=Direct{Constant[value=-0.6666666666666666]}], argument2=RegistryEntryHolder[function=Direct{UnaryOperation[type=ABS, input=RegistryEntryHolder[function=Direct{Wrapping[type=FlatCache, wrapped=RegistryEntryHolder[function=Direct{ShiftedNoise[shiftX=RegistryEntryHolder[function=Direct{Wrapping[type=FlatCache, wrapped=RegistryEntryHolder[function=Direct{Wrapping[type=Cache2D, wrapped=RegistryEntryHolder[function=Direct{ShiftA[offsetNoise=Noise[noiseData=Reference{ResourceKey[minecraft:worldgen/noise / minecraft:offset]=NoiseParameters[firstOctave=-3, amplitudes=[1.0, 1.0, 1.0, 0.0]]}, noise=net.minecraft.util.math.noise.DoublePerlinNoiseSampler@7977c5ae]]}]]}]]}], shiftY=RegistryEntryHolder[function=Direct{Constant[value=0.0]}], shiftZ=RegistryEntryHolder[function=Direct{Wrapping[type=FlatCache, wrapped=RegistryEntryHolder[function=Direct{Wrapping[type=Cache2D, wrapped=RegistryEntryHolder[function=Direct{ShiftB[offsetNoise=Noise[noiseData=Reference{ResourceKey[minecraft:worldgen/noise / minecraft:offset]=NoiseParameters[firstOctave=-3, amplitudes=[1.0, 1.0, 1.0, 0.0]]}, noise=net.minecraft.util.math.noise.DoublePerlinNoiseSampler@7977c5ae]]}]]}]]}], xzScale=0.25, yScale=0.0, noise=Noise[noiseData=Reference{ResourceKey[minecraft:worldgen/noise / minecraft:ridge]=NoiseParameters[firstOctave=-7, amplitudes=[1.0, 2.0, 1.0, 0.0, 0.0, 0.0]]}, noise=net.minecraft.util.math.noise.DoublePerlinNoiseSampler@29ecbef]]}]]}], minValue=0.0, maxValue=5.7142857142857135]}], minValue=-0.6666666666666666, maxValue=5.047619047619047]}], minValue=0.0, maxValue=5.047619047619047]}], minValue=-0.3333333333333333, maxValue=4.7142857142857135]}], minValue=-14.14285714285714, maxValue=1.0]}], locations=[F@b657840, values=[FixedFloatFunction[value=-0.1], Implementation[coordinate=Coordinate[Direct{BinaryOperation[type=MUL, argument1=RegistryEntryHolder[function=Direct{Constant[value=-3.0]}], argument2=RegistryEntryHolder[function=Direct{BinaryOperation[type=ADD, argument1=RegistryEntryHolder[function=Direct{Constant[value=-0.3333333333333333]}], argument2=RegistryEntryHolder[function=Direct{UnaryOperation[type=ABS, input=RegistryEntryHolder[function=Direct{BinaryOperation[type=ADD, argument1=RegistryEntryHolder[function=Direct{Constant[value=-0.6666666666666666]}], argument2=RegistryEntryHolder[function=Direct{UnaryOperation[type=ABS, input=RegistryEntryHolder[function=Direct{Wrapping[type=FlatCache, wrapped=RegistryEntryHolder[function=Direct{ShiftedNoise[shiftX=RegistryEntryHolder[function=Direct{Wrapping[type=FlatCache, wrapped=RegistryEntryHolder[function=Direct{Wrapping[type=Cache2D, wrapped=RegistryEntryHolder[function=Direct{ShiftA[offsetNoise=Noise[noiseData=Reference{ResourceKey[minecraft:worldgen/noise / minecraft:offset]=NoiseParameters[firstOctave=-3, amplitudes=[1.0, 1.0, 1.0, 0.0]]}, noise=net.minecraft.util.math.noise.DoublePerlinNoiseSampler@7977c5ae]]}]]}]]}], shiftY=RegistryEntryHolder[function=Direct{Constant[value=0.0]}], shiftZ=RegistryEntryHolder[function=Direct{Wrapping[type=FlatCache, wrapped=RegistryEntryHolder[function=Direct{Wrapping[type=Cache2D, wrapped=RegistryEntryHolder[function=Direct{ShiftB[offsetNoise=Noise[noiseData=Reference{ResourceKey[minecraft:worldgen/noise / minecraft:offset]=NoiseParameters[firstOctave=-3, amplitudes=[1.0, 1.0, 1.0, 0.0]]}, noise=net.minecraft.util.math.noise.DoublePerlinNoiseSampler@7977c5ae]]}]]}]]}], xzScale=0.25, yScale=0.0, noise=Noise[noiseData=Reference{ResourceKey[minecraft:worldgen/noise / minecraft:ridge]=NoiseParameters[firstOctave=-7, amplitudes=[1.0, 2.0, 1.0, 0.0, 0.0, 0.0]]}, noise=net.minecraft.util.math.noise.DoublePerlinNoiseSampler@29ecbef]]}]]}], minValue=0.0, maxValue=5.7142857142857135]}], minValue=-0.6666666666666666, maxValue=5.047619047619047]}], minValue=0.0, maxValue=5.047619047619047]}], minValue=-0.3333333333333333, maxValue=4.7142857142857135]}], minValue=-14.14285714285714, maxValue=1.0]}], locations=[F@6779e8f1, values=[FixedFloatFunction[value=-0.1], FixedFloatFunction[value=0.01], FixedFloatFunction[value=0.01], FixedFloatFunction[value=0.03], FixedFloatFunction[value=0.1]], derivatives=[F@319c027e, minValue=-6.6714287, maxValue=0.11015], FixedFloatFunction[value=0.17]], derivatives=[F@1ea1d0, minValue=-6.6714287, maxValue=0.17], Implementation[coordinate=Coordinate[Direct{BinaryOperation[type=MUL, argument1=RegistryEntryHolder[function=Direct{Constant[value=-3.0]}], argument2=RegistryEntryHolder[function=Direct{BinaryOperation[type=ADD, argument1=RegistryEntryHolder[function=Direct{Constant[value=-0.3333333333333333]}], argument2=RegistryEntryHolder[function=Direct{UnaryOperation[type=ABS, input=RegistryEntryHolder[function=Direct{BinaryOperation[type=ADD, argument1=RegistryEntryHolder[function=Direct{Constant[value=-0.6666666666666666]}], argument2=RegistryEntryHolder[function=Direct{UnaryOperation[type=ABS, input=RegistryEntryHolder[function=Direct{Wrapping[type=FlatCache, wrapped=RegistryEntryHolder[function=Direct{ShiftedNoise[shiftX=RegistryEntryHolder[function=Direct{Wrapping[type=FlatCache, wrapped=RegistryEntryHolder[function=Direct{Wrapping[type=Cache2D, wrapped=RegistryEntryHolder[function=Direct{ShiftA[offsetNoise=Noise[noiseData=Reference{ResourceKey[minecraft:worldgen/noise / minecraft:offset]=NoiseParameters[firstOctave=-3, amplitudes=[1.0, 1.0, 1.0, 0.0]]}, noise=net.minecraft.util.math.noise.DoublePerlinNoiseSampler@7977c5ae]]}]]}]]}], shiftY=RegistryEntryHolder[function=Direct{Constant[value=0.0]}], shiftZ=RegistryEntryHolder[function=Direct{Wrapping[type=FlatCache, wrapped=RegistryEntryHolder[function=Direct{Wrapping[type=Cache2D, wrapped=RegistryEntryHolder[function=Direct{ShiftB[offsetNoise=Noise[noiseData=Reference{ResourceKey[minecraft:worldgen/noise / minecraft:offset]=NoiseParameters[firstOctave=-3, amplitudes=[1.0, 1.0, 1.0, 0.0]]}, noise=net.minecraft.util.math.noise.DoublePerlinNoiseSampler@7977c5ae]]}]]}]]}], xzScale=0.25, yScale=0.0, noise=Noise[noiseData=Reference{ResourceKey[minecraft:worldgen/noise / minecraft:ridge]=NoiseParameters[firstOctave=-7, amplitudes=[1.0, 2.0, 1.0, 0.0, 0.0, 0.0]]}, noise=net.minecraft.util.math.noise.DoublePerlinNoiseSampler@29ecbef]]}]]}], minValue=0.0, maxValue=5.7142857142857135]}], minValue=-0.6666666666666666, maxValue=5.047619047619047]}], minValue=0.0, maxValue=5.047619047619047]}], minValue=-0.3333333333333333, maxValue=4.7142857142857135]}], minValue=-14.14285714285714, maxValue=1.0]}], locations=[F@20196eeb, values=[FixedFloatFunction[value=-0.1], Implementation[coordinate=Coordinate[Direct{BinaryOperation[type=MUL, argument1=RegistryEntryHolder[function=Direct{Constant[value=-3.0]}], argument2=RegistryEntryHolder[function=Direct{BinaryOperation[type=ADD, argument1=RegistryEntryHolder[function=Direct{Constant[value=-0.3333333333333333]}], argument2=RegistryEntryHolder[function=Direct{UnaryOperation[type=ABS, input=RegistryEntryHolder[function=Direct{BinaryOperation[type=ADD, argument1=RegistryEntryHolder[function=Direct{Constant[value=-0.6666666666666666]}], argument2=RegistryEntryHolder[function=Direct{UnaryOperation[type=ABS, input=RegistryEntryHolder[function=Direct{Wrapping[type=FlatCache, wrapped=RegistryEntryHolder[function=Direct{ShiftedNoise[shiftX=RegistryEntryHolder[function=Direct{Wrapping[type=FlatCache, wrapped=RegistryEntryHolder[function=Direct{Wrapping[type=Cache2D, wrapped=RegistryEntryHolder[function=Direct{ShiftA[offsetNoise=Noise[noiseData=Reference{ResourceKey[minecraft:worldgen/noise / minecraft:offset]=NoiseParameters[firstOctave=-3, amplitudes=[1.0, 1.0, 1.0, 0.0]]}, noise=net.minecraft.util.math.noise.DoublePerlinNoiseSampler@7977c5ae]]}]]}]]}], shiftY=RegistryEntryHolder[function=Direct{Constant[value=0.0]}], shiftZ=RegistryEntryHolder[function=Direct{Wrapping[type=FlatCache, wrapped=RegistryEntryHolder[function=Direct{Wrapping[type=Cache2D, wrapped=RegistryEntryHolder[function=Direct{ShiftB[offsetNoise=Noise[noiseData=Reference{ResourceKey[minecraft:worldgen/noise / minecraft:offset]=NoiseParameters[firstOctave=-3, amplitudes=[1.0, 1.0, 1.0, 0.0]]}, noise=net.minecraft.util.math.noise.DoublePerlinNoiseSampler@7977c5ae]]}]]}]]}], xzScale=0.25, yScale=0.0, noise=Noise[noiseData=Reference{ResourceKey[minecraft:worldgen/noise / minecraft:ridge]=NoiseParameters[firstOctave=-7, amplitudes=[1.0, 2.0, 1.0, 0.0, 0.0, 0.0]]}, noise=net.minecraft.util.math.noise.DoublePerlinNoiseSampler@29ecbef]]}]]}], minValue=0.0, maxValue=5.7142857142857135]}], minValue=-0.6666666666666666, maxValue=5.047619047619047]}], minValue=0.0, maxValue=5.047619047619047]}], minValue=-0.3333333333333333, maxValue=4.7142857142857135]}], minValue=-14.14285714285714, maxValue=1.0]}], locations=[F@88f3479, values=[FixedFloatFunction[value=-0.1], FixedFloatFunction[value=0.01], FixedFloatFunction[value=0.01], FixedFloatFunction[value=0.03], FixedFloatFunction[value=0.1]], derivatives=[F@59d158e4, minValue=-6.6714287, maxValue=0.11015], FixedFloatFunction[value=0.17]], derivatives=[F@2cb4622f, minValue=-6.6714287, maxValue=0.17], Implementation[coordinate=Coordinate[Direct{BinaryOperation[type=MUL, argument1=RegistryEntryHolder[function=Direct{Constant[value=-3.0]}], argument2=RegistryEntryHolder[function=Direct{BinaryOperation[type=ADD, argument1=RegistryEntryHolder[function=Direct{Constant[value=-0.3333333333333333]}], argument2=RegistryEntryHolder[function=Direct{UnaryOperation[type=ABS, input=RegistryEntryHolder[function=Direct{BinaryOperation[type=ADD, argument1=RegistryEntryHolder[function=Direct{Constant[value=-0.6666666666666666]}], argument2=RegistryEntryHolder[function=Direct{UnaryOperation[type=ABS, input=RegistryEntryHolder[function=Direct{Wrapping[type=FlatCache, wrapped=RegistryEntryHolder[function=Direct{ShiftedNoise[shiftX=RegistryEntryHolder[function=Direct{Wrapping[type=FlatCache, wrapped=RegistryEntryHolder[function=Direct{Wrapping[type=Cache2D, wrapped=RegistryEntryHolder[function=Direct{ShiftA[offsetNoise=Noise[noiseData=Reference{ResourceKey[minecraft:worldgen/noise / minecraft:offset]=NoiseParameters[firstOctave=-3, amplitudes=[1.0, 1.0, 1.0, 0.0]]}, noise=net.minecraft.util.math.noise.DoublePerlinNoiseSampler@7977c5ae]]}]]}]]}], shiftY=RegistryEntryHolder[function=Direct{Constant[value=0.0]}], shiftZ=RegistryEntryHolder[function=Direct{Wrapping[type=FlatCache, wrapped=RegistryEntryHolder[function=Direct{Wrapping[type=Cache2D, wrapped=RegistryEntryHolder[function=Direct{ShiftB[offsetNoise=Noise[noiseData=Reference{ResourceKey[minecraft:worldgen/noise / minecraft:offset]=NoiseParameters[firstOctave=-3, amplitudes=[1.0, 1.0, 1.0, 0.0]]}, noise=net.minecraft.util.math.noise.DoublePerlinNoiseSampler@7977c5ae]]}]]}]]}], xzScale=0.25, yScale=0.0, noise=Noise[noiseData=Reference{ResourceKey[minecraft:worldgen/noise / minecraft:ridge]=NoiseParameters[firstOctave=-7, amplitudes=[1.0, 2.0, 1.0, 0.0, 0.0, 0.0]]}, noise=net.minecraft.util.math.noise.DoublePerlinNoiseSampler@29ecbef]]}]]}], minValue=0.0, maxValue=5.7142857142857135]}], minValue=-0.6666666666666666, maxValue=5.047619047619047]}], minValue=0.0, maxValue=5.047619047619047]}], minValue=-0.3333333333333333, maxValue=4.7142857142857135]}], minValue=-14.14285714285714, maxValue=1.0]}], locations=[F@47313f64, values=[FixedFloatFunction[value=-0.1], FixedFloatFunction[value=0.01], FixedFloatFunction[value=0.01], FixedFloatFunction[value=0.03], FixedFloatFunction[value=0.1]], derivatives=[F@36ecf707, minValue=-6.6714287, maxValue=0.11015], Implementation[coordinate=Coordinate[Direct{BinaryOperation[type=MUL, argument1=RegistryEntryHolder[function=Direct{Constant[value=-3.0]}], argument2=RegistryEntryHolder[function=Direct{BinaryOperation[type=ADD, argument1=RegistryEntryHolder[function=Direct{Constant[value=-0.3333333333333333]}], argument2=RegistryEntryHolder[function=Direct{UnaryOperation[type=ABS, input=RegistryEntryHolder[function=Direct{BinaryOperation[type=ADD, argument1=RegistryEntryHolder[function=Direct{Constant[value=-0.6666666666666666]}], argument2=RegistryEntryHolder[function=Direct{UnaryOperation[type=ABS, input=RegistryEntryHolder[function=Direct{Wrapping[type=FlatCache, wrapped=RegistryEntryHolder[function=Direct{ShiftedNoise[shiftX=RegistryEntryHolder[function=Direct{Wrapping[type=FlatCache, wrapped=RegistryEntryHolder[function=Direct{Wrapping[type=Cache2D, wrapped=RegistryEntryHolder[function=Direct{ShiftA[offsetNoise=Noise[noiseData=Reference{ResourceKey[minecraft:worldgen/noise / minecraft:offset]=NoiseParameters[firstOctave=-3, amplitudes=[1.0, 1.0, 1.0, 0.0]]}, noise=net.minecraft.util.math.noise.DoublePerlinNoiseSampler@7977c5ae]]}]]}]]}], shiftY=RegistryEntryHolder[function=Direct{Constant[value=0.0]}], shiftZ=RegistryEntryHolder[function=Direct{Wrapping[type=FlatCache, wrapped=RegistryEntryHolder[function=Direct{Wrapping[type=Cache2D, wrapped=RegistryEntryHolder[function=Direct{ShiftB[offsetNoise=Noise[noiseData=Reference{ResourceKey[minecraft:worldgen/noise / minecraft:offset]=NoiseParameters[firstOctave=-3, amplitudes=[1.0, 1.0, 1.0, 0.0]]}, noise=net.minecraft.util.math.noise.DoublePerlinNoiseSampler@7977c5ae]]}]]}]]}], xzScale=0.25, yScale=0.0, noise=Noise[noiseData=Reference{ResourceKey[minecraft:worldgen/noise / minecraft:ridge]=NoiseParameters[firstOctave=-7, amplitudes=[1.0, 2.0, 1.0, 0.0, 0.0, 0.0]]}, noise=net.minecraft.util.math.noise.DoublePerlinNoiseSampler@29ecbef]]}]]}], minValue=0.0, maxValue=5.7142857142857135]}], minValue=-0.6666666666666666, maxValue=5.047619047619047]}], minValue=0.0, maxValue=5.047619047619047]}], minValue=-0.3333333333333333, maxValue=4.7142857142857135]}], minValue=-14.14285714285714, maxValue=1.0]}], locations=[F@65299f46, values=[FixedFloatFunction[value=-0.02], FixedFloatFunction[value=-0.03], FixedFloatFunction[value=-0.03], FixedFloatFunction[value=0.03], FixedFloatFunction[value=0.1]], derivatives=[F@6a033cd6, minValue=-0.044999998, maxValue=0.11015]], derivatives=[F@2487e4ed, minValue=-6.821429, maxValue=1.23], Implementation[coordinate=Coordinate[Direct{Wrapping[type=FlatCache, wrapped=RegistryEntryHolder[function=Direct{ShiftedNoise[shiftX=RegistryEntryHolder[function=Direct{Wrapping[type=FlatCache, wrapped=RegistryEntryHolder[function=Direct{Wrapping[type=Cache2D, wrapped=RegistryEntryHolder[function=Direct{ShiftA[offsetNoise=Noise[noiseData=Reference{ResourceKey[minecraft:worldgen/noise / minecraft:offset]=NoiseParameters[firstOctave=-3, amplitudes=[1.0, 1.0, 1.0, 0.0]]}, noise=net.minecraft.util.math.noise.DoublePerlinNoiseSampler@7977c5ae]]}]]}]]}], shiftY=RegistryEntryHolder[function=Direct{Constant[value=0.0]}], shiftZ=RegistryEntryHolder[function=Direct{Wrapping[type=FlatCache, wrapped=RegistryEntryHolder[function=Direct{Wrapping[type=Cache2D, wrapped=RegistryEntryHolder[function=Direct{ShiftB[offsetNoise=Noise[noiseData=Reference{ResourceKey[minecraft:worldgen/noise / minecraft:offset]=NoiseParameters[firstOctave=-3, amplitudes=[1.0, 1.0, 1.0, 0.0]]}, noise=net.minecraft.util.math.noise.DoublePerlinNoiseSampler@7977c5ae]]}]]}]]}], xzScale=0.25, yScale=0.0, noise=Noise[noiseData=Reference{ResourceKey[minecraft:worldgen/noise / minecraft:erosion]=NoiseParameters[firstOctave=-9, amplitudes=[1.0, 1.0, 0.0, 1.0, 1.0]]}, noise=net.minecraft.util.math.noise.DoublePerlinNoiseSampler@2e212c04]]}]]}], locations=[F@75827bb5, values=[Implementation[coordinate=Coordinate[Direct{BinaryOperation[type=MUL, argument1=RegistryEntryHolder[function=Direct{Constant[value=-3.0]}], argument2=RegistryEntryHolder[function=Direct{BinaryOperation[type=ADD, argument1=RegistryEntryHolder[function=Direct{Constant[value=-0.3333333333333333]}], argument2=RegistryEntryHolder[function=Direct{UnaryOperation[type=ABS, input=RegistryEntryHolder[function=Direct{BinaryOperation[type=ADD, argument1=RegistryEntryHolder[function=Direct{Constant[value=-0.6666666666666666]}], argument2=RegistryEntryHolder[function=Direct{UnaryOperation[type=ABS, input=RegistryEntryHolder[function=Direct{Wrapping[type=FlatCache, wrapped=RegistryEntryHolder[function=Direct{ShiftedNoise[shiftX=RegistryEntryHolder[function=Direct{Wrapping[type=FlatCache, wrapped=RegistryEntryHolder[function=Direct{Wrapping[type=Cache2D, wrapped=RegistryEntryHolder[function=Direct{ShiftA[offsetNoise=Noise[noiseData=Reference{ResourceKey[minecraft:worldgen/noise / minecraft:offset]=NoiseParameters[firstOctave=-3, amplitudes=[1.0, 1.0, 1.0, 0.0]]}, noise=net.minecraft.util.math.noise.DoublePerlinNoiseSampler@7977c5ae]]}]]}]]}], shiftY=RegistryEntryHolder[function=Direct{Constant[value=0.0]}], shiftZ=RegistryEntryHolder[function=Direct{Wrapping[type=FlatCache, wrapped=RegistryEntryHolder[function=Direct{Wrapping[type=Cache2D, wrapped=RegistryEntryHolder[function=Direct{ShiftB[offsetNoise=Noise[noiseData=Reference{ResourceKey[minecraft:worldgen/noise / minecraft:offset]=NoiseParameters[firstOctave=-3, amplitudes=[1.0, 1.0, 1.0, 0.0]]}, noise=net.minecraft.util.math.noise.DoublePerlinNoiseSampler@7977c5ae]]}]]}]]}], xzScale=0.25, yScale=0.0, noise=Noise[noiseData=Reference{ResourceKey[minecraft:worldgen/noise / minecraft:ridge]=NoiseParameters[firstOctave=-7, amplitudes=[1.0, 2.0, 1.0, 0.0, 0.0, 0.0]]}, noise=net.minecraft.util.math.noise.DoublePerlinNoiseSampler@29ecbef]]}]]}], minValue=0.0, maxValue=5.7142857142857135]}], minValue=-0.6666666666666666, maxValue=5.047619047619047]}], minValue=0.0, maxValue=5.047619047619047]}], minValue=-0.3333333333333333, maxValue=4.7142857142857135]}], minValue=-14.14285714285714, maxValue=1.0]}], locations=[F@5cf809ec, values=[FixedFloatFunction[value=0.34792626], FixedFloatFunction[value=0.9239631], FixedFloatFunction[value=1.5]], derivatives=[F@2f6e7b29, minValue=0.20391704, maxValue=1.5], Implementation[coordinate=Coordinate[Direct{BinaryOperation[type=MUL, argument1=RegistryEntryHolder[function=Direct{Constant[value=-3.0]}], argument2=RegistryEntryHolder[function=Direct{BinaryOperation[type=ADD, argument1=RegistryEntryHolder[function=Direct{Constant[value=-0.3333333333333333]}], argument2=RegistryEntryHolder[function=Direct{UnaryOperation[type=ABS, input=RegistryEntryHolder[function=Direct{BinaryOperation[type=ADD, argument1=RegistryEntryHolder[function=Direct{Constant[value=-0.6666666666666666]}], argument2=RegistryEntryHolder[function=Direct{UnaryOperation[type=ABS, input=RegistryEntryHolder[function=Direct{Wrapping[type=FlatCache, wrapped=RegistryEntryHolder[function=Direct{ShiftedNoise[shiftX=RegistryEntryHolder[function=Direct{Wrapping[type=FlatCache, wrapped=RegistryEntryHolder[function=Direct{Wrapping[type=Cache2D, wrapped=RegistryEntryHolder[function=Direct{ShiftA[offsetNoise=Noise[noiseData=Reference{ResourceKey[minecraft:worldgen/noise / minecraft:offset]=NoiseParameters[firstOctave=-3, amplitudes=[1.0, 1.0, 1.0, 0.0]]}, noise=net.minecraft.util.math.noise.DoublePerlinNoiseSampler@7977c5ae]]}]]}]]}], shiftY=RegistryEntryHolder[function=Direct{Constant[value=0.0]}], shiftZ=RegistryEntryHolder[function=Direct{Wrapping[type=FlatCache, wrapped=RegistryEntryHolder[function=Direct{Wrapping[type=Cache2D, wrapped=RegistryEntryHolder[function=Direct{ShiftB[offsetNoise=Noise[noiseData=Reference{ResourceKey[minecraft:worldgen/noise / minecraft:offset]=NoiseParameters[firstOctave=-3, amplitudes=[1.0, 1.0, 1.0, 0.0]]}, noise=net.minecraft.util.math.noise.DoublePerlinNoiseSampler@7977c5ae]]}]]}]]}], xzScale=0.25, yScale=0.0, noise=Noise[noiseData=Reference{ResourceKey[minecraft:worldgen/noise / minecraft:ridge]=NoiseParameters[firstOctave=-7, amplitudes=[1.0, 2.0, 1.0, 0.0, 0.0, 0.0]]}, noise=net.minecraft.util.math.noise.DoublePerlinNoiseSampler@29ecbef]]}]]}], minValue=0.0, maxValue=5.7142857142857135]}], minValue=-0.6666666666666666, maxValue=5.047619047619047]}], minValue=0.0, maxValue=5.047619047619047]}], minValue=-0.3333333333333333, maxValue=4.7142857142857135]}], minValue=-14.14285714285714, maxValue=1.0]}], locations=[F@34d542a5, values=[FixedFloatFunction[value=0.2], FixedFloatFunction[value=0.5391705], FixedFloatFunction[value=1.0]], derivatives=[F@52ecd859, minValue=0.115207374, maxValue=1.0], Implementation[coordinate=Coordinate[Direct{BinaryOperation[type=MUL, argument1=RegistryEntryHolder[function=Direct{Constant[value=-3.0]}], argument2=RegistryEntryHolder[function=Direct{BinaryOperation[type=ADD, argument1=RegistryEntryHolder[function=Direct{Constant[value=-0.3333333333333333]}], argument2=RegistryEntryHolder[function=Direct{UnaryOperation[type=ABS, input=RegistryEntryHolder[function=Direct{BinaryOperation[type=ADD, argument1=RegistryEntryHolder[function=Direct{Constant[value=-0.6666666666666666]}], argument2=RegistryEntryHolder[function=Direct{UnaryOperation[type=ABS, input=RegistryEntryHolder[function=Direct{Wrapping[type=FlatCache, wrapped=RegistryEntryHolder[function=Direct{ShiftedNoise[shiftX=RegistryEntryHolder[function=Direct{Wrapping[type=FlatCache, wrapped=RegistryEntryHolder[function=Direct{Wrapping[type=Cache2D, wrapped=RegistryEntryHolder[function=Direct{ShiftA[offsetNoise=Noise[noiseData=Reference{ResourceKey[minecraft:worldgen/noise / minecraft:offset]=NoiseParameters[firstOctave=-3, amplitudes=[1.0, 1.0, 1.0, 0.0]]}, noise=net.minecraft.util.math.noise.DoublePerlinNoiseSampler@7977c5ae]]}]]}]]}], shiftY=RegistryEntryHolder[function=Direct{Constant[value=0.0]}], shiftZ=RegistryEntryHolder[function=Direct{Wrapping[type=FlatCache, wrapped=RegistryEntryHolder[function=Direct{Wrapping[type=Cache2D, wrapped=RegistryEntryHolder[function=Direct{ShiftB[offsetNoise=Noise[noiseData=Reference{ResourceKey[minecraft:worldgen/noise / minecraft:offset]=NoiseParameters[firstOctave=-3, amplitudes=[1.0, 1.0, 1.0, 0.0]]}, noise=net.minecraft.util.math.noise.DoublePerlinNoiseSampler@7977c5ae]]}]]}]]}], xzScale=0.25, yScale=0.0, noise=Noise[noiseData=Reference{ResourceKey[minecraft:worldgen/noise / minecraft:ridge]=NoiseParameters[firstOctave=-7, amplitudes=[1.0, 2.0, 1.0, 0.0, 0.0, 0.0]]}, noise=net.minecraft.util.math.noise.DoublePerlinNoiseSampler@29ecbef]]}]]}], minValue=0.0, maxValue=5.7142857142857135]}], minValue=-0.6666666666666666, maxValue=5.047619047619047]}], minValue=0.0, maxValue=5.047619047619047]}], minValue=-0.3333333333333333, maxValue=4.7142857142857135]}], minValue=-14.14285714285714, maxValue=1.0]}], locations=[F@4e471c81, values=[FixedFloatFunction[value=0.2], FixedFloatFunction[value=0.5391705], FixedFloatFunction[value=1.0]], derivatives=[F@122c8153, minValue=0.115207374, maxValue=1.0], Implementation[coordinate=Coordinate[Direct{BinaryOperation[type=MUL, argument1=RegistryEntryHolder[function=Direct{Constant[value=-3.0]}], argument2=RegistryEntryHolder[function=Direct{BinaryOperation[type=ADD, argument1=RegistryEntryHolder[function=Direct{Constant[value=-0.3333333333333333]}], argument2=RegistryEntryHolder[function=Direct{UnaryOperation[type=ABS, input=RegistryEntryHolder[function=Direct{BinaryOperation[type=ADD, argument1=RegistryEntryHolder[function=Direct{Constant[value=-0.6666666666666666]}], argument2=RegistryEntryHolder[function=Direct{UnaryOperation[type=ABS, input=RegistryEntryHolder[function=Direct{Wrapping[type=FlatCache, wrapped=RegistryEntryHolder[function=Direct{ShiftedNoise[shiftX=RegistryEntryHolder[function=Direct{Wrapping[type=FlatCache, wrapped=RegistryEntryHolder[function=Direct{Wrapping[type=Cache2D, wrapped=RegistryEntryHolder[function=Direct{ShiftA[offsetNoise=Noise[noiseData=Reference{ResourceKey[minecraft:worldgen/noise / minecraft:offset]=NoiseParameters[firstOctave=-3, amplitudes=[1.0, 1.0, 1.0, 0.0]]}, noise=net.minecraft.util.math.noise.DoublePerlinNoiseSampler@7977c5ae]]}]]}]]}], shiftY=RegistryEntryHolder[function=Direct{Constant[value=0.0]}], shiftZ=RegistryEntryHolder[function=Direct{Wrapping[type=FlatCache, wrapped=RegistryEntryHolder[function=Direct{Wrapping[type=Cache2D, wrapped=RegistryEntryHolder[function=Direct{ShiftB[offsetNoise=Noise[noiseData=Reference{ResourceKey[minecraft:worldgen/noise / minecraft:offset]=NoiseParameters[firstOctave=-3, amplitudes=[1.0, 1.0, 1.0, 0.0]]}, noise=net.minecraft.util.math.noise.DoublePerlinNoiseSampler@7977c5ae]]}]]}]]}], xzScale=0.25, yScale=0.0, noise=Noise[noiseData=Reference{ResourceKey[minecraft:worldgen/noise / minecraft:ridge]=NoiseParameters[firstOctave=-7, amplitudes=[1.0, 2.0, 1.0, 0.0, 0.0, 0.0]]}, noise=net.minecraft.util.math.noise.DoublePerlinNoiseSampler@29ecbef]]}]]}], minValue=0.0, maxValue=5.7142857142857135]}], minValue=-0.6666666666666666, maxValue=5.047619047619047]}], minValue=0.0, maxValue=5.047619047619047]}], minValue=-0.3333333333333333, maxValue=4.7142857142857135]}], minValue=-14.14285714285714, maxValue=1.0]}], locations=[F@cf229d9, values=[FixedFloatFunction[value=-0.2], FixedFloatFunction[value=0.5], FixedFloatFunction[value=0.5], FixedFloatFunction[value=0.5], FixedFloatFunction[value=0.6]], derivatives=[F@3868160e, minValue=-6.7714286, maxValue=0.675], Implementation[coordinate=Coordinate[Direct{BinaryOperation[type=MUL, argument1=RegistryEntryHolder[function=Direct{Constant[value=-3.0]}], argument2=RegistryEntryHolder[function=Direct{BinaryOperation[type=ADD, argument1=RegistryEntryHolder[function=Direct{Constant[value=-0.3333333333333333]}], argument2=RegistryEntryHolder[function=Direct{UnaryOperation[type=ABS, input=RegistryEntryHolder[function=Direct{BinaryOperation[type=ADD, argument1=RegistryEntryHolder[function=Direct{Constant[value=-0.6666666666666666]}], argument2=RegistryEntryHolder[function=Direct{UnaryOperation[type=ABS, input=RegistryEntryHolder[function=Direct{Wrapping[type=FlatCache, wrapped=RegistryEntryHolder[function=Direct{ShiftedNoise[shiftX=RegistryEntryHolder[function=Direct{Wrapping[type=FlatCache, wrapped=RegistryEntryHolder[function=Direct{Wrapping[type=Cache2D, wrapped=RegistryEntryHolder[function=Direct{ShiftA[offsetNoise=Noise[noiseData=Reference{ResourceKey[minecraft:worldgen/noise / minecraft:offset]=NoiseParameters[firstOctave=-3, amplitudes=[1.0, 1.0, 1.0, 0.0]]}, noise=net.minecraft.util.math.noise.DoublePerlinNoiseSampler@7977c5ae]]}]]}]]}], shiftY=RegistryEntryHolder[function=Direct{Constant[value=0.0]}], shiftZ=RegistryEntryHolder[function=Direct{Wrapping[type=FlatCache, wrapped=RegistryEntryHolder[function=Direct{Wrapping[type=Cache2D, wrapped=RegistryEntryHolder[function=Direct{ShiftB[offsetNoise=Noise[noiseData=Reference{ResourceKey[minecraft:worldgen/noise / minecraft:offset]=NoiseParameters[firstOctave=-3, amplitudes=[1.0, 1.0, 1.0, 0.0]]}, noise=net.minecraft.util.math.noise.DoublePerlinNoiseSampler@7977c5ae]]}]]}]]}], xzScale=0.25, yScale=0.0, noise=Noise[noiseData=Reference{ResourceKey[minecraft:worldgen/noise / minecraft:ridge]=NoiseParameters[firstOctave=-7, amplitudes=[1.0, 2.0, 1.0, 0.0, 0.0, 0.0]]}, noise=net.minecraft.util.math.noise.DoublePerlinNoiseSampler@29ecbef]]}]]}], minValue=0.0, maxValue=5.7142857142857135]}], minValue=-0.6666666666666666, maxValue=5.047619047619047]}], minValue=0.0, maxValue=5.047619047619047]}], minValue=-0.3333333333333333, maxValue=4.7142857142857135]}], minValue=-14.14285714285714, maxValue=1.0]}], locations=[F@4e3db696, values=[FixedFloatFunction[value=-0.05], FixedFloatFunction[value=0.01], FixedFloatFunction[value=0.03], FixedFloatFunction[value=0.5], FixedFloatFunction[value=0.6]], derivatives=[F@386d801b, minValue=-6.621429, maxValue=0.716], Implementation[coordinate=Coordinate[Direct{BinaryOperation[type=MUL, argument1=RegistryEntryHolder[function=Direct{Constant[value=-3.0]}], argument2=RegistryEntryHolder[function=Direct{BinaryOperation[type=ADD, argument1=RegistryEntryHolder[function=Direct{Constant[value=-0.3333333333333333]}], argument2=RegistryEntryHolder[function=Direct{UnaryOperation[type=ABS, input=RegistryEntryHolder[function=Direct{BinaryOperation[type=ADD, argument1=RegistryEntryHolder[function=Direct{Constant[value=-0.6666666666666666]}], argument2=RegistryEntryHolder[function=Direct{UnaryOperation[type=ABS, input=RegistryEntryHolder[function=Direct{Wrapping[type=FlatCache, wrapped=RegistryEntryHolder[function=Direct{ShiftedNoise[shiftX=RegistryEntryHolder[function=Direct{Wrapping[type=FlatCache, wrapped=RegistryEntryHolder[function=Direct{Wrapping[type=Cache2D, wrapped=RegistryEntryHolder[function=Direct{ShiftA[offsetNoise=Noise[noiseData=Reference{ResourceKey[minecraft:worldgen/noise / minecraft:offset]=NoiseParameters[firstOctave=-3, amplitudes=[1.0, 1.0, 1.0, 0.0]]}, noise=net.minecraft.util.math.noise.DoublePerlinNoiseSampler@7977c5ae]]}]]}]]}], shiftY=RegistryEntryHolder[function=Direct{Constant[value=0.0]}], shiftZ=RegistryEntryHolder[function=Direct{Wrapping[type=FlatCache, wrapped=RegistryEntryHolder[function=Direct{Wrapping[type=Cache2D, wrapped=RegistryEntryHolder[function=Direct{ShiftB[offsetNoise=Noise[noiseData=Reference{ResourceKey[minecraft:worldgen/noise / minecraft:offset]=NoiseParameters[firstOctave=-3, amplitudes=[1.0, 1.0, 1.0, 0.0]]}, noise=net.minecraft.util.math.noise.DoublePerlinNoiseSampler@7977c5ae]]}]]}]]}], xzScale=0.25, yScale=0.0, noise=Noise[noiseData=Reference{ResourceKey[minecraft:worldgen/noise / minecraft:ridge]=NoiseParameters[firstOctave=-7, amplitudes=[1.0, 2.0, 1.0, 0.0, 0.0, 0.0]]}, noise=net.minecraft.util.math.noise.DoublePerlinNoiseSampler@29ecbef]]}]]}], minValue=0.0, maxValue=5.7142857142857135]}], minValue=-0.6666666666666666, maxValue=5.047619047619047]}], minValue=0.0, maxValue=5.047619047619047]}], minValue=-0.3333333333333333, maxValue=4.7142857142857135]}], minValue=-14.14285714285714, maxValue=1.0]}], locations=[F@254cda2e, values=[FixedFloatFunction[value=-0.05], FixedFloatFunction[value=0.01], FixedFloatFunction[value=0.01], FixedFloatFunction[value=0.03], FixedFloatFunction[value=0.1]], derivatives=[F@5d6c70ef, minValue=-6.621429, maxValue=0.11015], Implementation[coordinate=Coordinate[Direct{BinaryOperation[type=MUL, argument1=RegistryEntryHolder[function=Direct{Constant[value=-3.0]}], argument2=RegistryEntryHolder[function=Direct{BinaryOperation[type=ADD, argument1=RegistryEntryHolder[function=Direct{Constant[value=-0.3333333333333333]}], argument2=RegistryEntryHolder[function=Direct{UnaryOperation[type=ABS, input=RegistryEntryHolder[function=Direct{BinaryOperation[type=ADD, argument1=RegistryEntryHolder[function=Direct{Constant[value=-0.6666666666666666]}], argument2=RegistryEntryHolder[function=Direct{UnaryOperation[type=ABS, input=RegistryEntryHolder[function=Direct{Wrapping[type=FlatCache, wrapped=RegistryEntryHolder[function=Direct{ShiftedNoise[shiftX=RegistryEntryHolder[function=Direct{Wrapping[type=FlatCache, wrapped=RegistryEntryHolder[function=Direct{Wrapping[type=Cache2D, wrapped=RegistryEntryHolder[function=Direct{ShiftA[offsetNoise=Noise[noiseData=Reference{ResourceKey[minecraft:worldgen/noise / minecraft:offset]=NoiseParameters[firstOctave=-3, amplitudes=[1.0, 1.0, 1.0, 0.0]]}, noise=net.minecraft.util.math.noise.DoublePerlinNoiseSampler@7977c5ae]]}]]}]]}], shiftY=RegistryEntryHolder[function=Direct{Constant[value=0.0]}], shiftZ=RegistryEntryHolder[function=Direct{Wrapping[type=FlatCache, wrapped=RegistryEntryHolder[function=Direct{Wrapping[type=Cache2D, wrapped=RegistryEntryHolder[function=Direct{ShiftB[offsetNoise=Noise[noiseData=Reference{ResourceKey[minecraft:worldgen/noise / minecraft:offset]=NoiseParameters[firstOctave=-3, amplitudes=[1.0, 1.0, 1.0, 0.0]]}, noise=net.minecraft.util.math.noise.DoublePerlinNoiseSampler@7977c5ae]]}]]}]]}], xzScale=0.25, yScale=0.0, noise=Noise[noiseData=Reference{ResourceKey[minecraft:worldgen/noise / minecraft:ridge]=NoiseParameters[firstOctave=-7, amplitudes=[1.0, 2.0, 1.0, 0.0, 0.0, 0.0]]}, noise=net.minecraft.util.math.noise.DoublePerlinNoiseSampler@29ecbef]]}]]}], minValue=0.0, maxValue=5.7142857142857135]}], minValue=-0.6666666666666666, maxValue=5.047619047619047]}], minValue=0.0, maxValue=5.047619047619047]}], minValue=-0.3333333333333333, maxValue=4.7142857142857135]}], minValue=-14.14285714285714, maxValue=1.0]}], locations=[F@7e46f4d2, values=[FixedFloatFunction[value=-0.05], FixedFloatFunction[value=0.01], FixedFloatFunction[value=0.01], FixedFloatFunction[value=0.03], FixedFloatFunction[value=0.1]], derivatives=[F@2a7fde59, minValue=-6.621429, maxValue=0.11015], Implementation[coordinate=Coordinate[Direct{BinaryOperation[type=MUL, argument1=RegistryEntryHolder[function=Direct{Constant[value=-3.0]}], argument2=RegistryEntryHolder[function=Direct{BinaryOperation[type=ADD, argument1=RegistryEntryHolder[function=Direct{Constant[value=-0.3333333333333333]}], argument2=RegistryEntryHolder[function=Direct{UnaryOperation[type=ABS, input=RegistryEntryHolder[function=Direct{BinaryOperation[type=ADD, argument1=RegistryEntryHolder[function=Direct{Constant[value=-0.6666666666666666]}], argument2=RegistryEntryHolder[function=Direct{UnaryOperation[type=ABS, input=RegistryEntryHolder[function=Direct{Wrapping[type=FlatCache, wrapped=RegistryEntryHolder[function=Direct{ShiftedNoise[shiftX=RegistryEntryHolder[function=Direct{Wrapping[type=FlatCache, wrapped=RegistryEntryHolder[function=Direct{Wrapping[type=Cache2D, wrapped=RegistryEntryHolder[function=Direct{ShiftA[offsetNoise=Noise[noiseData=Reference{ResourceKey[minecraft:worldgen/noise / minecraft:offset]=NoiseParameters[firstOctave=-3, amplitudes=[1.0, 1.0, 1.0, 0.0]]}, noise=net.minecraft.util.math.noise.DoublePerlinNoiseSampler@7977c5ae]]}]]}]]}], shiftY=RegistryEntryHolder[function=Direct{Constant[value=0.0]}], shiftZ=RegistryEntryHolder[function=Direct{Wrapping[type=FlatCache, wrapped=RegistryEntryHolder[function=Direct{Wrapping[type=Cache2D, wrapped=RegistryEntryHolder[function=Direct{ShiftB[offsetNoise=Noise[noiseData=Reference{ResourceKey[minecraft:worldgen/noise / minecraft:offset]=NoiseParameters[firstOctave=-3, amplitudes=[1.0, 1.0, 1.0, 0.0]]}, noise=net.minecraft.util.math.noise.DoublePerlinNoiseSampler@7977c5ae]]}]]}]]}], xzScale=0.25, yScale=0.0, noise=Noise[noiseData=Reference{ResourceKey[minecraft:worldgen/noise / minecraft:ridge]=NoiseParameters[firstOctave=-7, amplitudes=[1.0, 2.0, 1.0, 0.0, 0.0, 0.0]]}, noise=net.minecraft.util.math.noise.DoublePerlinNoiseSampler@29ecbef]]}]]}], minValue=0.0, maxValue=5.7142857142857135]}], minValue=-0.6666666666666666, maxValue=5.047619047619047]}], minValue=0.0, maxValue=5.047619047619047]}], minValue=-0.3333333333333333, maxValue=4.7142857142857135]}], minValue=-14.14285714285714, maxValue=1.0]}], locations=[F@6921fc92, values=[FixedFloatFunction[value=-0.05], Implementation[coordinate=Coordinate[Direct{BinaryOperation[type=MUL, argument1=RegistryEntryHolder[function=Direct{Constant[value=-3.0]}], argument2=RegistryEntryHolder[function=Direct{BinaryOperation[type=ADD, argument1=RegistryEntryHolder[function=Direct{Constant[value=-0.3333333333333333]}], argument2=RegistryEntryHolder[function=Direct{UnaryOperation[type=ABS, input=RegistryEntryHolder[function=Direct{BinaryOperation[type=ADD, argument1=RegistryEntryHolder[function=Direct{Constant[value=-0.6666666666666666]}], argument2=RegistryEntryHolder[function=Direct{UnaryOperation[type=ABS, input=RegistryEntryHolder[function=Direct{Wrapping[type=FlatCache, wrapped=RegistryEntryHolder[function=Direct{ShiftedNoise[shiftX=RegistryEntryHolder[function=Direct{Wrapping[type=FlatCache, wrapped=RegistryEntryHolder[function=Direct{Wrapping[type=Cache2D, wrapped=RegistryEntryHolder[function=Direct{ShiftA[offsetNoise=Noise[noiseData=Reference{ResourceKey[minecraft:worldgen/noise / minecraft:offset]=NoiseParameters[firstOctave=-3, amplitudes=[1.0, 1.0, 1.0, 0.0]]}, noise=net.minecraft.util.math.noise.DoublePerlinNoiseSampler@7977c5ae]]}]]}]]}], shiftY=RegistryEntryHolder[function=Direct{Constant[value=0.0]}], shiftZ=RegistryEntryHolder[function=Direct{Wrapping[type=FlatCache, wrapped=RegistryEntryHolder[function=Direct{Wrapping[type=Cache2D, wrapped=RegistryEntryHolder[function=Direct{ShiftB[offsetNoise=Noise[noiseData=Reference{ResourceKey[minecraft:worldgen/noise / minecraft:offset]=NoiseParameters[firstOctave=-3, amplitudes=[1.0, 1.0, 1.0, 0.0]]}, noise=net.minecraft.util.math.noise.DoublePerlinNoiseSampler@7977c5ae]]}]]}]]}], xzScale=0.25, yScale=0.0, noise=Noise[noiseData=Reference{ResourceKey[minecraft:worldgen/noise / minecraft:ridge]=NoiseParameters[firstOctave=-7, amplitudes=[1.0, 2.0, 1.0, 0.0, 0.0, 0.0]]}, noise=net.minecraft.util.math.noise.DoublePerlinNoiseSampler@29ecbef]]}]]}], minValue=0.0, maxValue=5.7142857142857135]}], minValue=-0.6666666666666666, maxValue=5.047619047619047]}], minValue=0.0, maxValue=5.047619047619047]}], minValue=-0.3333333333333333, maxValue=4.7142857142857135]}], minValue=-14.14285714285714, maxValue=1.0]}], locations=[F@57f41251, values=[FixedFloatFunction[value=-0.05], FixedFloatFunction[value=0.01], FixedFloatFunction[value=0.01], FixedFloatFunction[value=0.03], FixedFloatFunction[value=0.1]], derivatives=[F@1edd9c19, minValue=-6.621429, maxValue=0.11015], FixedFloatFunction[value=0.17]], derivatives=[F@4a04148d, minValue=-6.621429, maxValue=0.17], Implementation[coordinate=Coordinate[Direct{BinaryOperation[type=MUL, argument1=RegistryEntryHolder[function=Direct{Constant[value=-3.0]}], argument2=RegistryEntryHolder[function=Direct{BinaryOperation[type=ADD, argument1=RegistryEntryHolder[function=Direct{Constant[value=-0.3333333333333333]}], argument2=RegistryEntryHolder[function=Direct{UnaryOperation[type=ABS, input=RegistryEntryHolder[function=Direct{BinaryOperation[type=ADD, argument1=RegistryEntryHolder[function=Direct{Constant[value=-0.6666666666666666]}], argument2=RegistryEntryHolder[function=Direct{UnaryOperation[type=ABS, input=RegistryEntryHolder[function=Direct{Wrapping[type=FlatCache, wrapped=RegistryEntryHolder[function=Direct{ShiftedNoise[shiftX=RegistryEntryHolder[function=Direct{Wrapping[type=FlatCache, wrapped=RegistryEntryHolder[function=Direct{Wrapping[type=Cache2D, wrapped=RegistryEntryHolder[function=Direct{ShiftA[offsetNoise=Noise[noiseData=Reference{ResourceKey[minecraft:worldgen/noise / minecraft:offset]=NoiseParameters[firstOctave=-3, amplitudes=[1.0, 1.0, 1.0, 0.0]]}, noise=net.minecraft.util.math.noise.DoublePerlinNoiseSampler@7977c5ae]]}]]}]]}], shiftY=RegistryEntryHolder[function=Direct{Constant[value=0.0]}], shiftZ=RegistryEntryHolder[function=Direct{Wrapping[type=FlatCache, wrapped=RegistryEntryHolder[function=Direct{Wrapping[type=Cache2D, wrapped=RegistryEntryHolder[function=Direct{ShiftB[offsetNoise=Noise[noiseData=Reference{ResourceKey[minecraft:worldgen/noise / minecraft:offset]=NoiseParameters[firstOctave=-3, amplitudes=[1.0, 1.0, 1.0, 0.0]]}, noise=net.minecraft.util.math.noise.DoublePerlinNoiseSampler@7977c5ae]]}]]}]]}], xzScale=0.25, yScale=0.0, noise=Noise[noiseData=Reference{ResourceKey[minecraft:worldgen/noise / minecraft:ridge]=NoiseParameters[firstOctave=-7, amplitudes=[1.0, 2.0, 1.0, 0.0, 0.0, 0.0]]}, noise=net.minecraft.util.math.noise.DoublePerlinNoiseSampler@29ecbef]]}]]}], minValue=0.0, maxValue=5.7142857142857135]}], minValue=-0.6666666666666666, maxValue=5.047619047619047]}], minValue=0.0, maxValue=5.047619047619047]}], minValue=-0.3333333333333333, maxValue=4.7142857142857135]}], minValue=-14.14285714285714, maxValue=1.0]}], locations=[F@2ca7a433, values=[FixedFloatFunction[value=-0.05], Implementation[coordinate=Coordinate[Direct{BinaryOperation[type=MUL, argument1=RegistryEntryHolder[function=Direct{Constant[value=-3.0]}], argument2=RegistryEntryHolder[function=Direct{BinaryOperation[type=ADD, argument1=RegistryEntryHolder[function=Direct{Constant[value=-0.3333333333333333]}], argument2=RegistryEntryHolder[function=Direct{UnaryOperation[type=ABS, input=RegistryEntryHolder[function=Direct{BinaryOperation[type=ADD, argument1=RegistryEntryHolder[function=Direct{Constant[value=-0.6666666666666666]}], argument2=RegistryEntryHolder[function=Direct{UnaryOperation[type=ABS, input=RegistryEntryHolder[function=Direct{Wrapping[type=FlatCache, wrapped=RegistryEntryHolder[function=Direct{ShiftedNoise[shiftX=RegistryEntryHolder[function=Direct{Wrapping[type=FlatCache, wrapped=RegistryEntryHolder[function=Direct{Wrapping[type=Cache2D, wrapped=RegistryEntryHolder[function=Direct{ShiftA[offsetNoise=Noise[noiseData=Reference{ResourceKey[minecraft:worldgen/noise / minecraft:offset]=NoiseParameters[firstOctave=-3, amplitudes=[1.0, 1.0, 1.0, 0.0]]}, noise=net.minecraft.util.math.noise.DoublePerlinNoiseSampler@7977c5ae]]}]]}]]}], shiftY=RegistryEntryHolder[function=Direct{Constant[value=0.0]}], shiftZ=RegistryEntryHolder[function=Direct{Wrapping[type=FlatCache, wrapped=RegistryEntryHolder[function=Direct{Wrapping[type=Cache2D, wrapped=RegistryEntryHolder[function=Direct{ShiftB[offsetNoise=Noise[noiseData=Reference{ResourceKey[minecraft:worldgen/noise / minecraft:offset]=NoiseParameters[firstOctave=-3, amplitudes=[1.0, 1.0, 1.0, 0.0]]}, noise=net.minecraft.util.math.noise.DoublePerlinNoiseSampler@7977c5ae]]}]]}]]}], xzScale=0.25, yScale=0.0, noise=Noise[noiseData=Reference{ResourceKey[minecraft:worldgen/noise / minecraft:ridge]=NoiseParameters[firstOctave=-7, amplitudes=[1.0, 2.0, 1.0, 0.0, 0.0, 0.0]]}, noise=net.minecraft.util.math.noise.DoublePerlinNoiseSampler@29ecbef]]}]]}], minValue=0.0, maxValue=5.7142857142857135]}], minValue=-0.6666666666666666, maxValue=5.047619047619047]}], minValue=0.0, maxValue=5.047619047619047]}], minValue=-0.3333333333333333, maxValue=4.7142857142857135]}], minValue=-14.14285714285714, maxValue=1.0]}], locations=[F@5b364d6c, values=[FixedFloatFunction[value=-0.05], FixedFloatFunction[value=0.01], FixedFloatFunction[value=0.01], FixedFloatFunction[value=0.03], FixedFloatFunction[value=0.1]], derivatives=[F@29792f47, minValue=-6.621429, maxValue=0.11015], FixedFloatFunction[value=0.17]], derivatives=[F@4333f699, minValue=-6.621429, maxValue=0.17], Implementation[coordinate=Coordinate[Direct{BinaryOperation[type=MUL, argument1=RegistryEntryHolder[function=Direct{Constant[value=-3.0]}], argument2=RegistryEntryHolder[function=Direct{BinaryOperation[type=ADD, argument1=RegistryEntryHolder[function=Direct{Constant[value=-0.3333333333333333]}], argument2=RegistryEntryHolder[function=Direct{UnaryOperation[type=ABS, input=RegistryEntryHolder[function=Direct{BinaryOperation[type=ADD, argument1=RegistryEntryHolder[function=Direct{Constant[value=-0.6666666666666666]}], argument2=RegistryEntryHolder[function=Direct{UnaryOperation[type=ABS, input=RegistryEntryHolder[function=Direct{Wrapping[type=FlatCache, wrapped=RegistryEntryHolder[function=Direct{ShiftedNoise[shiftX=RegistryEntryHolder[function=Direct{Wrapping[type=FlatCache, wrapped=RegistryEntryHolder[function=Direct{Wrapping[type=Cache2D, wrapped=RegistryEntryHolder[function=Direct{ShiftA[offsetNoise=Noise[noiseData=Reference{ResourceKey[minecraft:worldgen/noise / minecraft:offset]=NoiseParameters[firstOctave=-3, amplitudes=[1.0, 1.0, 1.0, 0.0]]}, noise=net.minecraft.util.math.noise.DoublePerlinNoiseSampler@7977c5ae]]}]]}]]}], shiftY=RegistryEntryHolder[function=Direct{Constant[value=0.0]}], shiftZ=RegistryEntryHolder[function=Direct{Wrapping[type=FlatCache, wrapped=RegistryEntryHolder[function=Direct{Wrapping[type=Cache2D, wrapped=RegistryEntryHolder[function=Direct{ShiftB[offsetNoise=Noise[noiseData=Reference{ResourceKey[minecraft:worldgen/noise / minecraft:offset]=NoiseParameters[firstOctave=-3, amplitudes=[1.0, 1.0, 1.0, 0.0]]}, noise=net.minecraft.util.math.noise.DoublePerlinNoiseSampler@7977c5ae]]}]]}]]}], xzScale=0.25, yScale=0.0, noise=Noise[noiseData=Reference{ResourceKey[minecraft:worldgen/noise / minecraft:ridge]=NoiseParameters[firstOctave=-7, amplitudes=[1.0, 2.0, 1.0, 0.0, 0.0, 0.0]]}, noise=net.minecraft.util.math.noise.DoublePerlinNoiseSampler@29ecbef]]}]]}], minValue=0.0, maxValue=5.7142857142857135]}], minValue=-0.6666666666666666, maxValue=5.047619047619047]}], minValue=0.0, maxValue=5.047619047619047]}], minValue=-0.3333333333333333, maxValue=4.7142857142857135]}], minValue=-14.14285714285714, maxValue=1.0]}], locations=[F@522454f0, values=[FixedFloatFunction[value=-0.05], FixedFloatFunction[value=0.01], FixedFloatFunction[value=0.01], FixedFloatFunction[value=0.03], FixedFloatFunction[value=0.1]], derivatives=[F@3b902ef5, minValue=-6.621429, maxValue=0.11015], Implementation[coordinate=Coordinate[Direct{BinaryOperation[type=MUL, argument1=RegistryEntryHolder[function=Direct{Constant[value=-3.0]}], argument2=RegistryEntryHolder[function=Direct{BinaryOperation[type=ADD, argument1=RegistryEntryHolder[function=Direct{Constant[value=-0.3333333333333333]}], argument2=RegistryEntryHolder[function=Direct{UnaryOperation[type=ABS, input=RegistryEntryHolder[function=Direct{BinaryOperation[type=ADD, argument1=RegistryEntryHolder[function=Direct{Constant[value=-0.6666666666666666]}], argument2=RegistryEntryHolder[function=Direct{UnaryOperation[type=ABS, input=RegistryEntryHolder[function=Direct{Wrapping[type=FlatCache, wrapped=RegistryEntryHolder[function=Direct{ShiftedNoise[shiftX=RegistryEntryHolder[function=Direct{Wrapping[type=FlatCache, wrapped=RegistryEntryHolder[function=Direct{Wrapping[type=Cache2D, wrapped=RegistryEntryHolder[function=Direct{ShiftA[offsetNoise=Noise[noiseData=Reference{ResourceKey[minecraft:worldgen/noise / minecraft:offset]=NoiseParameters[firstOctave=-3, amplitudes=[1.0, 1.0, 1.0, 0.0]]}, noise=net.minecraft.util.math.noise.DoublePerlinNoiseSampler@7977c5ae]]}]]}]]}], shiftY=RegistryEntryHolder[function=Direct{Constant[value=0.0]}], shiftZ=RegistryEntryHolder[function=Direct{Wrapping[type=FlatCache, wrapped=RegistryEntryHolder[function=Direct{Wrapping[type=Cache2D, wrapped=RegistryEntryHolder[function=Direct{ShiftB[offsetNoise=Noise[noiseData=Reference{ResourceKey[minecraft:worldgen/noise / minecraft:offset]=NoiseParameters[firstOctave=-3, amplitudes=[1.0, 1.0, 1.0, 0.0]]}, noise=net.minecraft.util.math.noise.DoublePerlinNoiseSampler@7977c5ae]]}]]}]]}], xzScale=0.25, yScale=0.0, noise=Noise[noiseData=Reference{ResourceKey[minecraft:worldgen/noise / minecraft:ridge]=NoiseParameters[firstOctave=-7, amplitudes=[1.0, 2.0, 1.0, 0.0, 0.0, 0.0]]}, noise=net.minecraft.util.math.noise.DoublePerlinNoiseSampler@29ecbef]]}]]}], minValue=0.0, maxValue=5.7142857142857135]}], minValue=-0.6666666666666666, maxValue=5.047619047619047]}], minValue=0.0, maxValue=5.047619047619047]}], minValue=-0.3333333333333333, maxValue=4.7142857142857135]}], minValue=-14.14285714285714, maxValue=1.0]}], locations=[F@5b732dd7, values=[FixedFloatFunction[value=-0.02], FixedFloatFunction[value=0.01], FixedFloatFunction[value=0.01], FixedFloatFunction[value=0.03], FixedFloatFunction[value=0.1]], derivatives=[F@7a89f1e, minValue=-0.21714285, maxValue=0.11015]], derivatives=[F@775bc8cf, minValue=-6.7714286, maxValue=1.5]], derivatives=[F@4d86a757, minValue=-6.871429, maxValue=1.5]]}], minValue=-7.3751789927482605, maxValue=0.9962499737739563]}], argument2=RegistryEntryHolder[function=Direct{Wrapping[type=CacheOnce, wrapped=RegistryEntryHolder[function=Direct{INSTANCE}]]}], minValue=-7.3751789927482605, maxValue=0.9962499737739563]}], minValue=-7.3751789927482605, maxValue=0.9962499737739563]}]]}]]}], minValue=-8.87517899274826, maxValue=2.4962499737739563]}], argument2=RegistryEntryHolder[function=Direct{BinaryOperation[type=MUL, argument1=RegistryEntryHolder[function=Direct{Wrapping[type=FlatCache, wrapped=RegistryEntryHolder[function=Direct{Wrapping[type=Cache2D, wrapped=RegistryEntryHolder[function=Direct{BinaryOperation[type=ADD, argument1=RegistryEntryHolder[function=Direct{Constant[value=0.0]}], argument2=RegistryEntryHolder[function=Direct{BinaryOperation[type=MUL, argument1=RegistryEntryHolder[function=Direct{INSTANCE}], argument2=RegistryEntryHolder[function=Direct{BinaryOperation[type=ADD, argument1=RegistryEntryHolder[function=Direct{Constant[value=-0.0]}], argument2=RegistryEntryHolder[function=Direct{Spline[spline=Implementation[coordinate=Coordinate[Direct{Wrapping[type=FlatCache, wrapped=RegistryEntryHolder[function=Direct{ShiftedNoise[shiftX=RegistryEntryHolder[function=Direct{Wrapping[type=FlatCache, wrapped=RegistryEntryHolder[function=Direct{Wrapping[type=Cache2D, wrapped=RegistryEntryHolder[function=Direct{ShiftA[offsetNoise=Noise[noiseData=Reference{ResourceKey[minecraft:worldgen/noise / minecraft:offset]=NoiseParameters[firstOctave=-3, amplitudes=[1.0, 1.0, 1.0, 0.0]]}, noise=net.minecraft.util.math.noise.DoublePerlinNoiseSampler@7977c5ae]]}]]}]]}], shiftY=RegistryEntryHolder[function=Direct{Constant[value=0.0]}], shiftZ=RegistryEntryHolder[function=Direct{Wrapping[type=FlatCache, wrapped=RegistryEntryHolder[function=Direct{Wrapping[type=Cache2D, wrapped=RegistryEntryHolder[function=Direct{ShiftB[offsetNoise=Noise[noiseData=Reference{ResourceKey[minecraft:worldgen/noise / minecraft:offset]=NoiseParameters[firstOctave=-3, amplitudes=[1.0, 1.0, 1.0, 0.0]]}, noise=net.minecraft.util.math.noise.DoublePerlinNoiseSampler@7977c5ae]]}]]}]]}], xzScale=0.25, yScale=0.0, noise=Noise[noiseData=Reference{ResourceKey[minecraft:worldgen/noise / minecraft:continentalness]=NoiseParameters[firstOctave=-9, amplitudes=[1.0, 1.0, 2.0, 2.0, 2.0, 1.0, 1.0, 1.0, 1.0]]}, noise=net.minecraft.util.math.noise.DoublePerlinNoiseSampler@69bcde28]]}]]}], locations=[F@2a88f696, values=[FixedFloatFunction[value=0.0], Implementation[coordinate=Coordinate[Direct{Wrapping[type=FlatCache, wrapped=RegistryEntryHolder[function=Direct{ShiftedNoise[shiftX=RegistryEntryHolder[function=Direct{Wrapping[type=FlatCache, wrapped=RegistryEntryHolder[function=Direct{Wrapping[type=Cache2D, wrapped=RegistryEntryHolder[function=Direct{ShiftA[offsetNoise=Noise[noiseData=Reference{ResourceKey[minecraft:worldgen/noise / minecraft:offset]=NoiseParameters[firstOctave=-3, amplitudes=[1.0, 1.0, 1.0, 0.0]]}, noise=net.minecraft.util.math.noise.DoublePerlinNoiseSampler@7977c5ae]]}]]}]]}], shiftY=RegistryEntryHolder[function=Direct{Constant[value=0.0]}], shiftZ=RegistryEntryHolder[function=Direct{Wrapping[type=FlatCache, wrapped=RegistryEntryHolder[function=Direct{Wrapping[type=Cache2D, wrapped=RegistryEntryHolder[function=Direct{ShiftB[offsetNoise=Noise[noiseData=Reference{ResourceKey[minecraft:worldgen/noise / minecraft:offset]=NoiseParameters[firstOctave=-3, amplitudes=[1.0, 1.0, 1.0, 0.0]]}, noise=net.minecraft.util.math.noise.DoublePerlinNoiseSampler@7977c5ae]]}]]}]]}], xzScale=0.25, yScale=0.0, noise=Noise[noiseData=Reference{ResourceKey[minecraft:worldgen/noise / minecraft:erosion]=NoiseParameters[firstOctave=-9, amplitudes=[1.0, 1.0, 0.0, 1.0, 1.0]]}, noise=net.minecraft.util.math.noise.DoublePerlinNoiseSampler@2e212c04]]}]]}], locations=[F@319c3da5, values=[Implementation[coordinate=Coordinate[Direct{BinaryOperation[type=MUL, argument1=RegistryEntryHolder[function=Direct{Constant[value=-3.0]}], argument2=RegistryEntryHolder[function=Direct{BinaryOperation[type=ADD, argument1=RegistryEntryHolder[function=Direct{Constant[value=-0.3333333333333333]}], argument2=RegistryEntryHolder[function=Direct{UnaryOperation[type=ABS, input=RegistryEntryHolder[function=Direct{BinaryOperation[type=ADD, argument1=RegistryEntryHolder[function=Direct{Constant[value=-0.6666666666666666]}], argument2=RegistryEntryHolder[function=Direct{UnaryOperation[type=ABS, input=RegistryEntryHolder[function=Direct{Wrapping[type=FlatCache, wrapped=RegistryEntryHolder[function=Direct{ShiftedNoise[shiftX=RegistryEntryHolder[function=Direct{Wrapping[type=FlatCache, wrapped=RegistryEntryHolder[function=Direct{Wrapping[type=Cache2D, wrapped=RegistryEntryHolder[function=Direct{ShiftA[offsetNoise=Noise[noiseData=Reference{ResourceKey[minecraft:worldgen/noise / minecraft:offset]=NoiseParameters[firstOctave=-3, amplitudes=[1.0, 1.0, 1.0, 0.0]]}, noise=net.minecraft.util.math.noise.DoublePerlinNoiseSampler@7977c5ae]]}]]}]]}], shiftY=RegistryEntryHolder[function=Direct{Constant[value=0.0]}], shiftZ=RegistryEntryHolder[function=Direct{Wrapping[type=FlatCache, wrapped=RegistryEntryHolder[function=Direct{Wrapping[type=Cache2D, wrapped=RegistryEntryHolder[function=Direct{ShiftB[offsetNoise=Noise[noiseData=Reference{ResourceKey[minecraft:worldgen/noise / minecraft:offset]=NoiseParameters[firstOctave=-3, amplitudes=[1.0, 1.0, 1.0, 0.0]]}, noise=net.minecraft.util.math.noise.DoublePerlinNoiseSampler@7977c5ae]]}]]}]]}], xzScale=0.25, yScale=0.0, noise=Noise[noiseData=Reference{ResourceKey[minecraft:worldgen/noise / minecraft:ridge]=NoiseParameters[firstOctave=-7, amplitudes=[1.0, 2.0, 1.0, 0.0, 0.0, 0.0]]}, noise=net.minecraft.util.math.noise.DoublePerlinNoiseSampler@29ecbef]]}]]}], minValue=0.0, maxValue=5.7142857142857135]}], minValue=-0.6666666666666666, maxValue=5.047619047619047]}], minValue=0.0, maxValue=5.047619047619047]}], minValue=-0.3333333333333333, maxValue=4.7142857142857135]}], minValue=-14.14285714285714, maxValue=1.0]}], locations=[F@7cdce235, values=[FixedFloatFunction[value=0.0], FixedFloatFunction[value=0.0], Implementation[coordinate=Coordinate[Direct{Wrapping[type=FlatCache, wrapped=RegistryEntryHolder[function=Direct{ShiftedNoise[shiftX=RegistryEntryHolder[function=Direct{Wrapping[type=FlatCache, wrapped=RegistryEntryHolder[function=Direct{Wrapping[type=Cache2D, wrapped=RegistryEntryHolder[function=Direct{ShiftA[offsetNoise=Noise[noiseData=Reference{ResourceKey[minecraft:worldgen/noise / minecraft:offset]=NoiseParameters[firstOctave=-3, amplitudes=[1.0, 1.0, 1.0, 0.0]]}, noise=net.minecraft.util.math.noise.DoublePerlinNoiseSampler@7977c5ae]]}]]}]]}], shiftY=RegistryEntryHolder[function=Direct{Constant[value=0.0]}], shiftZ=RegistryEntryHolder[function=Direct{Wrapping[type=FlatCache, wrapped=RegistryEntryHolder[function=Direct{Wrapping[type=Cache2D, wrapped=RegistryEntryHolder[function=Direct{ShiftB[offsetNoise=Noise[noiseData=Reference{ResourceKey[minecraft:worldgen/noise / minecraft:offset]=NoiseParameters[firstOctave=-3, amplitudes=[1.0, 1.0, 1.0, 0.0]]}, noise=net.minecraft.util.math.noise.DoublePerlinNoiseSampler@7977c5ae]]}]]}]]}], xzScale=0.25, yScale=0.0, noise=Noise[noiseData=Reference{ResourceKey[minecraft:worldgen/noise / minecraft:ridge]=NoiseParameters[firstOctave=-7, amplitudes=[1.0, 2.0, 1.0, 0.0, 0.0, 0.0]]}, noise=net.minecraft.util.math.noise.DoublePerlinNoiseSampler@29ecbef]]}]]}], locations=[F@5a75b71a, values=[FixedFloatFunction[value=0.63], FixedFloatFunction[value=0.3]], derivatives=[F@3724c684, minValue=0.3, maxValue=0.63]], derivatives=[F@6705a4d0, minValue=0.0, maxValue=0.63], Implementation[coordinate=Coordinate[Direct{BinaryOperation[type=MUL, argument1=RegistryEntryHolder[function=Direct{Constant[value=-3.0]}], argument2=RegistryEntryHolder[function=Direct{BinaryOperation[type=ADD, argument1=RegistryEntryHolder[function=Direct{Constant[value=-0.3333333333333333]}], argument2=RegistryEntryHolder[function=Direct{UnaryOperation[type=ABS, input=RegistryEntryHolder[function=Direct{BinaryOperation[type=ADD, argument1=RegistryEntryHolder[function=Direct{Constant[value=-0.6666666666666666]}], argument2=RegistryEntryHolder[function=Direct{UnaryOperation[type=ABS, input=RegistryEntryHolder[function=Direct{Wrapping[type=FlatCache, wrapped=RegistryEntryHolder[function=Direct{ShiftedNoise[shiftX=RegistryEntryHolder[function=Direct{Wrapping[type=FlatCache, wrapped=RegistryEntryHolder[function=Direct{Wrapping[type=Cache2D, wrapped=RegistryEntryHolder[function=Direct{ShiftA[offsetNoise=Noise[noiseData=Reference{ResourceKey[minecraft:worldgen/noise / minecraft:offset]=NoiseParameters[firstOctave=-3, amplitudes=[1.0, 1.0, 1.0, 0.0]]}, noise=net.minecraft.util.math.noise.DoublePerlinNoiseSampler@7977c5ae]]}]]}]]}], shiftY=RegistryEntryHolder[function=Direct{Constant[value=0.0]}], shiftZ=RegistryEntryHolder[function=Direct{Wrapping[type=FlatCache, wrapped=RegistryEntryHolder[function=Direct{Wrapping[type=Cache2D, wrapped=RegistryEntryHolder[function=Direct{ShiftB[offsetNoise=Noise[noiseData=Reference{ResourceKey[minecraft:worldgen/noise / minecraft:offset]=NoiseParameters[firstOctave=-3, amplitudes=[1.0, 1.0, 1.0, 0.0]]}, noise=net.minecraft.util.math.noise.DoublePerlinNoiseSampler@7977c5ae]]}]]}]]}], xzScale=0.25, yScale=0.0, noise=Noise[noiseData=Reference{ResourceKey[minecraft:worldgen/noise / minecraft:ridge]=NoiseParameters[firstOctave=-7, amplitudes=[1.0, 2.0, 1.0, 0.0, 0.0, 0.0]]}, noise=net.minecraft.util.math.noise.DoublePerlinNoiseSampler@29ecbef]]}]]}], minValue=0.0, maxValue=5.7142857142857135]}], minValue=-0.6666666666666666, maxValue=5.047619047619047]}], minValue=0.0, maxValue=5.047619047619047]}], minValue=-0.3333333333333333, maxValue=4.7142857142857135]}], minValue=-14.14285714285714, maxValue=1.0]}], locations=[F@7cd32f4f, values=[FixedFloatFunction[value=0.0], FixedFloatFunction[value=0.0], Implementation[coordinate=Coordinate[Direct{Wrapping[type=FlatCache, wrapped=RegistryEntryHolder[function=Direct{ShiftedNoise[shiftX=RegistryEntryHolder[function=Direct{Wrapping[type=FlatCache, wrapped=RegistryEntryHolder[function=Direct{Wrapping[type=Cache2D, wrapped=RegistryEntryHolder[function=Direct{ShiftA[offsetNoise=Noise[noiseData=Reference{ResourceKey[minecraft:worldgen/noise / minecraft:offset]=NoiseParameters[firstOctave=-3, amplitudes=[1.0, 1.0, 1.0, 0.0]]}, noise=net.minecraft.util.math.noise.DoublePerlinNoiseSampler@7977c5ae]]}]]}]]}], shiftY=RegistryEntryHolder[function=Direct{Constant[value=0.0]}], shiftZ=RegistryEntryHolder[function=Direct{Wrapping[type=FlatCache, wrapped=RegistryEntryHolder[function=Direct{Wrapping[type=Cache2D, wrapped=RegistryEntryHolder[function=Direct{ShiftB[offsetNoise=Noise[noiseData=Reference{ResourceKey[minecraft:worldgen/noise / minecraft:offset]=NoiseParameters[firstOctave=-3, amplitudes=[1.0, 1.0, 1.0, 0.0]]}, noise=net.minecraft.util.math.noise.DoublePerlinNoiseSampler@7977c5ae]]}]]}]]}], xzScale=0.25, yScale=0.0, noise=Noise[noiseData=Reference{ResourceKey[minecraft:worldgen/noise / minecraft:ridge]=NoiseParameters[firstOctave=-7, amplitudes=[1.0, 2.0, 1.0, 0.0, 0.0, 0.0]]}, noise=net.minecraft.util.math.noise.DoublePerlinNoiseSampler@29ecbef]]}]]}], locations=[F@be98aa8, values=[FixedFloatFunction[value=0.315], FixedFloatFunction[value=0.15]], derivatives=[F@1ae86db7, minValue=0.15, maxValue=0.315]], derivatives=[F@5081791e, minValue=0.0, maxValue=0.315], Implementation[coordinate=Coordinate[Direct{BinaryOperation[type=MUL, argument1=RegistryEntryHolder[function=Direct{Constant[value=-3.0]}], argument2=RegistryEntryHolder[function=Direct{BinaryOperation[type=ADD, argument1=RegistryEntryHolder[function=Direct{Constant[value=-0.3333333333333333]}], argument2=RegistryEntryHolder[function=Direct{UnaryOperation[type=ABS, input=RegistryEntryHolder[function=Direct{BinaryOperation[type=ADD, argument1=RegistryEntryHolder[function=Direct{Constant[value=-0.6666666666666666]}], argument2=RegistryEntryHolder[function=Direct{UnaryOperation[type=ABS, input=RegistryEntryHolder[function=Direct{Wrapping[type=FlatCache, wrapped=RegistryEntryHolder[function=Direct{ShiftedNoise[shiftX=RegistryEntryHolder[function=Direct{Wrapping[type=FlatCache, wrapped=RegistryEntryHolder[function=Direct{Wrapping[type=Cache2D, wrapped=RegistryEntryHolder[function=Direct{ShiftA[offsetNoise=Noise[noiseData=Reference{ResourceKey[minecraft:worldgen/noise / minecraft:offset]=NoiseParameters[firstOctave=-3, amplitudes=[1.0, 1.0, 1.0, 0.0]]}, noise=net.minecraft.util.math.noise.DoublePerlinNoiseSampler@7977c5ae]]}]]}]]}], shiftY=RegistryEntryHolder[function=Direct{Constant[value=0.0]}], shiftZ=RegistryEntryHolder[function=Direct{Wrapping[type=FlatCache, wrapped=RegistryEntryHolder[function=Direct{Wrapping[type=Cache2D, wrapped=RegistryEntryHolder[function=Direct{ShiftB[offsetNoise=Noise[noiseData=Reference{ResourceKey[minecraft:worldgen/noise / minecraft:offset]=NoiseParameters[firstOctave=-3, amplitudes=[1.0, 1.0, 1.0, 0.0]]}, noise=net.minecraft.util.math.noise.DoublePerlinNoiseSampler@7977c5ae]]}]]}]]}], xzScale=0.25, yScale=0.0, noise=Noise[noiseData=Reference{ResourceKey[minecraft:worldgen/noise / minecraft:ridge]=NoiseParameters[firstOctave=-7, amplitudes=[1.0, 2.0, 1.0, 0.0, 0.0, 0.0]]}, noise=net.minecraft.util.math.noise.DoublePerlinNoiseSampler@29ecbef]]}]]}], minValue=0.0, maxValue=5.7142857142857135]}], minValue=-0.6666666666666666, maxValue=5.047619047619047]}], minValue=0.0, maxValue=5.047619047619047]}], minValue=-0.3333333333333333, maxValue=4.7142857142857135]}], minValue=-14.14285714285714, maxValue=1.0]}], locations=[F@35cd9d16, values=[FixedFloatFunction[value=0.0], FixedFloatFunction[value=0.0], Implementation[coordinate=Coordinate[Direct{Wrapping[type=FlatCache, wrapped=RegistryEntryHolder[function=Direct{ShiftedNoise[shiftX=RegistryEntryHolder[function=Direct{Wrapping[type=FlatCache, wrapped=RegistryEntryHolder[function=Direct{Wrapping[type=Cache2D, wrapped=RegistryEntryHolder[function=Direct{ShiftA[offsetNoise=Noise[noiseData=Reference{ResourceKey[minecraft:worldgen/noise / minecraft:offset]=NoiseParameters[firstOctave=-3, amplitudes=[1.0, 1.0, 1.0, 0.0]]}, noise=net.minecraft.util.math.noise.DoublePerlinNoiseSampler@7977c5ae]]}]]}]]}], shiftY=RegistryEntryHolder[function=Direct{Constant[value=0.0]}], shiftZ=RegistryEntryHolder[function=Direct{Wrapping[type=FlatCache, wrapped=RegistryEntryHolder[function=Direct{Wrapping[type=Cache2D, wrapped=RegistryEntryHolder[function=Direct{ShiftB[offsetNoise=Noise[noiseData=Reference{ResourceKey[minecraft:worldgen/noise / minecraft:offset]=NoiseParameters[firstOctave=-3, amplitudes=[1.0, 1.0, 1.0, 0.0]]}, noise=net.minecraft.util.math.noise.DoublePerlinNoiseSampler@7977c5ae]]}]]}]]}], xzScale=0.25, yScale=0.0, noise=Noise[noiseData=Reference{ResourceKey[minecraft:worldgen/noise / minecraft:ridge]=NoiseParameters[firstOctave=-7, amplitudes=[1.0, 2.0, 1.0, 0.0, 0.0, 0.0]]}, noise=net.minecraft.util.math.noise.DoublePerlinNoiseSampler@29ecbef]]}]]}], locations=[F@72b6edcd, values=[FixedFloatFunction[value=0.315], FixedFloatFunction[value=0.15]], derivatives=[F@2beaa3f9, minValue=0.15, maxValue=0.315]], derivatives=[F@70786613, minValue=0.0, maxValue=0.315], FixedFloatFunction[value=0.0]], derivatives=[F@29047027, minValue=0.0, maxValue=0.63], Implementation[coordinate=Coordinate[Direct{Wrapping[type=FlatCache, wrapped=RegistryEntryHolder[function=Direct{ShiftedNoise[shiftX=RegistryEntryHolder[function=Direct{Wrapping[type=FlatCache, wrapped=RegistryEntryHolder[function=Direct{Wrapping[type=Cache2D, wrapped=RegistryEntryHolder[function=Direct{ShiftA[offsetNoise=Noise[noiseData=Reference{ResourceKey[minecraft:worldgen/noise / minecraft:offset]=NoiseParameters[firstOctave=-3, amplitudes=[1.0, 1.0, 1.0, 0.0]]}, noise=net.minecraft.util.math.noise.DoublePerlinNoiseSampler@7977c5ae]]}]]}]]}], shiftY=RegistryEntryHolder[function=Direct{Constant[value=0.0]}], shiftZ=RegistryEntryHolder[function=Direct{Wrapping[type=FlatCache, wrapped=RegistryEntryHolder[function=Direct{Wrapping[type=Cache2D, wrapped=RegistryEntryHolder[function=Direct{ShiftB[offsetNoise=Noise[noiseData=Reference{ResourceKey[minecraft:worldgen/noise / minecraft:offset]=NoiseParameters[firstOctave=-3, amplitudes=[1.0, 1.0, 1.0, 0.0]]}, noise=net.minecraft.util.math.noise.DoublePerlinNoiseSampler@7977c5ae]]}]]}]]}], xzScale=0.25, yScale=0.0, noise=Noise[noiseData=Reference{ResourceKey[minecraft:worldgen/noise / minecraft:erosion]=NoiseParameters[firstOctave=-9, amplitudes=[1.0, 1.0, 0.0, 1.0, 1.0]]}, noise=net.minecraft.util.math.noise.DoublePerlinNoiseSampler@2e212c04]]}]]}], locations=[F@6c99384f, values=[Implementation[coordinate=Coordinate[Direct{BinaryOperation[type=MUL, argument1=RegistryEntryHolder[function=Direct{Constant[value=-3.0]}], argument2=RegistryEntryHolder[function=Direct{BinaryOperation[type=ADD, argument1=RegistryEntryHolder[function=Direct{Constant[value=-0.3333333333333333]}], argument2=RegistryEntryHolder[function=Direct{UnaryOperation[type=ABS, input=RegistryEntryHolder[function=Direct{BinaryOperation[type=ADD, argument1=RegistryEntryHolder[function=Direct{Constant[value=-0.6666666666666666]}], argument2=RegistryEntryHolder[function=Direct{UnaryOperation[type=ABS, input=RegistryEntryHolder[function=Direct{Wrapping[type=FlatCache, wrapped=RegistryEntryHolder[function=Direct{ShiftedNoise[shiftX=RegistryEntryHolder[function=Direct{Wrapping[type=FlatCache, wrapped=RegistryEntryHolder[function=Direct{Wrapping[type=Cache2D, wrapped=RegistryEntryHolder[function=Direct{ShiftA[offsetNoise=Noise[noiseData=Reference{ResourceKey[minecraft:worldgen/noise / minecraft:offset]=NoiseParameters[firstOctave=-3, amplitudes=[1.0, 1.0, 1.0, 0.0]]}, noise=net.minecraft.util.math.noise.DoublePerlinNoiseSampler@7977c5ae]]}]]}]]}], shiftY=RegistryEntryHolder[function=Direct{Constant[value=0.0]}], shiftZ=RegistryEntryHolder[function=Direct{Wrapping[type=FlatCache, wrapped=RegistryEntryHolder[function=Direct{Wrapping[type=Cache2D, wrapped=RegistryEntryHolder[function=Direct{ShiftB[offsetNoise=Noise[noiseData=Reference{ResourceKey[minecraft:worldgen/noise / minecraft:offset]=NoiseParameters[firstOctave=-3, amplitudes=[1.0, 1.0, 1.0, 0.0]]}, noise=net.minecraft.util.math.noise.DoublePerlinNoiseSampler@7977c5ae]]}]]}]]}], xzScale=0.25, yScale=0.0, noise=Noise[noiseData=Reference{ResourceKey[minecraft:worldgen/noise / minecraft:ridge]=NoiseParameters[firstOctave=-7, amplitudes=[1.0, 2.0, 1.0, 0.0, 0.0, 0.0]]}, noise=net.minecraft.util.math.noise.DoublePerlinNoiseSampler@29ecbef]]}]]}], minValue=0.0, maxValue=5.7142857142857135]}], minValue=-0.6666666666666666, maxValue=5.047619047619047]}], minValue=0.0, maxValue=5.047619047619047]}], minValue=-0.3333333333333333, maxValue=4.7142857142857135]}], minValue=-14.14285714285714, maxValue=1.0]}], locations=[F@1212bb4e, values=[FixedFloatFunction[value=0.0], Implementation[coordinate=Coordinate[Direct{Wrapping[type=FlatCache, wrapped=RegistryEntryHolder[function=Direct{ShiftedNoise[shiftX=RegistryEntryHolder[function=Direct{Wrapping[type=FlatCache, wrapped=RegistryEntryHolder[function=Direct{Wrapping[type=Cache2D, wrapped=RegistryEntryHolder[function=Direct{ShiftA[offsetNoise=Noise[noiseData=Reference{ResourceKey[minecraft:worldgen/noise / minecraft:offset]=NoiseParameters[firstOctave=-3, amplitudes=[1.0, 1.0, 1.0, 0.0]]}, noise=net.minecraft.util.math.noise.DoublePerlinNoiseSampler@7977c5ae]]}]]}]]}], shiftY=RegistryEntryHolder[function=Direct{Constant[value=0.0]}], shiftZ=RegistryEntryHolder[function=Direct{Wrapping[type=FlatCache, wrapped=RegistryEntryHolder[function=Direct{Wrapping[type=Cache2D, wrapped=RegistryEntryHolder[function=Direct{ShiftB[offsetNoise=Noise[noiseData=Reference{ResourceKey[minecraft:worldgen/noise / minecraft:offset]=NoiseParameters[firstOctave=-3, amplitudes=[1.0, 1.0, 1.0, 0.0]]}, noise=net.minecraft.util.math.noise.DoublePerlinNoiseSampler@7977c5ae]]}]]}]]}], xzScale=0.25, yScale=0.0, noise=Noise[noiseData=Reference{ResourceKey[minecraft:worldgen/noise / minecraft:ridge]=NoiseParameters[firstOctave=-7, amplitudes=[1.0, 2.0, 1.0, 0.0, 0.0, 0.0]]}, noise=net.minecraft.util.math.noise.DoublePerlinNoiseSampler@29ecbef]]}]]}], locations=[F@21691fe1, values=[FixedFloatFunction[value=0.63], FixedFloatFunction[value=0.3]], derivatives=[F@2b66c6a3, minValue=0.3, maxValue=0.63], Implementation[coordinate=Coordinate[Direct{Wrapping[type=FlatCache, wrapped=RegistryEntryHolder[function=Direct{ShiftedNoise[shiftX=RegistryEntryHolder[function=Direct{Wrapping[type=FlatCache, wrapped=RegistryEntryHolder[function=Direct{Wrapping[type=Cache2D, wrapped=RegistryEntryHolder[function=Direct{ShiftA[offsetNoise=Noise[noiseData=Reference{ResourceKey[minecraft:worldgen/noise / minecraft:offset]=NoiseParameters[firstOctave=-3, amplitudes=[1.0, 1.0, 1.0, 0.0]]}, noise=net.minecraft.util.math.noise.DoublePerlinNoiseSampler@7977c5ae]]}]]}]]}], shiftY=RegistryEntryHolder[function=Direct{Constant[value=0.0]}], shiftZ=RegistryEntryHolder[function=Direct{Wrapping[type=FlatCache, wrapped=RegistryEntryHolder[function=Direct{Wrapping[type=Cache2D, wrapped=RegistryEntryHolder[function=Direct{ShiftB[offsetNoise=Noise[noiseData=Reference{ResourceKey[minecraft:worldgen/noise / minecraft:offset]=NoiseParameters[firstOctave=-3, amplitudes=[1.0, 1.0, 1.0, 0.0]]}, noise=net.minecraft.util.math.noise.DoublePerlinNoiseSampler@7977c5ae]]}]]}]]}], xzScale=0.25, yScale=0.0, noise=Noise[noiseData=Reference{ResourceKey[minecraft:worldgen/noise / minecraft:ridge]=NoiseParameters[firstOctave=-7, amplitudes=[1.0, 2.0, 1.0, 0.0, 0.0, 0.0]]}, noise=net.minecraft.util.math.noise.DoublePerlinNoiseSampler@29ecbef]]}]]}], locations=[F@e18d8c0, values=[FixedFloatFunction[value=0.63], FixedFloatFunction[value=0.3]], derivatives=[F@9d7da86, minValue=0.3, maxValue=0.63]], derivatives=[F@60a85a4a, minValue=0.0, maxValue=0.63], Implementation[coordinate=Coordinate[Direct{BinaryOperation[type=MUL, argument1=RegistryEntryHolder[function=Direct{Constant[value=-3.0]}], argument2=RegistryEntryHolder[function=Direct{BinaryOperation[type=ADD, argument1=RegistryEntryHolder[function=Direct{Constant[value=-0.3333333333333333]}], argument2=RegistryEntryHolder[function=Direct{UnaryOperation[type=ABS, input=RegistryEntryHolder[function=Direct{BinaryOperation[type=ADD, argument1=RegistryEntryHolder[function=Direct{Constant[value=-0.6666666666666666]}], argument2=RegistryEntryHolder[function=Direct{UnaryOperation[type=ABS, input=RegistryEntryHolder[function=Direct{Wrapping[type=FlatCache, wrapped=RegistryEntryHolder[function=Direct{ShiftedNoise[shiftX=RegistryEntryHolder[function=Direct{Wrapping[type=FlatCache, wrapped=RegistryEntryHolder[function=Direct{Wrapping[type=Cache2D, wrapped=RegistryEntryHolder[function=Direct{ShiftA[offsetNoise=Noise[noiseData=Reference{ResourceKey[minecraft:worldgen/noise / minecraft:offset]=NoiseParameters[firstOctave=-3, amplitudes=[1.0, 1.0, 1.0, 0.0]]}, noise=net.minecraft.util.math.noise.DoublePerlinNoiseSampler@7977c5ae]]}]]}]]}], shiftY=RegistryEntryHolder[function=Direct{Constant[value=0.0]}], shiftZ=RegistryEntryHolder[function=Direct{Wrapping[type=FlatCache, wrapped=RegistryEntryHolder[function=Direct{Wrapping[type=Cache2D, wrapped=RegistryEntryHolder[function=Direct{ShiftB[offsetNoise=Noise[noiseData=Reference{ResourceKey[minecraft:worldgen/noise / minecraft:offset]=NoiseParameters[firstOctave=-3, amplitudes=[1.0, 1.0, 1.0, 0.0]]}, noise=net.minecraft.util.math.noise.DoublePerlinNoiseSampler@7977c5ae]]}]]}]]}], xzScale=0.25, yScale=0.0, noise=Noise[noiseData=Reference{ResourceKey[minecraft:worldgen/noise / minecraft:ridge]=NoiseParameters[firstOctave=-7, amplitudes=[1.0, 2.0, 1.0, 0.0, 0.0, 0.0]]}, noise=net.minecraft.util.math.noise.DoublePerlinNoiseSampler@29ecbef]]}]]}], minValue=0.0, maxValue=5.7142857142857135]}], minValue=-0.6666666666666666, maxValue=5.047619047619047]}], minValue=0.0, maxValue=5.047619047619047]}], minValue=-0.3333333333333333, maxValue=4.7142857142857135]}], minValue=-14.14285714285714, maxValue=1.0]}], locations=[F@7de6cb22, values=[FixedFloatFunction[value=0.0], FixedFloatFunction[value=0.0], Implementation[coordinate=Coordinate[Direct{Wrapping[type=FlatCache, wrapped=RegistryEntryHolder[function=Direct{ShiftedNoise[shiftX=RegistryEntryHolder[function=Direct{Wrapping[type=FlatCache, wrapped=RegistryEntryHolder[function=Direct{Wrapping[type=Cache2D, wrapped=RegistryEntryHolder[function=Direct{ShiftA[offsetNoise=Noise[noiseData=Reference{ResourceKey[minecraft:worldgen/noise / minecraft:offset]=NoiseParameters[firstOctave=-3, amplitudes=[1.0, 1.0, 1.0, 0.0]]}, noise=net.minecraft.util.math.noise.DoublePerlinNoiseSampler@7977c5ae]]}]]}]]}], shiftY=RegistryEntryHolder[function=Direct{Constant[value=0.0]}], shiftZ=RegistryEntryHolder[function=Direct{Wrapping[type=FlatCache, wrapped=RegistryEntryHolder[function=Direct{Wrapping[type=Cache2D, wrapped=RegistryEntryHolder[function=Direct{ShiftB[offsetNoise=Noise[noiseData=Reference{ResourceKey[minecraft:worldgen/noise / minecraft:offset]=NoiseParameters[firstOctave=-3, amplitudes=[1.0, 1.0, 1.0, 0.0]]}, noise=net.minecraft.util.math.noise.DoublePerlinNoiseSampler@7977c5ae]]}]]}]]}], xzScale=0.25, yScale=0.0, noise=Noise[noiseData=Reference{ResourceKey[minecraft:worldgen/noise / minecraft:ridge]=NoiseParameters[firstOctave=-7, amplitudes=[1.0, 2.0, 1.0, 0.0, 0.0, 0.0]]}, noise=net.minecraft.util.math.noise.DoublePerlinNoiseSampler@29ecbef]]}]]}], locations=[F@35f0d286, values=[FixedFloatFunction[value=0.63], FixedFloatFunction[value=0.3]], derivatives=[F@2443d54, minValue=0.3, maxValue=0.63]], derivatives=[F@209c5d5c, minValue=0.0, maxValue=0.63], Implementation[coordinate=Coordinate[Direct{BinaryOperation[type=MUL, argument1=RegistryEntryHolder[function=Direct{Constant[value=-3.0]}], argument2=RegistryEntryHolder[function=Direct{BinaryOperation[type=ADD, argument1=RegistryEntryHolder[function=Direct{Constant[value=-0.3333333333333333]}], argument2=RegistryEntryHolder[function=Direct{UnaryOperation[type=ABS, input=RegistryEntryHolder[function=Direct{BinaryOperation[type=ADD, argument1=RegistryEntryHolder[function=Direct{Constant[value=-0.6666666666666666]}], argument2=RegistryEntryHolder[function=Direct{UnaryOperation[type=ABS, input=RegistryEntryHolder[function=Direct{Wrapping[type=FlatCache, wrapped=RegistryEntryHolder[function=Direct{ShiftedNoise[shiftX=RegistryEntryHolder[function=Direct{Wrapping[type=FlatCache, wrapped=RegistryEntryHolder[function=Direct{Wrapping[type=Cache2D, wrapped=RegistryEntryHolder[function=Direct{ShiftA[offsetNoise=Noise[noiseData=Reference{ResourceKey[minecraft:worldgen/noise / minecraft:offset]=NoiseParameters[firstOctave=-3, amplitudes=[1.0, 1.0, 1.0, 0.0]]}, noise=net.minecraft.util.math.noise.DoublePerlinNoiseSampler@7977c5ae]]}]]}]]}], shiftY=RegistryEntryHolder[function=Direct{Constant[value=0.0]}], shiftZ=RegistryEntryHolder[function=Direct{Wrapping[type=FlatCache, wrapped=RegistryEntryHolder[function=Direct{Wrapping[type=Cache2D, wrapped=RegistryEntryHolder[function=Direct{ShiftB[offsetNoise=Noise[noiseData=Reference{ResourceKey[minecraft:worldgen/noise / minecraft:offset]=NoiseParameters[firstOctave=-3, amplitudes=[1.0, 1.0, 1.0, 0.0]]}, noise=net.minecraft.util.math.noise.DoublePerlinNoiseSampler@7977c5ae]]}]]}]]}], xzScale=0.25, yScale=0.0, noise=Noise[noiseData=Reference{ResourceKey[minecraft:worldgen/noise / minecraft:ridge]=NoiseParameters[firstOctave=-7, amplitudes=[1.0, 2.0, 1.0, 0.0, 0.0, 0.0]]}, noise=net.minecraft.util.math.noise.DoublePerlinNoiseSampler@29ecbef]]}]]}], minValue=0.0, maxValue=5.7142857142857135]}], minValue=-0.6666666666666666, maxValue=5.047619047619047]}], minValue=0.0, maxValue=5.047619047619047]}], minValue=-0.3333333333333333, maxValue=4.7142857142857135]}], minValue=-14.14285714285714, maxValue=1.0]}], locations=[F@6be83db6, values=[FixedFloatFunction[value=0.0], FixedFloatFunction[value=0.0], Implementation[coordinate=Coordinate[Direct{Wrapping[type=FlatCache, wrapped=RegistryEntryHolder[function=Direct{ShiftedNoise[shiftX=RegistryEntryHolder[function=Direct{Wrapping[type=FlatCache, wrapped=RegistryEntryHolder[function=Direct{Wrapping[type=Cache2D, wrapped=RegistryEntryHolder[function=Direct{ShiftA[offsetNoise=Noise[noiseData=Reference{ResourceKey[minecraft:worldgen/noise / minecraft:offset]=NoiseParameters[firstOctave=-3, amplitudes=[1.0, 1.0, 1.0, 0.0]]}, noise=net.minecraft.util.math.noise.DoublePerlinNoiseSampler@7977c5ae]]}]]}]]}], shiftY=RegistryEntryHolder[function=Direct{Constant[value=0.0]}], shiftZ=RegistryEntryHolder[function=Direct{Wrapping[type=FlatCache, wrapped=RegistryEntryHolder[function=Direct{Wrapping[type=Cache2D, wrapped=RegistryEntryHolder[function=Direct{ShiftB[offsetNoise=Noise[noiseData=Reference{ResourceKey[minecraft:worldgen/noise / minecraft:offset]=NoiseParameters[firstOctave=-3, amplitudes=[1.0, 1.0, 1.0, 0.0]]}, noise=net.minecraft.util.math.noise.DoublePerlinNoiseSampler@7977c5ae]]}]]}]]}], xzScale=0.25, yScale=0.0, noise=Noise[noiseData=Reference{ResourceKey[minecraft:worldgen/noise / minecraft:ridge]=NoiseParameters[firstOctave=-7, amplitudes=[1.0, 2.0, 1.0, 0.0, 0.0, 0.0]]}, noise=net.minecraft.util.math.noise.DoublePerlinNoiseSampler@29ecbef]]}]]}], locations=[F@583fa6af, values=[FixedFloatFunction[value=0.63], FixedFloatFunction[value=0.3]], derivatives=[F@7b329e61, minValue=0.3, maxValue=0.63]], derivatives=[F@39864ae6, minValue=0.0, maxValue=0.63], FixedFloatFunction[value=0.0]], derivatives=[F@1329c5ed, minValue=0.0, maxValue=0.63]], derivatives=[F@368603f9, minValue=0.0, maxValue=0.63]]}], minValue=0.0, maxValue=0.6299999952316284]}], minValue=0.0, maxValue=0.6299999952316284]}], minValue=0.0, maxValue=0.6299999952316284]}]]}]]}], argument2=RegistryEntryHolder[function=Direct{UnaryOperation[type=HALF_NEGATIVE, input=RegistryEntryHolder[function=Direct{Noise[noise=Noise[noiseData=Reference{ResourceKey[minecraft:worldgen/noise / minecraft:jagged]=NoiseParameters[firstOctave=-16, amplitudes=[1.0, 1.0, 1.0, 1.0, 1.0, 1.0, 1.0, 1.0, 1.0, 1.0, 1.0, 1.0, 1.0, 1.0, 1.0, 1.0]]}, noise=net.minecraft.util.math.noise.DoublePerlinNoiseSampler@47edd8e8], xzScale=1500.0, yScale=0.0]}], minValue=-3.137254901960784, maxValue=6.274509803921568]}], minValue=-1.9764705732756966, maxValue=3.9529411465513933]}], minValue=-10.851649566023957, maxValue=6.44919112032535]}], argument2=RegistryEntryHolder[function=Direct{Wrapping[type=FlatCache, wrapped=RegistryEntryHolder[function=Direct{Wrapping[type=Cache2D, wrapped=RegistryEntryHolder[function=Direct{BinaryOperation[type=ADD, argument1=RegistryEntryHolder[function=Direct{Constant[value=10.0]}], argument2=RegistryEntryHolder[function=Direct{BinaryOperation[type=MUL, argument1=RegistryEntryHolder[function=Direct{INSTANCE}], argument2=RegistryEntryHolder[function=Direct{BinaryOperation[type=ADD, argument1=RegistryEntryHolder[function=Direct{Constant[value=-10.0]}], argument2=RegistryEntryHolder[function=Direct{Spline[spline=Implementation[coordinate=Coordinate[Direct{Wrapping[type=FlatCache, wrapped=RegistryEntryHolder[function=Direct{ShiftedNoise[shiftX=RegistryEntryHolder[function=Direct{Wrapping[type=FlatCache, wrapped=RegistryEntryHolder[function=Direct{Wrapping[type=Cache2D, wrapped=RegistryEntryHolder[function=Direct{ShiftA[offsetNoise=Noise[noiseData=Reference{ResourceKey[minecraft:worldgen/noise / minecraft:offset]=NoiseParameters[firstOctave=-3, amplitudes=[1.0, 1.0, 1.0, 0.0]]}, noise=net.minecraft.util.math.noise.DoublePerlinNoiseSampler@7977c5ae]]}]]}]]}], shiftY=RegistryEntryHolder[function=Direct{Constant[value=0.0]}], shiftZ=RegistryEntryHolder[function=Direct{Wrapping[type=FlatCache, wrapped=RegistryEntryHolder[function=Direct{Wrapping[type=Cache2D, wrapped=RegistryEntryHolder[function=Direct{ShiftB[offsetNoise=Noise[noiseData=Reference{ResourceKey[minecraft:worldgen/noise / minecraft:offset]=NoiseParameters[firstOctave=-3, amplitudes=[1.0, 1.0, 1.0, 0.0]]}, noise=net.minecraft.util.math.noise.DoublePerlinNoiseSampler@7977c5ae]]}]]}]]}], xzScale=0.25, yScale=0.0, noise=Noise[noiseData=Reference{ResourceKey[minecraft:worldgen/noise / minecraft:continentalness]=NoiseParameters[firstOctave=-9, amplitudes=[1.0, 1.0, 2.0, 2.0, 2.0, 1.0, 1.0, 1.0, 1.0]]}, noise=net.minecraft.util.math.noise.DoublePerlinNoiseSampler@69bcde28]]}]]}], locations=[F@1d3a133e, values=[FixedFloatFunction[value=3.95], Implementation[coordinate=Coordinate[Direct{Wrapping[type=FlatCache, wrapped=RegistryEntryHolder[function=Direct{ShiftedNoise[shiftX=RegistryEntryHolder[function=Direct{Wrapping[type=FlatCache, wrapped=RegistryEntryHolder[function=Direct{Wrapping[type=Cache2D, wrapped=RegistryEntryHolder[function=Direct{ShiftA[offsetNoise=Noise[noiseData=Reference{ResourceKey[minecraft:worldgen/noise / minecraft:offset]=NoiseParameters[firstOctave=-3, amplitudes=[1.0, 1.0, 1.0, 0.0]]}, noise=net.minecraft.util.math.noise.DoublePerlinNoiseSampler@7977c5ae]]}]]}]]}], shiftY=RegistryEntryHolder[function=Direct{Constant[value=0.0]}], shiftZ=RegistryEntryHolder[function=Direct{Wrapping[type=FlatCache, wrapped=RegistryEntryHolder[function=Direct{Wrapping[type=Cache2D, wrapped=RegistryEntryHolder[function=Direct{ShiftB[offsetNoise=Noise[noiseData=Reference{ResourceKey[minecraft:worldgen/noise / minecraft:offset]=NoiseParameters[firstOctave=-3, amplitudes=[1.0, 1.0, 1.0, 0.0]]}, noise=net.minecraft.util.math.noise.DoublePerlinNoiseSampler@7977c5ae]]}]]}]]}], xzScale=0.25, yScale=0.0, noise=Noise[noiseData=Reference{ResourceKey[minecraft:worldgen/noise / minecraft:erosion]=NoiseParameters[firstOctave=-9, amplitudes=[1.0, 1.0, 0.0, 1.0, 1.0]]}, noise=net.minecraft.util.math.noise.DoublePerlinNoiseSampler@2e212c04]]}]]}], locations=[F@5b107232, values=[Implementation[coordinate=Coordinate[Direct{Wrapping[type=FlatCache, wrapped=RegistryEntryHolder[function=Direct{ShiftedNoise[shiftX=RegistryEntryHolder[function=Direct{Wrapping[type=FlatCache, wrapped=RegistryEntryHolder[function=Direct{Wrapping[type=Cache2D, wrapped=RegistryEntryHolder[function=Direct{ShiftA[offsetNoise=Noise[noiseData=Reference{ResourceKey[minecraft:worldgen/noise / minecraft:offset]=NoiseParameters[firstOctave=-3, amplitudes=[1.0, 1.0, 1.0, 0.0]]}, noise=net.minecraft.util.math.noise.DoublePerlinNoiseSampler@7977c5ae]]}]]}]]}], shiftY=RegistryEntryHolder[function=Direct{Constant[value=0.0]}], shiftZ=RegistryEntryHolder[function=Direct{Wrapping[type=FlatCache, wrapped=RegistryEntryHolder[function=Direct{Wrapping[type=Cache2D, wrapped=RegistryEntryHolder[function=Direct{ShiftB[offsetNoise=Noise[noiseData=Reference{ResourceKey[minecraft:worldgen/noise / minecraft:offset]=NoiseParameters[firstOctave=-3, amplitudes=[1.0, 1.0, 1.0, 0.0]]}, noise=net.minecraft.util.math.noise.DoublePerlinNoiseSampler@7977c5ae]]}]]}]]}], xzScale=0.25, yScale=0.0, noise=Noise[noiseData=Reference{ResourceKey[minecraft:worldgen/noise / minecraft:ridge]=NoiseParameters[firstOctave=-7, amplitudes=[1.0, 2.0, 1.0, 0.0, 0.0, 0.0]]}, noise=net.minecraft.util.math.noise.DoublePerlinNoiseSampler@29ecbef]]}]]}], locations=[F@4787829f, values=[FixedFloatFunction[value=6.3], FixedFloatFunction[value=6.25]], derivatives=[F@570f7652, minValue=6.25, maxValue=6.3], Implementation[coordinate=Coordinate[Direct{Wrapping[type=FlatCache, wrapped=RegistryEntryHolder[function=Direct{ShiftedNoise[shiftX=RegistryEntryHolder[function=Direct{Wrapping[type=FlatCache, wrapped=RegistryEntryHolder[function=Direct{Wrapping[type=Cache2D, wrapped=RegistryEntryHolder[function=Direct{ShiftA[offsetNoise=Noise[noiseData=Reference{ResourceKey[minecraft:worldgen/noise / minecraft:offset]=NoiseParameters[firstOctave=-3, amplitudes=[1.0, 1.0, 1.0, 0.0]]}, noise=net.minecraft.util.math.noise.DoublePerlinNoiseSampler@7977c5ae]]}]]}]]}], shiftY=RegistryEntryHolder[function=Direct{Constant[value=0.0]}], shiftZ=RegistryEntryHolder[function=Direct{Wrapping[type=FlatCache, wrapped=RegistryEntryHolder[function=Direct{Wrapping[type=Cache2D, wrapped=RegistryEntryHolder[function=Direct{ShiftB[offsetNoise=Noise[noiseData=Reference{ResourceKey[minecraft:worldgen/noise / minecraft:offset]=NoiseParameters[firstOctave=-3, amplitudes=[1.0, 1.0, 1.0, 0.0]]}, noise=net.minecraft.util.math.noise.DoublePerlinNoiseSampler@7977c5ae]]}]]}]]}], xzScale=0.25, yScale=0.0, noise=Noise[noiseData=Reference{ResourceKey[minecraft:worldgen/noise / minecraft:ridge]=NoiseParameters[firstOctave=-7, amplitudes=[1.0, 2.0, 1.0, 0.0, 0.0, 0.0]]}, noise=net.minecraft.util.math.noise.DoublePerlinNoiseSampler@29ecbef]]}]]}], locations=[F@1a613c6e, values=[FixedFloatFunction[value=6.3], FixedFloatFunction[value=2.67]], derivatives=[F@42384cf2, minValue=2.67, maxValue=6.3], Implementation[coordinate=Coordinate[Direct{Wrapping[type=FlatCache, wrapped=RegistryEntryHolder[function=Direct{ShiftedNoise[shiftX=RegistryEntryHolder[function=Direct{Wrapping[type=FlatCache, wrapped=RegistryEntryHolder[function=Direct{Wrapping[type=Cache2D, wrapped=RegistryEntryHolder[function=Direct{ShiftA[offsetNoise=Noise[noiseData=Reference{ResourceKey[minecraft:worldgen/noise / minecraft:offset]=NoiseParameters[firstOctave=-3, amplitudes=[1.0, 1.0, 1.0, 0.0]]}, noise=net.minecraft.util.math.noise.DoublePerlinNoiseSampler@7977c5ae]]}]]}]]}], shiftY=RegistryEntryHolder[function=Direct{Constant[value=0.0]}], shiftZ=RegistryEntryHolder[function=Direct{Wrapping[type=FlatCache, wrapped=RegistryEntryHolder[function=Direct{Wrapping[type=Cache2D, wrapped=RegistryEntryHolder[function=Direct{ShiftB[offsetNoise=Noise[noiseData=Reference{ResourceKey[minecraft:worldgen/noise / minecraft:offset]=NoiseParameters[firstOctave=-3, amplitudes=[1.0, 1.0, 1.0, 0.0]]}, noise=net.minecraft.util.math.noise.DoublePerlinNoiseSampler@7977c5ae]]}]]}]]}], xzScale=0.25, yScale=0.0, noise=Noise[noiseData=Reference{ResourceKey[minecraft:worldgen/noise / minecraft:ridge]=NoiseParameters[firstOctave=-7, amplitudes=[1.0, 2.0, 1.0, 0.0, 0.0, 0.0]]}, noise=net.minecraft.util.math.noise.DoublePerlinNoiseSampler@29ecbef]]}]]}], locations=[F@3950ad50, values=[FixedFloatFunction[value=6.3], FixedFloatFunction[value=6.25]], derivatives=[F@15c1e1ce, minValue=6.25, maxValue=6.3], Implementation[coordinate=Coordinate[Direct{Wrapping[type=FlatCache, wrapped=RegistryEntryHolder[function=Direct{ShiftedNoise[shiftX=RegistryEntryHolder[function=Direct{Wrapping[type=FlatCache, wrapped=RegistryEntryHolder[function=Direct{Wrapping[type=Cache2D, wrapped=RegistryEntryHolder[function=Direct{ShiftA[offsetNoise=Noise[noiseData=Reference{ResourceKey[minecraft:worldgen/noise / minecraft:offset]=NoiseParameters[firstOctave=-3, amplitudes=[1.0, 1.0, 1.0, 0.0]]}, noise=net.minecraft.util.math.noise.DoublePerlinNoiseSampler@7977c5ae]]}]]}]]}], shiftY=RegistryEntryHolder[function=Direct{Constant[value=0.0]}], shiftZ=RegistryEntryHolder[function=Direct{Wrapping[type=FlatCache, wrapped=RegistryEntryHolder[function=Direct{Wrapping[type=Cache2D, wrapped=RegistryEntryHolder[function=Direct{ShiftB[offsetNoise=Noise[noiseData=Reference{ResourceKey[minecraft:worldgen/noise / minecraft:offset]=NoiseParameters[firstOctave=-3, amplitudes=[1.0, 1.0, 1.0, 0.0]]}, noise=net.minecraft.util.math.noise.DoublePerlinNoiseSampler@7977c5ae]]}]]}]]}], xzScale=0.25, yScale=0.0, noise=Noise[noiseData=Reference{ResourceKey[minecraft:worldgen/noise / minecraft:ridge]=NoiseParameters[firstOctave=-7, amplitudes=[1.0, 2.0, 1.0, 0.0, 0.0, 0.0]]}, noise=net.minecraft.util.math.noise.DoublePerlinNoiseSampler@29ecbef]]}]]}], locations=[F@6d03d54, values=[FixedFloatFunction[value=6.3], FixedFloatFunction[value=6.25]], derivatives=[F@60fbea0, minValue=6.25, maxValue=6.3], Implementation[coordinate=Coordinate[Direct{Wrapping[type=FlatCache, wrapped=RegistryEntryHolder[function=Direct{ShiftedNoise[shiftX=RegistryEntryHolder[function=Direct{Wrapping[type=FlatCache, wrapped=RegistryEntryHolder[function=Direct{Wrapping[type=Cache2D, wrapped=RegistryEntryHolder[function=Direct{ShiftA[offsetNoise=Noise[noiseData=Reference{ResourceKey[minecraft:worldgen/noise / minecraft:offset]=NoiseParameters[firstOctave=-3, amplitudes=[1.0, 1.0, 1.0, 0.0]]}, noise=net.minecraft.util.math.noise.DoublePerlinNoiseSampler@7977c5ae]]}]]}]]}], shiftY=RegistryEntryHolder[function=Direct{Constant[value=0.0]}], shiftZ=RegistryEntryHolder[function=Direct{Wrapping[type=FlatCache, wrapped=RegistryEntryHolder[function=Direct{Wrapping[type=Cache2D, wrapped=RegistryEntryHolder[function=Direct{ShiftB[offsetNoise=Noise[noiseData=Reference{ResourceKey[minecraft:worldgen/noise / minecraft:offset]=NoiseParameters[firstOctave=-3, amplitudes=[1.0, 1.0, 1.0, 0.0]]}, noise=net.minecraft.util.math.noise.DoublePerlinNoiseSampler@7977c5ae]]}]]}]]}], xzScale=0.25, yScale=0.0, noise=Noise[noiseData=Reference{ResourceKey[minecraft:worldgen/noise / minecraft:ridge]=NoiseParameters[firstOctave=-7, amplitudes=[1.0, 2.0, 1.0, 0.0, 0.0, 0.0]]}, noise=net.minecraft.util.math.noise.DoublePerlinNoiseSampler@29ecbef]]}]]}], locations=[F@3a09b91c, values=[FixedFloatFunction[value=2.67], FixedFloatFunction[value=6.3]], derivatives=[F@205cf002, minValue=2.67, maxValue=6.3], Implementation[coordinate=Coordinate[Direct{Wrapping[type=FlatCache, wrapped=RegistryEntryHolder[function=Direct{ShiftedNoise[shiftX=RegistryEntryHolder[function=Direct{Wrapping[type=FlatCache, wrapped=RegistryEntryHolder[function=Direct{Wrapping[type=Cache2D, wrapped=RegistryEntryHolder[function=Direct{ShiftA[offsetNoise=Noise[noiseData=Reference{ResourceKey[minecraft:worldgen/noise / minecraft:offset]=NoiseParameters[firstOctave=-3, amplitudes=[1.0, 1.0, 1.0, 0.0]]}, noise=net.minecraft.util.math.noise.DoublePerlinNoiseSampler@7977c5ae]]}]]}]]}], shiftY=RegistryEntryHolder[function=Direct{Constant[value=0.0]}], shiftZ=RegistryEntryHolder[function=Direct{Wrapping[type=FlatCache, wrapped=RegistryEntryHolder[function=Direct{Wrapping[type=Cache2D, wrapped=RegistryEntryHolder[function=Direct{ShiftB[offsetNoise=Noise[noiseData=Reference{ResourceKey[minecraft:worldgen/noise / minecraft:offset]=NoiseParameters[firstOctave=-3, amplitudes=[1.0, 1.0, 1.0, 0.0]]}, noise=net.minecraft.util.math.noise.DoublePerlinNoiseSampler@7977c5ae]]}]]}]]}], xzScale=0.25, yScale=0.0, noise=Noise[noiseData=Reference{ResourceKey[minecraft:worldgen/noise / minecraft:ridge]=NoiseParameters[firstOctave=-7, amplitudes=[1.0, 2.0, 1.0, 0.0, 0.0, 0.0]]}, noise=net.minecraft.util.math.noise.DoublePerlinNoiseSampler@29ecbef]]}]]}], locations=[F@27e153c0, values=[FixedFloatFunction[value=6.3], FixedFloatFunction[value=6.25]], derivatives=[F@5ce00322, minValue=6.25, maxValue=6.3], FixedFloatFunction[value=6.25], Implementation[coordinate=Coordinate[Direct{BinaryOperation[type=MUL, argument1=RegistryEntryHolder[function=Direct{Constant[value=-3.0]}], argument2=RegistryEntryHolder[function=Direct{BinaryOperation[type=ADD, argument1=RegistryEntryHolder[function=Direct{Constant[value=-0.3333333333333333]}], argument2=RegistryEntryHolder[function=Direct{UnaryOperation[type=ABS, input=RegistryEntryHolder[function=Direct{BinaryOperation[type=ADD, argument1=RegistryEntryHolder[function=Direct{Constant[value=-0.6666666666666666]}], argument2=RegistryEntryHolder[function=Direct{UnaryOperation[type=ABS, input=RegistryEntryHolder[function=Direct{Wrapping[type=FlatCache, wrapped=RegistryEntryHolder[function=Direct{ShiftedNoise[shiftX=RegistryEntryHolder[function=Direct{Wrapping[type=FlatCache, wrapped=RegistryEntryHolder[function=Direct{Wrapping[type=Cache2D, wrapped=RegistryEntryHolder[function=Direct{ShiftA[offsetNoise=Noise[noiseData=Reference{ResourceKey[minecraft:worldgen/noise / minecraft:offset]=NoiseParameters[firstOctave=-3, amplitudes=[1.0, 1.0, 1.0, 0.0]]}, noise=net.minecraft.util.math.noise.DoublePerlinNoiseSampler@7977c5ae]]}]]}]]}], shiftY=RegistryEntryHolder[function=Direct{Constant[value=0.0]}], shiftZ=RegistryEntryHolder[function=Direct{Wrapping[type=FlatCache, wrapped=RegistryEntryHolder[function=Direct{Wrapping[type=Cache2D, wrapped=RegistryEntryHolder[function=Direct{ShiftB[offsetNoise=Noise[noiseData=Reference{ResourceKey[minecraft:worldgen/noise / minecraft:offset]=NoiseParameters[firstOctave=-3, amplitudes=[1.0, 1.0, 1.0, 0.0]]}, noise=net.minecraft.util.math.noise.DoublePerlinNoiseSampler@7977c5ae]]}]]}]]}], xzScale=0.25, yScale=0.0, noise=Noise[noiseData=Reference{ResourceKey[minecraft:worldgen/noise / minecraft:ridge]=NoiseParameters[firstOctave=-7, amplitudes=[1.0, 2.0, 1.0, 0.0, 0.0, 0.0]]}, noise=net.minecraft.util.math.noise.DoublePerlinNoiseSampler@29ecbef]]}]]}], minValue=0.0, maxValue=5.7142857142857135]}], minValue=-0.6666666666666666, maxValue=5.047619047619047]}], minValue=0.0, maxValue=5.047619047619047]}], minValue=-0.3333333333333333, maxValue=4.7142857142857135]}], minValue=-14.14285714285714, maxValue=1.0]}], locations=[F@2bd690fb, values=[FixedFloatFunction[value=6.25], Implementation[coordinate=Coordinate[Direct{Wrapping[type=FlatCache, wrapped=RegistryEntryHolder[function=Direct{ShiftedNoise[shiftX=RegistryEntryHolder[function=Direct{Wrapping[type=FlatCache, wrapped=RegistryEntryHolder[function=Direct{Wrapping[type=Cache2D, wrapped=RegistryEntryHolder[function=Direct{ShiftA[offsetNoise=Noise[noiseData=Reference{ResourceKey[minecraft:worldgen/noise / minecraft:offset]=NoiseParameters[firstOctave=-3, amplitudes=[1.0, 1.0, 1.0, 0.0]]}, noise=net.minecraft.util.math.noise.DoublePerlinNoiseSampler@7977c5ae]]}]]}]]}], shiftY=RegistryEntryHolder[function=Direct{Constant[value=0.0]}], shiftZ=RegistryEntryHolder[function=Direct{Wrapping[type=FlatCache, wrapped=RegistryEntryHolder[function=Direct{Wrapping[type=Cache2D, wrapped=RegistryEntryHolder[function=Direct{ShiftB[offsetNoise=Noise[noiseData=Reference{ResourceKey[minecraft:worldgen/noise / minecraft:offset]=NoiseParameters[firstOctave=-3, amplitudes=[1.0, 1.0, 1.0, 0.0]]}, noise=net.minecraft.util.math.noise.DoublePerlinNoiseSampler@7977c5ae]]}]]}]]}], xzScale=0.25, yScale=0.0, noise=Noise[noiseData=Reference{ResourceKey[minecraft:worldgen/noise / minecraft:ridge]=NoiseParameters[firstOctave=-7, amplitudes=[1.0, 2.0, 1.0, 0.0, 0.0, 0.0]]}, noise=net.minecraft.util.math.noise.DoublePerlinNoiseSampler@29ecbef]]}]]}], locations=[F@6ccdb963, values=[FixedFloatFunction[value=6.25], FixedFloatFunction[value=0.625]], derivatives=[F@411f9869, minValue=0.625, maxValue=6.25]], derivatives=[F@1dba6a7b, minValue=0.625, maxValue=6.25], Implementation[coordinate=Coordinate[Direct{BinaryOperation[type=MUL, argument1=RegistryEntryHolder[function=Direct{Constant[value=-3.0]}], argument2=RegistryEntryHolder[function=Direct{BinaryOperation[type=ADD, argument1=RegistryEntryHolder[function=Direct{Constant[value=-0.3333333333333333]}], argument2=RegistryEntryHolder[function=Direct{UnaryOperation[type=ABS, input=RegistryEntryHolder[function=Direct{BinaryOperation[type=ADD, argument1=RegistryEntryHolder[function=Direct{Constant[value=-0.6666666666666666]}], argument2=RegistryEntryHolder[function=Direct{UnaryOperation[type=ABS, input=RegistryEntryHolder[function=Direct{Wrapping[type=FlatCache, wrapped=RegistryEntryHolder[function=Direct{ShiftedNoise[shiftX=RegistryEntryHolder[function=Direct{Wrapping[type=FlatCache, wrapped=RegistryEntryHolder[function=Direct{Wrapping[type=Cache2D, wrapped=RegistryEntryHolder[function=Direct{ShiftA[offsetNoise=Noise[noiseData=Reference{ResourceKey[minecraft:worldgen/noise / minecraft:offset]=NoiseParameters[firstOctave=-3, amplitudes=[1.0, 1.0, 1.0, 0.0]]}, noise=net.minecraft.util.math.noise.DoublePerlinNoiseSampler@7977c5ae]]}]]}]]}], shiftY=RegistryEntryHolder[function=Direct{Constant[value=0.0]}], shiftZ=RegistryEntryHolder[function=Direct{Wrapping[type=FlatCache, wrapped=RegistryEntryHolder[function=Direct{Wrapping[type=Cache2D, wrapped=RegistryEntryHolder[function=Direct{ShiftB[offsetNoise=Noise[noiseData=Reference{ResourceKey[minecraft:worldgen/noise / minecraft:offset]=NoiseParameters[firstOctave=-3, amplitudes=[1.0, 1.0, 1.0, 0.0]]}, noise=net.minecraft.util.math.noise.DoublePerlinNoiseSampler@7977c5ae]]}]]}]]}], xzScale=0.25, yScale=0.0, noise=Noise[noiseData=Reference{ResourceKey[minecraft:worldgen/noise / minecraft:ridge]=NoiseParameters[firstOctave=-7, amplitudes=[1.0, 2.0, 1.0, 0.0, 0.0, 0.0]]}, noise=net.minecraft.util.math.noise.DoublePerlinNoiseSampler@29ecbef]]}]]}], minValue=0.0, maxValue=5.7142857142857135]}], minValue=-0.6666666666666666, maxValue=5.047619047619047]}], minValue=0.0, maxValue=5.047619047619047]}], minValue=-0.3333333333333333, maxValue=4.7142857142857135]}], minValue=-14.14285714285714, maxValue=1.0]}], locations=[F@2f4607f, values=[FixedFloatFunction[value=6.25], Implementation[coordinate=Coordinate[Direct{Wrapping[type=FlatCache, wrapped=RegistryEntryHolder[function=Direct{ShiftedNoise[shiftX=RegistryEntryHolder[function=Direct{Wrapping[type=FlatCache, wrapped=RegistryEntryHolder[function=Direct{Wrapping[type=Cache2D, wrapped=RegistryEntryHolder[function=Direct{ShiftA[offsetNoise=Noise[noiseData=Reference{ResourceKey[minecraft:worldgen/noise / minecraft:offset]=NoiseParameters[firstOctave=-3, amplitudes=[1.0, 1.0, 1.0, 0.0]]}, noise=net.minecraft.util.math.noise.DoublePerlinNoiseSampler@7977c5ae]]}]]}]]}], shiftY=RegistryEntryHolder[function=Direct{Constant[value=0.0]}], shiftZ=RegistryEntryHolder[function=Direct{Wrapping[type=FlatCache, wrapped=RegistryEntryHolder[function=Direct{Wrapping[type=Cache2D, wrapped=RegistryEntryHolder[function=Direct{ShiftB[offsetNoise=Noise[noiseData=Reference{ResourceKey[minecraft:worldgen/noise / minecraft:offset]=NoiseParameters[firstOctave=-3, amplitudes=[1.0, 1.0, 1.0, 0.0]]}, noise=net.minecraft.util.math.noise.DoublePerlinNoiseSampler@7977c5ae]]}]]}]]}], xzScale=0.25, yScale=0.0, noise=Noise[noiseData=Reference{ResourceKey[minecraft:worldgen/noise / minecraft:ridge]=NoiseParameters[firstOctave=-7, amplitudes=[1.0, 2.0, 1.0, 0.0, 0.0, 0.0]]}, noise=net.minecraft.util.math.noise.DoublePerlinNoiseSampler@29ecbef]]}]]}], locations=[F@3f3d7e3, values=[FixedFloatFunction[value=6.25], FixedFloatFunction[value=0.625]], derivatives=[F@3e12cb24, minValue=0.625, maxValue=6.25]], derivatives=[F@70b5872f, minValue=0.625, maxValue=6.25], FixedFloatFunction[value=6.25]], derivatives=[F@5163f6de, minValue=0.625, maxValue=6.3], Implementation[coordinate=Coordinate[Direct{Wrapping[type=FlatCache, wrapped=RegistryEntryHolder[function=Direct{ShiftedNoise[shiftX=RegistryEntryHolder[function=Direct{Wrapping[type=FlatCache, wrapped=RegistryEntryHolder[function=Direct{Wrapping[type=Cache2D, wrapped=RegistryEntryHolder[function=Direct{ShiftA[offsetNoise=Noise[noiseData=Reference{ResourceKey[minecraft:worldgen/noise / minecraft:offset]=NoiseParameters[firstOctave=-3, amplitudes=[1.0, 1.0, 1.0, 0.0]]}, noise=net.minecraft.util.math.noise.DoublePerlinNoiseSampler@7977c5ae]]}]]}]]}], shiftY=RegistryEntryHolder[function=Direct{Constant[value=0.0]}], shiftZ=RegistryEntryHolder[function=Direct{Wrapping[type=FlatCache, wrapped=RegistryEntryHolder[function=Direct{Wrapping[type=Cache2D, wrapped=RegistryEntryHolder[function=Direct{ShiftB[offsetNoise=Noise[noiseData=Reference{ResourceKey[minecraft:worldgen/noise / minecraft:offset]=NoiseParameters[firstOctave=-3, amplitudes=[1.0, 1.0, 1.0, 0.0]]}, noise=net.minecraft.util.math.noise.DoublePerlinNoiseSampler@7977c5ae]]}]]}]]}], xzScale=0.25, yScale=0.0, noise=Noise[noiseData=Reference{ResourceKey[minecraft:worldgen/noise / minecraft:erosion]=NoiseParameters[firstOctave=-9, amplitudes=[1.0, 1.0, 0.0, 1.0, 1.0]]}, noise=net.minecraft.util.math.noise.DoublePerlinNoiseSampler@2e212c04]]}]]}], locations=[F@4c326fde, values=[Implementation[coordinate=Coordinate[Direct{Wrapping[type=FlatCache, wrapped=RegistryEntryHolder[function=Direct{ShiftedNoise[shiftX=RegistryEntryHolder[function=Direct{Wrapping[type=FlatCache, wrapped=RegistryEntryHolder[function=Direct{Wrapping[type=Cache2D, wrapped=RegistryEntryHolder[function=Direct{ShiftA[offsetNoise=Noise[noiseData=Reference{ResourceKey[minecraft:worldgen/noise / minecraft:offset]=NoiseParameters[firstOctave=-3, amplitudes=[1.0, 1.0, 1.0, 0.0]]}, noise=net.minecraft.util.math.noise.DoublePerlinNoiseSampler@7977c5ae]]}]]}]]}], shiftY=RegistryEntryHolder[function=Direct{Constant[value=0.0]}], shiftZ=RegistryEntryHolder[function=Direct{Wrapping[type=FlatCache, wrapped=RegistryEntryHolder[function=Direct{Wrapping[type=Cache2D, wrapped=RegistryEntryHolder[function=Direct{ShiftB[offsetNoise=Noise[noiseData=Reference{ResourceKey[minecraft:worldgen/noise / minecraft:offset]=NoiseParameters[firstOctave=-3, amplitudes=[1.0, 1.0, 1.0, 0.0]]}, noise=net.minecraft.util.math.noise.DoublePerlinNoiseSampler@7977c5ae]]}]]}]]}], xzScale=0.25, yScale=0.0, noise=Noise[noiseData=Reference{ResourceKey[minecraft:worldgen/noise / minecraft:ridge]=NoiseParameters[firstOctave=-7, amplitudes=[1.0, 2.0, 1.0, 0.0, 0.0, 0.0]]}, noise=net.minecraft.util.math.noise.DoublePerlinNoiseSampler@29ecbef]]}]]}], locations=[F@6451d697, values=[FixedFloatFunction[value=6.3], FixedFloatFunction[value=5.47]], derivatives=[F@3881b9cd, minValue=5.47, maxValue=6.3], Implementation[coordinate=Coordinate[Direct{Wrapping[type=FlatCache, wrapped=RegistryEntryHolder[function=Direct{ShiftedNoise[shiftX=RegistryEntryHolder[function=Direct{Wrapping[type=FlatCache, wrapped=RegistryEntryHolder[function=Direct{Wrapping[type=Cache2D, wrapped=RegistryEntryHolder[function=Direct{ShiftA[offsetNoise=Noise[noiseData=Reference{ResourceKey[minecraft:worldgen/noise / minecraft:offset]=NoiseParameters[firstOctave=-3, amplitudes=[1.0, 1.0, 1.0, 0.0]]}, noise=net.minecraft.util.math.noise.DoublePerlinNoiseSampler@7977c5ae]]}]]}]]}], shiftY=RegistryEntryHolder[function=Direct{Constant[value=0.0]}], shiftZ=RegistryEntryHolder[function=Direct{Wrapping[type=FlatCache, wrapped=RegistryEntryHolder[function=Direct{Wrapping[type=Cache2D, wrapped=RegistryEntryHolder[function=Direct{ShiftB[offsetNoise=Noise[noiseData=Reference{ResourceKey[minecraft:worldgen/noise / minecraft:offset]=NoiseParameters[firstOctave=-3, amplitudes=[1.0, 1.0, 1.0, 0.0]]}, noise=net.minecraft.util.math.noise.DoublePerlinNoiseSampler@7977c5ae]]}]]}]]}], xzScale=0.25, yScale=0.0, noise=Noise[noiseData=Reference{ResourceKey[minecraft:worldgen/noise / minecraft:ridge]=NoiseParameters[firstOctave=-7, amplitudes=[1.0, 2.0, 1.0, 0.0, 0.0, 0.0]]}, noise=net.minecraft.util.math.noise.DoublePerlinNoiseSampler@29ecbef]]}]]}], locations=[F@769a7d05, values=[FixedFloatFunction[value=6.3], FixedFloatFunction[value=2.67]], derivatives=[F@2989a097, minValue=2.67, maxValue=6.3], Implementation[coordinate=Coordinate[Direct{Wrapping[type=FlatCache, wrapped=RegistryEntryHolder[function=Direct{ShiftedNoise[shiftX=RegistryEntryHolder[function=Direct{Wrapping[type=FlatCache, wrapped=RegistryEntryHolder[function=Direct{Wrapping[type=Cache2D, wrapped=RegistryEntryHolder[function=Direct{ShiftA[offsetNoise=Noise[noiseData=Reference{ResourceKey[minecraft:worldgen/noise / minecraft:offset]=NoiseParameters[firstOctave=-3, amplitudes=[1.0, 1.0, 1.0, 0.0]]}, noise=net.minecraft.util.math.noise.DoublePerlinNoiseSampler@7977c5ae]]}]]}]]}], shiftY=RegistryEntryHolder[function=Direct{Constant[value=0.0]}], shiftZ=RegistryEntryHolder[function=Direct{Wrapping[type=FlatCache, wrapped=RegistryEntryHolder[function=Direct{Wrapping[type=Cache2D, wrapped=RegistryEntryHolder[function=Direct{ShiftB[offsetNoise=Noise[noiseData=Reference{ResourceKey[minecraft:worldgen/noise / minecraft:offset]=NoiseParameters[firstOctave=-3, amplitudes=[1.0, 1.0, 1.0, 0.0]]}, noise=net.minecraft.util.math.noise.DoublePerlinNoiseSampler@7977c5ae]]}]]}]]}], xzScale=0.25, yScale=0.0, noise=Noise[noiseData=Reference{ResourceKey[minecraft:worldgen/noise / minecraft:ridge]=NoiseParameters[firstOctave=-7, amplitudes=[1.0, 2.0, 1.0, 0.0, 0.0, 0.0]]}, noise=net.minecraft.util.math.noise.DoublePerlinNoiseSampler@29ecbef]]}]]}], locations=[F@43062e5f, values=[FixedFloatFunction[value=6.3], FixedFloatFunction[value=5.47]], derivatives=[F@76fcb823, minValue=5.47, maxValue=6.3], Implementation[coordinate=Coordinate[Direct{Wrapping[type=FlatCache, wrapped=RegistryEntryHolder[function=Direct{ShiftedNoise[shiftX=RegistryEntryHolder[function=Direct{Wrapping[type=FlatCache, wrapped=RegistryEntryHolder[function=Direct{Wrapping[type=Cache2D, wrapped=RegistryEntryHolder[function=Direct{ShiftA[offsetNoise=Noise[noiseData=Reference{ResourceKey[minecraft:worldgen/noise / minecraft:offset]=NoiseParameters[firstOctave=-3, amplitudes=[1.0, 1.0, 1.0, 0.0]]}, noise=net.minecraft.util.math.noise.DoublePerlinNoiseSampler@7977c5ae]]}]]}]]}], shiftY=RegistryEntryHolder[function=Direct{Constant[value=0.0]}], shiftZ=RegistryEntryHolder[function=Direct{Wrapping[type=FlatCache, wrapped=RegistryEntryHolder[function=Direct{Wrapping[type=Cache2D, wrapped=RegistryEntryHolder[function=Direct{ShiftB[offsetNoise=Noise[noiseData=Reference{ResourceKey[minecraft:worldgen/noise / minecraft:offset]=NoiseParameters[firstOctave=-3, amplitudes=[1.0, 1.0, 1.0, 0.0]]}, noise=net.minecraft.util.math.noise.DoublePerlinNoiseSampler@7977c5ae]]}]]}]]}], xzScale=0.25, yScale=0.0, noise=Noise[noiseData=Reference{ResourceKey[minecraft:worldgen/noise / minecraft:ridge]=NoiseParameters[firstOctave=-7, amplitudes=[1.0, 2.0, 1.0, 0.0, 0.0, 0.0]]}, noise=net.minecraft.util.math.noise.DoublePerlinNoiseSampler@29ecbef]]}]]}], locations=[F@532b81ac, values=[FixedFloatFunction[value=6.3], FixedFloatFunction[value=5.47]], derivatives=[F@37c21e46, minValue=5.47, maxValue=6.3], Implementation[coordinate=Coordinate[Direct{Wrapping[type=FlatCache, wrapped=RegistryEntryHolder[function=Direct{ShiftedNoise[shiftX=RegistryEntryHolder[function=Direct{Wrapping[type=FlatCache, wrapped=RegistryEntryHolder[function=Direct{Wrapping[type=Cache2D, wrapped=RegistryEntryHolder[function=Direct{ShiftA[offsetNoise=Noise[noiseData=Reference{ResourceKey[minecraft:worldgen/noise / minecraft:offset]=NoiseParameters[firstOctave=-3, amplitudes=[1.0, 1.0, 1.0, 0.0]]}, noise=net.minecraft.util.math.noise.DoublePerlinNoiseSampler@7977c5ae]]}]]}]]}], shiftY=RegistryEntryHolder[function=Direct{Constant[value=0.0]}], shiftZ=RegistryEntryHolder[function=Direct{Wrapping[type=FlatCache, wrapped=RegistryEntryHolder[function=Direct{Wrapping[type=Cache2D, wrapped=RegistryEntryHolder[function=Direct{ShiftB[offsetNoise=Noise[noiseData=Reference{ResourceKey[minecraft:worldgen/noise / minecraft:offset]=NoiseParameters[firstOctave=-3, amplitudes=[1.0, 1.0, 1.0, 0.0]]}, noise=net.minecraft.util.math.noise.DoublePerlinNoiseSampler@7977c5ae]]}]]}]]}], xzScale=0.25, yScale=0.0, noise=Noise[noiseData=Reference{ResourceKey[minecraft:worldgen/noise / minecraft:ridge]=NoiseParameters[firstOctave=-7, amplitudes=[1.0, 2.0, 1.0, 0.0, 0.0, 0.0]]}, noise=net.minecraft.util.math.noise.DoublePerlinNoiseSampler@29ecbef]]}]]}], locations=[F@45c4ba37, values=[FixedFloatFunction[value=2.67], FixedFloatFunction[value=6.3]], derivatives=[F@56ea2f0c, minValue=2.67, maxValue=6.3], Implementation[coordinate=Coordinate[Direct{Wrapping[type=FlatCache, wrapped=RegistryEntryHolder[function=Direct{ShiftedNoise[shiftX=RegistryEntryHolder[function=Direct{Wrapping[type=FlatCache, wrapped=RegistryEntryHolder[function=Direct{Wrapping[type=Cache2D, wrapped=RegistryEntryHolder[function=Direct{ShiftA[offsetNoise=Noise[noiseData=Reference{ResourceKey[minecraft:worldgen/noise / minecraft:offset]=NoiseParameters[firstOctave=-3, amplitudes=[1.0, 1.0, 1.0, 0.0]]}, noise=net.minecraft.util.math.noise.DoublePerlinNoiseSampler@7977c5ae]]}]]}]]}], shiftY=RegistryEntryHolder[function=Direct{Constant[value=0.0]}], shiftZ=RegistryEntryHolder[function=Direct{Wrapping[type=FlatCache, wrapped=RegistryEntryHolder[function=Direct{Wrapping[type=Cache2D, wrapped=RegistryEntryHolder[function=Direct{ShiftB[offsetNoise=Noise[noiseData=Reference{ResourceKey[minecraft:worldgen/noise / minecraft:offset]=NoiseParameters[firstOctave=-3, amplitudes=[1.0, 1.0, 1.0, 0.0]]}, noise=net.minecraft.util.math.noise.DoublePerlinNoiseSampler@7977c5ae]]}]]}]]}], xzScale=0.25, yScale=0.0, noise=Noise[noiseData=Reference{ResourceKey[minecraft:worldgen/noise / minecraft:ridge]=NoiseParameters[firstOctave=-7, amplitudes=[1.0, 2.0, 1.0, 0.0, 0.0, 0.0]]}, noise=net.minecraft.util.math.noise.DoublePerlinNoiseSampler@29ecbef]]}]]}], locations=[F@59c3e29c, values=[FixedFloatFunction[value=6.3], FixedFloatFunction[value=5.47]], derivatives=[F@7ed4f7cc, minValue=5.47, maxValue=6.3], FixedFloatFunction[value=5.47], Implementation[coordinate=Coordinate[Direct{BinaryOperation[type=MUL, argument1=RegistryEntryHolder[function=Direct{Constant[value=-3.0]}], argument2=RegistryEntryHolder[function=Direct{BinaryOperation[type=ADD, argument1=RegistryEntryHolder[function=Direct{Constant[value=-0.3333333333333333]}], argument2=RegistryEntryHolder[function=Direct{UnaryOperation[type=ABS, input=RegistryEntryHolder[function=Direct{BinaryOperation[type=ADD, argument1=RegistryEntryHolder[function=Direct{Constant[value=-0.6666666666666666]}], argument2=RegistryEntryHolder[function=Direct{UnaryOperation[type=ABS, input=RegistryEntryHolder[function=Direct{Wrapping[type=FlatCache, wrapped=RegistryEntryHolder[function=Direct{ShiftedNoise[shiftX=RegistryEntryHolder[function=Direct{Wrapping[type=FlatCache, wrapped=RegistryEntryHolder[function=Direct{Wrapping[type=Cache2D, wrapped=RegistryEntryHolder[function=Direct{ShiftA[offsetNoise=Noise[noiseData=Reference{ResourceKey[minecraft:worldgen/noise / minecraft:offset]=NoiseParameters[firstOctave=-3, amplitudes=[1.0, 1.0, 1.0, 0.0]]}, noise=net.minecraft.util.math.noise.DoublePerlinNoiseSampler@7977c5ae]]}]]}]]}], shiftY=RegistryEntryHolder[function=Direct{Constant[value=0.0]}], shiftZ=RegistryEntryHolder[function=Direct{Wrapping[type=FlatCache, wrapped=RegistryEntryHolder[function=Direct{Wrapping[type=Cache2D, wrapped=RegistryEntryHolder[function=Direct{ShiftB[offsetNoise=Noise[noiseData=Reference{ResourceKey[minecraft:worldgen/noise / minecraft:offset]=NoiseParameters[firstOctave=-3, amplitudes=[1.0, 1.0, 1.0, 0.0]]}, noise=net.minecraft.util.math.noise.DoublePerlinNoiseSampler@7977c5ae]]}]]}]]}], xzScale=0.25, yScale=0.0, noise=Noise[noiseData=Reference{ResourceKey[minecraft:worldgen/noise / minecraft:ridge]=NoiseParameters[firstOctave=-7, amplitudes=[1.0, 2.0, 1.0, 0.0, 0.0, 0.0]]}, noise=net.minecraft.util.math.noise.DoublePerlinNoiseSampler@29ecbef]]}]]}], minValue=0.0, maxValue=5.7142857142857135]}], minValue=-0.6666666666666666, maxValue=5.047619047619047]}], minValue=0.0, maxValue=5.047619047619047]}], minValue=-0.3333333333333333, maxValue=4.7142857142857135]}], minValue=-14.14285714285714, maxValue=1.0]}], locations=[F@1ea1ef23, values=[FixedFloatFunction[value=5.47], Implementation[coordinate=Coordinate[Direct{Wrapping[type=FlatCache, wrapped=RegistryEntryHolder[function=Direct{ShiftedNoise[shiftX=RegistryEntryHolder[function=Direct{Wrapping[type=FlatCache, wrapped=RegistryEntryHolder[function=Direct{Wrapping[type=Cache2D, wrapped=RegistryEntryHolder[function=Direct{ShiftA[offsetNoise=Noise[noiseData=Reference{ResourceKey[minecraft:worldgen/noise / minecraft:offset]=NoiseParameters[firstOctave=-3, amplitudes=[1.0, 1.0, 1.0, 0.0]]}, noise=net.minecraft.util.math.noise.DoublePerlinNoiseSampler@7977c5ae]]}]]}]]}], shiftY=RegistryEntryHolder[function=Direct{Constant[value=0.0]}], shiftZ=RegistryEntryHolder[function=Direct{Wrapping[type=FlatCache, wrapped=RegistryEntryHolder[function=Direct{Wrapping[type=Cache2D, wrapped=RegistryEntryHolder[function=Direct{ShiftB[offsetNoise=Noise[noiseData=Reference{ResourceKey[minecraft:worldgen/noise / minecraft:offset]=NoiseParameters[firstOctave=-3, amplitudes=[1.0, 1.0, 1.0, 0.0]]}, noise=net.minecraft.util.math.noise.DoublePerlinNoiseSampler@7977c5ae]]}]]}]]}], xzScale=0.25, yScale=0.0, noise=Noise[noiseData=Reference{ResourceKey[minecraft:worldgen/noise / minecraft:ridge]=NoiseParameters[firstOctave=-7, amplitudes=[1.0, 2.0, 1.0, 0.0, 0.0, 0.0]]}, noise=net.minecraft.util.math.noise.DoublePerlinNoiseSampler@29ecbef]]}]]}], locations=[F@193431b4, values=[FixedFloatFunction[value=5.47], FixedFloatFunction[value=0.625]], derivatives=[F@5fa5e70c, minValue=0.625, maxValue=5.47]], derivatives=[F@61611a3, minValue=0.625, maxValue=5.47], Implementation[coordinate=Coordinate[Direct{BinaryOperation[type=MUL, argument1=RegistryEntryHolder[function=Direct{Constant[value=-3.0]}], argument2=RegistryEntryHolder[function=Direct{BinaryOperation[type=ADD, argument1=RegistryEntryHolder[function=Direct{Constant[value=-0.3333333333333333]}], argument2=RegistryEntryHolder[function=Direct{UnaryOperation[type=ABS, input=RegistryEntryHolder[function=Direct{BinaryOperation[type=ADD, argument1=RegistryEntryHolder[function=Direct{Constant[value=-0.6666666666666666]}], argument2=RegistryEntryHolder[function=Direct{UnaryOperation[type=ABS, input=RegistryEntryHolder[function=Direct{Wrapping[type=FlatCache, wrapped=RegistryEntryHolder[function=Direct{ShiftedNoise[shiftX=RegistryEntryHolder[function=Direct{Wrapping[type=FlatCache, wrapped=RegistryEntryHolder[function=Direct{Wrapping[type=Cache2D, wrapped=RegistryEntryHolder[function=Direct{ShiftA[offsetNoise=Noise[noiseData=Reference{ResourceKey[minecraft:worldgen/noise / minecraft:offset]=NoiseParameters[firstOctave=-3, amplitudes=[1.0, 1.0, 1.0, 0.0]]}, noise=net.minecraft.util.math.noise.DoublePerlinNoiseSampler@7977c5ae]]}]]}]]}], shiftY=RegistryEntryHolder[function=Direct{Constant[value=0.0]}], shiftZ=RegistryEntryHolder[function=Direct{Wrapping[type=FlatCache, wrapped=RegistryEntryHolder[function=Direct{Wrapping[type=Cache2D, wrapped=RegistryEntryHolder[function=Direct{ShiftB[offsetNoise=Noise[noiseData=Reference{ResourceKey[minecraft:worldgen/noise / minecraft:offset]=NoiseParameters[firstOctave=-3, amplitudes=[1.0, 1.0, 1.0, 0.0]]}, noise=net.minecraft.util.math.noise.DoublePerlinNoiseSampler@7977c5ae]]}]]}]]}], xzScale=0.25, yScale=0.0, noise=Noise[noiseData=Reference{ResourceKey[minecraft:worldgen/noise / minecraft:ridge]=NoiseParameters[firstOctave=-7, amplitudes=[1.0, 2.0, 1.0, 0.0, 0.0, 0.0]]}, noise=net.minecraft.util.math.noise.DoublePerlinNoiseSampler@29ecbef]]}]]}], minValue=0.0, maxValue=5.7142857142857135]}], minValue=-0.6666666666666666, maxValue=5.047619047619047]}], minValue=0.0, maxValue=5.047619047619047]}], minValue=-0.3333333333333333, maxValue=4.7142857142857135]}], minValue=-14.14285714285714, maxValue=1.0]}], locations=[F@17df2eb5, values=[FixedFloatFunction[value=5.47], Implementation[coordinate=Coordinate[Direct{Wrapping[type=FlatCache, wrapped=RegistryEntryHolder[function=Direct{ShiftedNoise[shiftX=RegistryEntryHolder[function=Direct{Wrapping[type=FlatCache, wrapped=RegistryEntryHolder[function=Direct{Wrapping[type=Cache2D, wrapped=RegistryEntryHolder[function=Direct{ShiftA[offsetNoise=Noise[noiseData=Reference{ResourceKey[minecraft:worldgen/noise / minecraft:offset]=NoiseParameters[firstOctave=-3, amplitudes=[1.0, 1.0, 1.0, 0.0]]}, noise=net.minecraft.util.math.noise.DoublePerlinNoiseSampler@7977c5ae]]}]]}]]}], shiftY=RegistryEntryHolder[function=Direct{Constant[value=0.0]}], shiftZ=RegistryEntryHolder[function=Direct{Wrapping[type=FlatCache, wrapped=RegistryEntryHolder[function=Direct{Wrapping[type=Cache2D, wrapped=RegistryEntryHolder[function=Direct{ShiftB[offsetNoise=Noise[noiseData=Reference{ResourceKey[minecraft:worldgen/noise / minecraft:offset]=NoiseParameters[firstOctave=-3, amplitudes=[1.0, 1.0, 1.0, 0.0]]}, noise=net.minecraft.util.math.noise.DoublePerlinNoiseSampler@7977c5ae]]}]]}]]}], xzScale=0.25, yScale=0.0, noise=Noise[noiseData=Reference{ResourceKey[minecraft:worldgen/noise / minecraft:ridge]=NoiseParameters[firstOctave=-7, amplitudes=[1.0, 2.0, 1.0, 0.0, 0.0, 0.0]]}, noise=net.minecraft.util.math.noise.DoublePerlinNoiseSampler@29ecbef]]}]]}], locations=[F@2fde146b, values=[FixedFloatFunction[value=5.47], FixedFloatFunction[value=0.625]], derivatives=[F@5f330b1b, minValue=0.625, maxValue=5.47]], derivatives=[F@699e9257, minValue=0.625, maxValue=5.47], FixedFloatFunction[value=5.47]], derivatives=[F@75ab357, minValue=0.625, maxValue=6.3], Implementation[coordinate=Coordinate[Direct{Wrapping[type=FlatCache, wrapped=RegistryEntryHolder[function=Direct{ShiftedNoise[shiftX=RegistryEntryHolder[function=Direct{Wrapping[type=FlatCache, wrapped=RegistryEntryHolder[function=Direct{Wrapping[type=Cache2D, wrapped=RegistryEntryHolder[function=Direct{ShiftA[offsetNoise=Noise[noiseData=Reference{ResourceKey[minecraft:worldgen/noise / minecraft:offset]=NoiseParameters[firstOctave=-3, amplitudes=[1.0, 1.0, 1.0, 0.0]]}, noise=net.minecraft.util.math.noise.DoublePerlinNoiseSampler@7977c5ae]]}]]}]]}], shiftY=RegistryEntryHolder[function=Direct{Constant[value=0.0]}], shiftZ=RegistryEntryHolder[function=Direct{Wrapping[type=FlatCache, wrapped=RegistryEntryHolder[function=Direct{Wrapping[type=Cache2D, wrapped=RegistryEntryHolder[function=Direct{ShiftB[offsetNoise=Noise[noiseData=Reference{ResourceKey[minecraft:worldgen/noise / minecraft:offset]=NoiseParameters[firstOctave=-3, amplitudes=[1.0, 1.0, 1.0, 0.0]]}, noise=net.minecraft.util.math.noise.DoublePerlinNoiseSampler@7977c5ae]]}]]}]]}], xzScale=0.25, yScale=0.0, noise=Noise[noiseData=Reference{ResourceKey[minecraft:worldgen/noise / minecraft:erosion]=NoiseParameters[firstOctave=-9, amplitudes=[1.0, 1.0, 0.0, 1.0, 1.0]]}, noise=net.minecraft.util.math.noise.DoublePerlinNoiseSampler@2e212c04]]}]]}], locations=[F@58f8829b, values=[Implementation[coordinate=Coordinate[Direct{Wrapping[type=FlatCache, wrapped=RegistryEntryHolder[function=Direct{ShiftedNoise[shiftX=RegistryEntryHolder[function=Direct{Wrapping[type=FlatCache, wrapped=RegistryEntryHolder[function=Direct{Wrapping[type=Cache2D, wrapped=RegistryEntryHolder[function=Direct{ShiftA[offsetNoise=Noise[noiseData=Reference{ResourceKey[minecraft:worldgen/noise / minecraft:offset]=NoiseParameters[firstOctave=-3, amplitudes=[1.0, 1.0, 1.0, 0.0]]}, noise=net.minecraft.util.math.noise.DoublePerlinNoiseSampler@7977c5ae]]}]]}]]}], shiftY=RegistryEntryHolder[function=Direct{Constant[value=0.0]}], shiftZ=RegistryEntryHolder[function=Direct{Wrapping[type=FlatCache, wrapped=RegistryEntryHolder[function=Direct{Wrapping[type=Cache2D, wrapped=RegistryEntryHolder[function=Direct{ShiftB[offsetNoise=Noise[noiseData=Reference{ResourceKey[minecraft:worldgen/noise / minecraft:offset]=NoiseParameters[firstOctave=-3, amplitudes=[1.0, 1.0, 1.0, 0.0]]}, noise=net.minecraft.util.math.noise.DoublePerlinNoiseSampler@7977c5ae]]}]]}]]}], xzScale=0.25, yScale=0.0, noise=Noise[noiseData=Reference{ResourceKey[minecraft:worldgen/noise / minecraft:ridge]=NoiseParameters[firstOctave=-7, amplitudes=[1.0, 2.0, 1.0, 0.0, 0.0, 0.0]]}, noise=net.minecraft.util.math.noise.DoublePerlinNoiseSampler@29ecbef]]}]]}], locations=[F@1f54214c, values=[FixedFloatFunction[value=6.3], FixedFloatFunction[value=5.08]], derivatives=[F@2c504db, minValue=5.08, maxValue=6.3], Implementation[coordinate=Coordinate[Direct{Wrapping[type=FlatCache, wrapped=RegistryEntryHolder[function=Direct{ShiftedNoise[shiftX=RegistryEntryHolder[function=Direct{Wrapping[type=FlatCache, wrapped=RegistryEntryHolder[function=Direct{Wrapping[type=Cache2D, wrapped=RegistryEntryHolder[function=Direct{ShiftA[offsetNoise=Noise[noiseData=Reference{ResourceKey[minecraft:worldgen/noise / minecraft:offset]=NoiseParameters[firstOctave=-3, amplitudes=[1.0, 1.0, 1.0, 0.0]]}, noise=net.minecraft.util.math.noise.DoublePerlinNoiseSampler@7977c5ae]]}]]}]]}], shiftY=RegistryEntryHolder[function=Direct{Constant[value=0.0]}], shiftZ=RegistryEntryHolder[function=Direct{Wrapping[type=FlatCache, wrapped=RegistryEntryHolder[function=Direct{Wrapping[type=Cache2D, wrapped=RegistryEntryHolder[function=Direct{ShiftB[offsetNoise=Noise[noiseData=Reference{ResourceKey[minecraft:worldgen/noise / minecraft:offset]=NoiseParameters[firstOctave=-3, amplitudes=[1.0, 1.0, 1.0, 0.0]]}, noise=net.minecraft.util.math.noise.DoublePerlinNoiseSampler@7977c5ae]]}]]}]]}], xzScale=0.25, yScale=0.0, noise=Noise[noiseData=Reference{ResourceKey[minecraft:worldgen/noise / minecraft:ridge]=NoiseParameters[firstOctave=-7, amplitudes=[1.0, 2.0, 1.0, 0.0, 0.0, 0.0]]}, noise=net.minecraft.util.math.noise.DoublePerlinNoiseSampler@29ecbef]]}]]}], locations=[F@50d7dfdf, values=[FixedFloatFunction[value=6.3], FixedFloatFunction[value=2.67]], derivatives=[F@4c276304, minValue=2.67, maxValue=6.3], Implementation[coordinate=Coordinate[Direct{Wrapping[type=FlatCache, wrapped=RegistryEntryHolder[function=Direct{ShiftedNoise[shiftX=RegistryEntryHolder[function=Direct{Wrapping[type=FlatCache, wrapped=RegistryEntryHolder[function=Direct{Wrapping[type=Cache2D, wrapped=RegistryEntryHolder[function=Direct{ShiftA[offsetNoise=Noise[noiseData=Reference{ResourceKey[minecraft:worldgen/noise / minecraft:offset]=NoiseParameters[firstOctave=-3, amplitudes=[1.0, 1.0, 1.0, 0.0]]}, noise=net.minecraft.util.math.noise.DoublePerlinNoiseSampler@7977c5ae]]}]]}]]}], shiftY=RegistryEntryHolder[function=Direct{Constant[value=0.0]}], shiftZ=RegistryEntryHolder[function=Direct{Wrapping[type=FlatCache, wrapped=RegistryEntryHolder[function=Direct{Wrapping[type=Cache2D, wrapped=RegistryEntryHolder[function=Direct{ShiftB[offsetNoise=Noise[noiseData=Reference{ResourceKey[minecraft:worldgen/noise / minecraft:offset]=NoiseParameters[firstOctave=-3, amplitudes=[1.0, 1.0, 1.0, 0.0]]}, noise=net.minecraft.util.math.noise.DoublePerlinNoiseSampler@7977c5ae]]}]]}]]}], xzScale=0.25, yScale=0.0, noise=Noise[noiseData=Reference{ResourceKey[minecraft:worldgen/noise / minecraft:ridge]=NoiseParameters[firstOctave=-7, amplitudes=[1.0, 2.0, 1.0, 0.0, 0.0, 0.0]]}, noise=net.minecraft.util.math.noise.DoublePerlinNoiseSampler@29ecbef]]}]]}], locations=[F@72c7758d, values=[FixedFloatFunction[value=6.3], FixedFloatFunction[value=5.08]], derivatives=[F@588e54d2, minValue=5.08, maxValue=6.3], Implementation[coordinate=Coordinate[Direct{Wrapping[type=FlatCache, wrapped=RegistryEntryHolder[function=Direct{ShiftedNoise[shiftX=RegistryEntryHolder[function=Direct{Wrapping[type=FlatCache, wrapped=RegistryEntryHolder[function=Direct{Wrapping[type=Cache2D, wrapped=RegistryEntryHolder[function=Direct{ShiftA[offsetNoise=Noise[noiseData=Reference{ResourceKey[minecraft:worldgen/noise / minecraft:offset]=NoiseParameters[firstOctave=-3, amplitudes=[1.0, 1.0, 1.0, 0.0]]}, noise=net.minecraft.util.math.noise.DoublePerlinNoiseSampler@7977c5ae]]}]]}]]}], shiftY=RegistryEntryHolder[function=Direct{Constant[value=0.0]}], shiftZ=RegistryEntryHolder[function=Direct{Wrapping[type=FlatCache, wrapped=RegistryEntryHolder[function=Direct{Wrapping[type=Cache2D, wrapped=RegistryEntryHolder[function=Direct{ShiftB[offsetNoise=Noise[noiseData=Reference{ResourceKey[minecraft:worldgen/noise / minecraft:offset]=NoiseParameters[firstOctave=-3, amplitudes=[1.0, 1.0, 1.0, 0.0]]}, noise=net.minecraft.util.math.noise.DoublePerlinNoiseSampler@7977c5ae]]}]]}]]}], xzScale=0.25, yScale=0.0, noise=Noise[noiseData=Reference{ResourceKey[minecraft:worldgen/noise / minecraft:ridge]=NoiseParameters[firstOctave=-7, amplitudes=[1.0, 2.0, 1.0, 0.0, 0.0, 0.0]]}, noise=net.minecraft.util.math.noise.DoublePerlinNoiseSampler@29ecbef]]}]]}], locations=[F@3649513b, values=[FixedFloatFunction[value=6.3], FixedFloatFunction[value=5.08]], derivatives=[F@41013bb5, minValue=5.08, maxValue=6.3], Implementation[coordinate=Coordinate[Direct{Wrapping[type=FlatCache, wrapped=RegistryEntryHolder[function=Direct{ShiftedNoise[shiftX=RegistryEntryHolder[function=Direct{Wrapping[type=FlatCache, wrapped=RegistryEntryHolder[function=Direct{Wrapping[type=Cache2D, wrapped=RegistryEntryHolder[function=Direct{ShiftA[offsetNoise=Noise[noiseData=Reference{ResourceKey[minecraft:worldgen/noise / minecraft:offset]=NoiseParameters[firstOctave=-3, amplitudes=[1.0, 1.0, 1.0, 0.0]]}, noise=net.minecraft.util.math.noise.DoublePerlinNoiseSampler@7977c5ae]]}]]}]]}], shiftY=RegistryEntryHolder[function=Direct{Constant[value=0.0]}], shiftZ=RegistryEntryHolder[function=Direct{Wrapping[type=FlatCache, wrapped=RegistryEntryHolder[function=Direct{Wrapping[type=Cache2D, wrapped=RegistryEntryHolder[function=Direct{ShiftB[offsetNoise=Noise[noiseData=Reference{ResourceKey[minecraft:worldgen/noise / minecraft:offset]=NoiseParameters[firstOctave=-3, amplitudes=[1.0, 1.0, 1.0, 0.0]]}, noise=net.minecraft.util.math.noise.DoublePerlinNoiseSampler@7977c5ae]]}]]}]]}], xzScale=0.25, yScale=0.0, noise=Noise[noiseData=Reference{ResourceKey[minecraft:worldgen/noise / minecraft:ridge]=NoiseParameters[firstOctave=-7, amplitudes=[1.0, 2.0, 1.0, 0.0, 0.0, 0.0]]}, noise=net.minecraft.util.math.noise.DoublePerlinNoiseSampler@29ecbef]]}]]}], locations=[F@8a35505, values=[FixedFloatFunction[value=2.67], FixedFloatFunction[value=6.3]], derivatives=[F@22a1b807, minValue=2.67, maxValue=6.3], Implementation[coordinate=Coordinate[Direct{Wrapping[type=FlatCache, wrapped=RegistryEntryHolder[function=Direct{ShiftedNoise[shiftX=RegistryEntryHolder[function=Direct{Wrapping[type=FlatCache, wrapped=RegistryEntryHolder[function=Direct{Wrapping[type=Cache2D, wrapped=RegistryEntryHolder[function=Direct{ShiftA[offsetNoise=Noise[noiseData=Reference{ResourceKey[minecraft:worldgen/noise / minecraft:offset]=NoiseParameters[firstOctave=-3, amplitudes=[1.0, 1.0, 1.0, 0.0]]}, noise=net.minecraft.util.math.noise.DoublePerlinNoiseSampler@7977c5ae]]}]]}]]}], shiftY=RegistryEntryHolder[function=Direct{Constant[value=0.0]}], shiftZ=RegistryEntryHolder[function=Direct{Wrapping[type=FlatCache, wrapped=RegistryEntryHolder[function=Direct{Wrapping[type=Cache2D, wrapped=RegistryEntryHolder[function=Direct{ShiftB[offsetNoise=Noise[noiseData=Reference{ResourceKey[minecraft:worldgen/noise / minecraft:offset]=NoiseParameters[firstOctave=-3, amplitudes=[1.0, 1.0, 1.0, 0.0]]}, noise=net.minecraft.util.math.noise.DoublePerlinNoiseSampler@7977c5ae]]}]]}]]}], xzScale=0.25, yScale=0.0, noise=Noise[noiseData=Reference{ResourceKey[minecraft:worldgen/noise / minecraft:ridge]=NoiseParameters[firstOctave=-7, amplitudes=[1.0, 2.0, 1.0, 0.0, 0.0, 0.0]]}, noise=net.minecraft.util.math.noise.DoublePerlinNoiseSampler@29ecbef]]}]]}], locations=[F@5e9df5e1, values=[FixedFloatFunction[value=6.3], FixedFloatFunction[value=5.08]], derivatives=[F@1689a114, minValue=5.08, maxValue=6.3], FixedFloatFunction[value=5.08], Implementation[coordinate=Coordinate[Direct{BinaryOperation[type=MUL, argument1=RegistryEntryHolder[function=Direct{Constant[value=-3.0]}], argument2=RegistryEntryHolder[function=Direct{BinaryOperation[type=ADD, argument1=RegistryEntryHolder[function=Direct{Constant[value=-0.3333333333333333]}], argument2=RegistryEntryHolder[function=Direct{UnaryOperation[type=ABS, input=RegistryEntryHolder[function=Direct{BinaryOperation[type=ADD, argument1=RegistryEntryHolder[function=Direct{Constant[value=-0.6666666666666666]}], argument2=RegistryEntryHolder[function=Direct{UnaryOperation[type=ABS, input=RegistryEntryHolder[function=Direct{Wrapping[type=FlatCache, wrapped=RegistryEntryHolder[function=Direct{ShiftedNoise[shiftX=RegistryEntryHolder[function=Direct{Wrapping[type=FlatCache, wrapped=RegistryEntryHolder[function=Direct{Wrapping[type=Cache2D, wrapped=RegistryEntryHolder[function=Direct{ShiftA[offsetNoise=Noise[noiseData=Reference{ResourceKey[minecraft:worldgen/noise / minecraft:offset]=NoiseParameters[firstOctave=-3, amplitudes=[1.0, 1.0, 1.0, 0.0]]}, noise=net.minecraft.util.math.noise.DoublePerlinNoiseSampler@7977c5ae]]}]]}]]}], shiftY=RegistryEntryHolder[function=Direct{Constant[value=0.0]}], shiftZ=RegistryEntryHolder[function=Direct{Wrapping[type=FlatCache, wrapped=RegistryEntryHolder[function=Direct{Wrapping[type=Cache2D, wrapped=RegistryEntryHolder[function=Direct{ShiftB[offsetNoise=Noise[noiseData=Reference{ResourceKey[minecraft:worldgen/noise / minecraft:offset]=NoiseParameters[firstOctave=-3, amplitudes=[1.0, 1.0, 1.0, 0.0]]}, noise=net.minecraft.util.math.noise.DoublePerlinNoiseSampler@7977c5ae]]}]]}]]}], xzScale=0.25, yScale=0.0, noise=Noise[noiseData=Reference{ResourceKey[minecraft:worldgen/noise / minecraft:ridge]=NoiseParameters[firstOctave=-7, amplitudes=[1.0, 2.0, 1.0, 0.0, 0.0, 0.0]]}, noise=net.minecraft.util.math.noise.DoublePerlinNoiseSampler@29ecbef]]}]]}], minValue=0.0, maxValue=5.7142857142857135]}], minValue=-0.6666666666666666, maxValue=5.047619047619047]}], minValue=0.0, maxValue=5.047619047619047]}], minValue=-0.3333333333333333, maxValue=4.7142857142857135]}], minValue=-14.14285714285714, maxValue=1.0]}], locations=[F@490d5bd, values=[FixedFloatFunction[value=5.08], Implementation[coordinate=Coordinate[Direct{Wrapping[type=FlatCache, wrapped=RegistryEntryHolder[function=Direct{ShiftedNoise[shiftX=RegistryEntryHolder[function=Direct{Wrapping[type=FlatCache, wrapped=RegistryEntryHolder[function=Direct{Wrapping[type=Cache2D, wrapped=RegistryEntryHolder[function=Direct{ShiftA[offsetNoise=Noise[noiseData=Reference{ResourceKey[minecraft:worldgen/noise / minecraft:offset]=NoiseParameters[firstOctave=-3, amplitudes=[1.0, 1.0, 1.0, 0.0]]}, noise=net.minecraft.util.math.noise.DoublePerlinNoiseSampler@7977c5ae]]}]]}]]}], shiftY=RegistryEntryHolder[function=Direct{Constant[value=0.0]}], shiftZ=RegistryEntryHolder[function=Direct{Wrapping[type=FlatCache, wrapped=RegistryEntryHolder[function=Direct{Wrapping[type=Cache2D, wrapped=RegistryEntryHolder[function=Direct{ShiftB[offsetNoise=Noise[noiseData=Reference{ResourceKey[minecraft:worldgen/noise / minecraft:offset]=NoiseParameters[firstOctave=-3, amplitudes=[1.0, 1.0, 1.0, 0.0]]}, noise=net.minecraft.util.math.noise.DoublePerlinNoiseSampler@7977c5ae]]}]]}]]}], xzScale=0.25, yScale=0.0, noise=Noise[noiseData=Reference{ResourceKey[minecraft:worldgen/noise / minecraft:ridge]=NoiseParameters[firstOctave=-7, amplitudes=[1.0, 2.0, 1.0, 0.0, 0.0, 0.0]]}, noise=net.minecraft.util.math.noise.DoublePerlinNoiseSampler@29ecbef]]}]]}], locations=[F@2bde34a8, values=[FixedFloatFunction[value=5.08], FixedFloatFunction[value=0.625]], derivatives=[F@1addfecf, minValue=0.625, maxValue=5.08]], derivatives=[F@41077d81, minValue=0.625, maxValue=5.08], Implementation[coordinate=Coordinate[Direct{BinaryOperation[type=MUL, argument1=RegistryEntryHolder[function=Direct{Constant[value=-3.0]}], argument2=RegistryEntryHolder[function=Direct{BinaryOperation[type=ADD, argument1=RegistryEntryHolder[function=Direct{Constant[value=-0.3333333333333333]}], argument2=RegistryEntryHolder[function=Direct{UnaryOperation[type=ABS, input=RegistryEntryHolder[function=Direct{BinaryOperation[type=ADD, argument1=RegistryEntryHolder[function=Direct{Constant[value=-0.6666666666666666]}], argument2=RegistryEntryHolder[function=Direct{UnaryOperation[type=ABS, input=RegistryEntryHolder[function=Direct{Wrapping[type=FlatCache, wrapped=RegistryEntryHolder[function=Direct{ShiftedNoise[shiftX=RegistryEntryHolder[function=Direct{Wrapping[type=FlatCache, wrapped=RegistryEntryHolder[function=Direct{Wrapping[type=Cache2D, wrapped=RegistryEntryHolder[function=Direct{ShiftA[offsetNoise=Noise[noiseData=Reference{ResourceKey[minecraft:worldgen/noise / minecraft:offset]=NoiseParameters[firstOctave=-3, amplitudes=[1.0, 1.0, 1.0, 0.0]]}, noise=net.minecraft.util.math.noise.DoublePerlinNoiseSampler@7977c5ae]]}]]}]]}], shiftY=RegistryEntryHolder[function=Direct{Constant[value=0.0]}], shiftZ=RegistryEntryHolder[function=Direct{Wrapping[type=FlatCache, wrapped=RegistryEntryHolder[function=Direct{Wrapping[type=Cache2D, wrapped=RegistryEntryHolder[function=Direct{ShiftB[offsetNoise=Noise[noiseData=Reference{ResourceKey[minecraft:worldgen/noise / minecraft:offset]=NoiseParameters[firstOctave=-3, amplitudes=[1.0, 1.0, 1.0, 0.0]]}, noise=net.minecraft.util.math.noise.DoublePerlinNoiseSampler@7977c5ae]]}]]}]]}], xzScale=0.25, yScale=0.0, noise=Noise[noiseData=Reference{ResourceKey[minecraft:worldgen/noise / minecraft:ridge]=NoiseParameters[firstOctave=-7, amplitudes=[1.0, 2.0, 1.0, 0.0, 0.0, 0.0]]}, noise=net.minecraft.util.math.noise.DoublePerlinNoiseSampler@29ecbef]]}]]}], minValue=0.0, maxValue=5.7142857142857135]}], minValue=-0.6666666666666666, maxValue=5.047619047619047]}], minValue=0.0, maxValue=5.047619047619047]}], minValue=-0.3333333333333333, maxValue=4.7142857142857135]}], minValue=-14.14285714285714, maxValue=1.0]}], locations=[F@43b87521, values=[FixedFloatFunction[value=5.08], Implementation[coordinate=Coordinate[Direct{Wrapping[type=FlatCache, wrapped=RegistryEntryHolder[function=Direct{ShiftedNoise[shiftX=RegistryEntryHolder[function=Direct{Wrapping[type=FlatCache, wrapped=RegistryEntryHolder[function=Direct{Wrapping[type=Cache2D, wrapped=RegistryEntryHolder[function=Direct{ShiftA[offsetNoise=Noise[noiseData=Reference{ResourceKey[minecraft:worldgen/noise / minecraft:offset]=NoiseParameters[firstOctave=-3, amplitudes=[1.0, 1.0, 1.0, 0.0]]}, noise=net.minecraft.util.math.noise.DoublePerlinNoiseSampler@7977c5ae]]}]]}]]}], shiftY=RegistryEntryHolder[function=Direct{Constant[value=0.0]}], shiftZ=RegistryEntryHolder[function=Direct{Wrapping[type=FlatCache, wrapped=RegistryEntryHolder[function=Direct{Wrapping[type=Cache2D, wrapped=RegistryEntryHolder[function=Direct{ShiftB[offsetNoise=Noise[noiseData=Reference{ResourceKey[minecraft:worldgen/noise / minecraft:offset]=NoiseParameters[firstOctave=-3, amplitudes=[1.0, 1.0, 1.0, 0.0]]}, noise=net.minecraft.util.math.noise.DoublePerlinNoiseSampler@7977c5ae]]}]]}]]}], xzScale=0.25, yScale=0.0, noise=Noise[noiseData=Reference{ResourceKey[minecraft:worldgen/noise / minecraft:ridge]=NoiseParameters[firstOctave=-7, amplitudes=[1.0, 2.0, 1.0, 0.0, 0.0, 0.0]]}, noise=net.minecraft.util.math.noise.DoublePerlinNoiseSampler@29ecbef]]}]]}], locations=[F@1919628a, values=[FixedFloatFunction[value=5.08], FixedFloatFunction[value=0.625]], derivatives=[F@6cc7cce0, minValue=0.625, maxValue=5.08]], derivatives=[F@16564f8c, minValue=0.625, maxValue=5.08], FixedFloatFunction[value=5.08]], derivatives=[F@1647311a, minValue=0.625, maxValue=6.3], Implementation[coordinate=Coordinate[Direct{Wrapping[type=FlatCache, wrapped=RegistryEntryHolder[function=Direct{ShiftedNoise[shiftX=RegistryEntryHolder[function=Direct{Wrapping[type=FlatCache, wrapped=RegistryEntryHolder[function=Direct{Wrapping[type=Cache2D, wrapped=RegistryEntryHolder[function=Direct{ShiftA[offsetNoise=Noise[noiseData=Reference{ResourceKey[minecraft:worldgen/noise / minecraft:offset]=NoiseParameters[firstOctave=-3, amplitudes=[1.0, 1.0, 1.0, 0.0]]}, noise=net.minecraft.util.math.noise.DoublePerlinNoiseSampler@7977c5ae]]}]]}]]}], shiftY=RegistryEntryHolder[function=Direct{Constant[value=0.0]}], shiftZ=RegistryEntryHolder[function=Direct{Wrapping[type=FlatCache, wrapped=RegistryEntryHolder[function=Direct{Wrapping[type=Cache2D, wrapped=RegistryEntryHolder[function=Direct{ShiftB[offsetNoise=Noise[noiseData=Reference{ResourceKey[minecraft:worldgen/noise / minecraft:offset]=NoiseParameters[firstOctave=-3, amplitudes=[1.0, 1.0, 1.0, 0.0]]}, noise=net.minecraft.util.math.noise.DoublePerlinNoiseSampler@7977c5ae]]}]]}]]}], xzScale=0.25, yScale=0.0, noise=Noise[noiseData=Reference{ResourceKey[minecraft:worldgen/noise / minecraft:erosion]=NoiseParameters[firstOctave=-9, amplitudes=[1.0, 1.0, 0.0, 1.0, 1.0]]}, noise=net.minecraft.util.math.noise.DoublePerlinNoiseSampler@2e212c04]]}]]}], locations=[F@44981c6a, values=[Implementation[coordinate=Coordinate[Direct{Wrapping[type=FlatCache, wrapped=RegistryEntryHolder[function=Direct{ShiftedNoise[shiftX=RegistryEntryHolder[function=Direct{Wrapping[type=FlatCache, wrapped=RegistryEntryHolder[function=Direct{Wrapping[type=Cache2D, wrapped=RegistryEntryHolder[function=Direct{ShiftA[offsetNoise=Noise[noiseData=Reference{ResourceKey[minecraft:worldgen/noise / minecraft:offset]=NoiseParameters[firstOctave=-3, amplitudes=[1.0, 1.0, 1.0, 0.0]]}, noise=net.minecraft.util.math.noise.DoublePerlinNoiseSampler@7977c5ae]]}]]}]]}], shiftY=RegistryEntryHolder[function=Direct{Constant[value=0.0]}], shiftZ=RegistryEntryHolder[function=Direct{Wrapping[type=FlatCache, wrapped=RegistryEntryHolder[function=Direct{Wrapping[type=Cache2D, wrapped=RegistryEntryHolder[function=Direct{ShiftB[offsetNoise=Noise[noiseData=Reference{ResourceKey[minecraft:worldgen/noise / minecraft:offset]=NoiseParameters[firstOctave=-3, amplitudes=[1.0, 1.0, 1.0, 0.0]]}, noise=net.minecraft.util.math.noise.DoublePerlinNoiseSampler@7977c5ae]]}]]}]]}], xzScale=0.25, yScale=0.0, noise=Noise[noiseData=Reference{ResourceKey[minecraft:worldgen/noise / minecraft:ridge]=NoiseParameters[firstOctave=-7, amplitudes=[1.0, 2.0, 1.0, 0.0, 0.0, 0.0]]}, noise=net.minecraft.util.math.noise.DoublePerlinNoiseSampler@29ecbef]]}]]}], locations=[F@16ea78d5, values=[FixedFloatFunction[value=6.3], FixedFloatFunction[value=4.69]], derivatives=[F@32e46fab, minValue=4.69, maxValue=6.3], Implementation[coordinate=Coordinate[Direct{Wrapping[type=FlatCache, wrapped=RegistryEntryHolder[function=Direct{ShiftedNoise[shiftX=RegistryEntryHolder[function=Direct{Wrapping[type=FlatCache, wrapped=RegistryEntryHolder[function=Direct{Wrapping[type=Cache2D, wrapped=RegistryEntryHolder[function=Direct{ShiftA[offsetNoise=Noise[noiseData=Reference{ResourceKey[minecraft:worldgen/noise / minecraft:offset]=NoiseParameters[firstOctave=-3, amplitudes=[1.0, 1.0, 1.0, 0.0]]}, noise=net.minecraft.util.math.noise.DoublePerlinNoiseSampler@7977c5ae]]}]]}]]}], shiftY=RegistryEntryHolder[function=Direct{Constant[value=0.0]}], shiftZ=RegistryEntryHolder[function=Direct{Wrapping[type=FlatCache, wrapped=RegistryEntryHolder[function=Direct{Wrapping[type=Cache2D, wrapped=RegistryEntryHolder[function=Direct{ShiftB[offsetNoise=Noise[noiseData=Reference{ResourceKey[minecraft:worldgen/noise / minecraft:offset]=NoiseParameters[firstOctave=-3, amplitudes=[1.0, 1.0, 1.0, 0.0]]}, noise=net.minecraft.util.math.noise.DoublePerlinNoiseSampler@7977c5ae]]}]]}]]}], xzScale=0.25, yScale=0.0, noise=Noise[noiseData=Reference{ResourceKey[minecraft:worldgen/noise / minecraft:ridge]=NoiseParameters[firstOctave=-7, amplitudes=[1.0, 2.0, 1.0, 0.0, 0.0, 0.0]]}, noise=net.minecraft.util.math.noise.DoublePerlinNoiseSampler@29ecbef]]}]]}], locations=[F@1d84570c, values=[FixedFloatFunction[value=6.3], FixedFloatFunction[value=2.67]], derivatives=[F@197b639a, minValue=2.67, maxValue=6.3], Implementation[coordinate=Coordinate[Direct{Wrapping[type=FlatCache, wrapped=RegistryEntryHolder[function=Direct{ShiftedNoise[shiftX=RegistryEntryHolder[function=Direct{Wrapping[type=FlatCache, wrapped=RegistryEntryHolder[function=Direct{Wrapping[type=Cache2D, wrapped=RegistryEntryHolder[function=Direct{ShiftA[offsetNoise=Noise[noiseData=Reference{ResourceKey[minecraft:worldgen/noise / minecraft:offset]=NoiseParameters[firstOctave=-3, amplitudes=[1.0, 1.0, 1.0, 0.0]]}, noise=net.minecraft.util.math.noise.DoublePerlinNoiseSampler@7977c5ae]]}]]}]]}], shiftY=RegistryEntryHolder[function=Direct{Constant[value=0.0]}], shiftZ=RegistryEntryHolder[function=Direct{Wrapping[type=FlatCache, wrapped=RegistryEntryHolder[function=Direct{Wrapping[type=Cache2D, wrapped=RegistryEntryHolder[function=Direct{ShiftB[offsetNoise=Noise[noiseData=Reference{ResourceKey[minecraft:worldgen/noise / minecraft:offset]=NoiseParameters[firstOctave=-3, amplitudes=[1.0, 1.0, 1.0, 0.0]]}, noise=net.minecraft.util.math.noise.DoublePerlinNoiseSampler@7977c5ae]]}]]}]]}], xzScale=0.25, yScale=0.0, noise=Noise[noiseData=Reference{ResourceKey[minecraft:worldgen/noise / minecraft:ridge]=NoiseParameters[firstOctave=-7, amplitudes=[1.0, 2.0, 1.0, 0.0, 0.0, 0.0]]}, noise=net.minecraft.util.math.noise.DoublePerlinNoiseSampler@29ecbef]]}]]}], locations=[F@5c928cb0, values=[FixedFloatFunction[value=6.3], FixedFloatFunction[value=4.69]], derivatives=[F@4d9a29be, minValue=4.69, maxValue=6.3], Implementation[coordinate=Coordinate[Direct{Wrapping[type=FlatCache, wrapped=RegistryEntryHolder[function=Direct{ShiftedNoise[shiftX=RegistryEntryHolder[function=Direct{Wrapping[type=FlatCache, wrapped=RegistryEntryHolder[function=Direct{Wrapping[type=Cache2D, wrapped=RegistryEntryHolder[function=Direct{ShiftA[offsetNoise=Noise[noiseData=Reference{ResourceKey[minecraft:worldgen/noise / minecraft:offset]=NoiseParameters[firstOctave=-3, amplitudes=[1.0, 1.0, 1.0, 0.0]]}, noise=net.minecraft.util.math.noise.DoublePerlinNoiseSampler@7977c5ae]]}]]}]]}], shiftY=RegistryEntryHolder[function=Direct{Constant[value=0.0]}], shiftZ=RegistryEntryHolder[function=Direct{Wrapping[type=FlatCache, wrapped=RegistryEntryHolder[function=Direct{Wrapping[type=Cache2D, wrapped=RegistryEntryHolder[function=Direct{ShiftB[offsetNoise=Noise[noiseData=Reference{ResourceKey[minecraft:worldgen/noise / minecraft:offset]=NoiseParameters[firstOctave=-3, amplitudes=[1.0, 1.0, 1.0, 0.0]]}, noise=net.minecraft.util.math.noise.DoublePerlinNoiseSampler@7977c5ae]]}]]}]]}], xzScale=0.25, yScale=0.0, noise=Noise[noiseData=Reference{ResourceKey[minecraft:worldgen/noise / minecraft:ridge]=NoiseParameters[firstOctave=-7, amplitudes=[1.0, 2.0, 1.0, 0.0, 0.0, 0.0]]}, noise=net.minecraft.util.math.noise.DoublePerlinNoiseSampler@29ecbef]]}]]}], locations=[F@72993b36, values=[FixedFloatFunction[value=6.3], FixedFloatFunction[value=4.69]], derivatives=[F@30bcf14c, minValue=4.69, maxValue=6.3], Implementation[coordinate=Coordinate[Direct{Wrapping[type=FlatCache, wrapped=RegistryEntryHolder[function=Direct{ShiftedNoise[shiftX=RegistryEntryHolder[function=Direct{Wrapping[type=FlatCache, wrapped=RegistryEntryHolder[function=Direct{Wrapping[type=Cache2D, wrapped=RegistryEntryHolder[function=Direct{ShiftA[offsetNoise=Noise[noiseData=Reference{ResourceKey[minecraft:worldgen/noise / minecraft:offset]=NoiseParameters[firstOctave=-3, amplitudes=[1.0, 1.0, 1.0, 0.0]]}, noise=net.minecraft.util.math.noise.DoublePerlinNoiseSampler@7977c5ae]]}]]}]]}], shiftY=RegistryEntryHolder[function=Direct{Constant[value=0.0]}], shiftZ=RegistryEntryHolder[function=Direct{Wrapping[type=FlatCache, wrapped=RegistryEntryHolder[function=Direct{Wrapping[type=Cache2D, wrapped=RegistryEntryHolder[function=Direct{ShiftB[offsetNoise=Noise[noiseData=Reference{ResourceKey[minecraft:worldgen/noise / minecraft:offset]=NoiseParameters[firstOctave=-3, amplitudes=[1.0, 1.0, 1.0, 0.0]]}, noise=net.minecraft.util.math.noise.DoublePerlinNoiseSampler@7977c5ae]]}]]}]]}], xzScale=0.25, yScale=0.0, noise=Noise[noiseData=Reference{ResourceKey[minecraft:worldgen/noise / minecraft:ridge]=NoiseParameters[firstOctave=-7, amplitudes=[1.0, 2.0, 1.0, 0.0, 0.0, 0.0]]}, noise=net.minecraft.util.math.noise.DoublePerlinNoiseSampler@29ecbef]]}]]}], locations=[F@78831ce7, values=[FixedFloatFunction[value=2.67], FixedFloatFunction[value=6.3]], derivatives=[F@64481d90, minValue=2.67, maxValue=6.3], Implementation[coordinate=Coordinate[Direct{Wrapping[type=FlatCache, wrapped=RegistryEntryHolder[function=Direct{ShiftedNoise[shiftX=RegistryEntryHolder[function=Direct{Wrapping[type=FlatCache, wrapped=RegistryEntryHolder[function=Direct{Wrapping[type=Cache2D, wrapped=RegistryEntryHolder[function=Direct{ShiftA[offsetNoise=Noise[noiseData=Reference{ResourceKey[minecraft:worldgen/noise / minecraft:offset]=NoiseParameters[firstOctave=-3, amplitudes=[1.0, 1.0, 1.0, 0.0]]}, noise=net.minecraft.util.math.noise.DoublePerlinNoiseSampler@7977c5ae]]}]]}]]}], shiftY=RegistryEntryHolder[function=Direct{Constant[value=0.0]}], shiftZ=RegistryEntryHolder[function=Direct{Wrapping[type=FlatCache, wrapped=RegistryEntryHolder[function=Direct{Wrapping[type=Cache2D, wrapped=RegistryEntryHolder[function=Direct{ShiftB[offsetNoise=Noise[noiseData=Reference{ResourceKey[minecraft:worldgen/noise / minecraft:offset]=NoiseParameters[firstOctave=-3, amplitudes=[1.0, 1.0, 1.0, 0.0]]}, noise=net.minecraft.util.math.noise.DoublePerlinNoiseSampler@7977c5ae]]}]]}]]}], xzScale=0.25, yScale=0.0, noise=Noise[noiseData=Reference{ResourceKey[minecraft:worldgen/noise / minecraft:ridge]=NoiseParameters[firstOctave=-7, amplitudes=[1.0, 2.0, 1.0, 0.0, 0.0, 0.0]]}, noise=net.minecraft.util.math.noise.DoublePerlinNoiseSampler@29ecbef]]}]]}], locations=[F@5f33daa4, values=[FixedFloatFunction[value=6.3], FixedFloatFunction[value=4.69]], derivatives=[F@852769f, minValue=4.69, maxValue=6.3], Implementation[coordinate=Coordinate[Direct{BinaryOperation[type=MUL, argument1=RegistryEntryHolder[function=Direct{Constant[value=-3.0]}], argument2=RegistryEntryHolder[function=Direct{BinaryOperation[type=ADD, argument1=RegistryEntryHolder[function=Direct{Constant[value=-0.3333333333333333]}], argument2=RegistryEntryHolder[function=Direct{UnaryOperation[type=ABS, input=RegistryEntryHolder[function=Direct{BinaryOperation[type=ADD, argument1=RegistryEntryHolder[function=Direct{Constant[value=-0.6666666666666666]}], argument2=RegistryEntryHolder[function=Direct{UnaryOperation[type=ABS, input=RegistryEntryHolder[function=Direct{Wrapping[type=FlatCache, wrapped=RegistryEntryHolder[function=Direct{ShiftedNoise[shiftX=RegistryEntryHolder[function=Direct{Wrapping[type=FlatCache, wrapped=RegistryEntryHolder[function=Direct{Wrapping[type=Cache2D, wrapped=RegistryEntryHolder[function=Direct{ShiftA[offsetNoise=Noise[noiseData=Reference{ResourceKey[minecraft:worldgen/noise / minecraft:offset]=NoiseParameters[firstOctave=-3, amplitudes=[1.0, 1.0, 1.0, 0.0]]}, noise=net.minecraft.util.math.noise.DoublePerlinNoiseSampler@7977c5ae]]}]]}]]}], shiftY=RegistryEntryHolder[function=Direct{Constant[value=0.0]}], shiftZ=RegistryEntryHolder[function=Direct{Wrapping[type=FlatCache, wrapped=RegistryEntryHolder[function=Direct{Wrapping[type=Cache2D, wrapped=RegistryEntryHolder[function=Direct{ShiftB[offsetNoise=Noise[noiseData=Reference{ResourceKey[minecraft:worldgen/noise / minecraft:offset]=NoiseParameters[firstOctave=-3, amplitudes=[1.0, 1.0, 1.0, 0.0]]}, noise=net.minecraft.util.math.noise.DoublePerlinNoiseSampler@7977c5ae]]}]]}]]}], xzScale=0.25, yScale=0.0, noise=Noise[noiseData=Reference{ResourceKey[minecraft:worldgen/noise / minecraft:ridge]=NoiseParameters[firstOctave=-7, amplitudes=[1.0, 2.0, 1.0, 0.0, 0.0, 0.0]]}, noise=net.minecraft.util.math.noise.DoublePerlinNoiseSampler@29ecbef]]}]]}], minValue=0.0, maxValue=5.7142857142857135]}], minValue=-0.6666666666666666, maxValue=5.047619047619047]}], minValue=0.0, maxValue=5.047619047619047]}], minValue=-0.3333333333333333, maxValue=4.7142857142857135]}], minValue=-14.14285714285714, maxValue=1.0]}], locations=[F@68563756, values=[Implementation[coordinate=Coordinate[Direct{Wrapping[type=FlatCache, wrapped=RegistryEntryHolder[function=Direct{ShiftedNoise[shiftX=RegistryEntryHolder[function=Direct{Wrapping[type=FlatCache, wrapped=RegistryEntryHolder[function=Direct{Wrapping[type=Cache2D, wrapped=RegistryEntryHolder[function=Direct{ShiftA[offsetNoise=Noise[noiseData=Reference{ResourceKey[minecraft:worldgen/noise / minecraft:offset]=NoiseParameters[firstOctave=-3, amplitudes=[1.0, 1.0, 1.0, 0.0]]}, noise=net.minecraft.util.math.noise.DoublePerlinNoiseSampler@7977c5ae]]}]]}]]}], shiftY=RegistryEntryHolder[function=Direct{Constant[value=0.0]}], shiftZ=RegistryEntryHolder[function=Direct{Wrapping[type=FlatCache, wrapped=RegistryEntryHolder[function=Direct{Wrapping[type=Cache2D, wrapped=RegistryEntryHolder[function=Direct{ShiftB[offsetNoise=Noise[noiseData=Reference{ResourceKey[minecraft:worldgen/noise / minecraft:offset]=NoiseParameters[firstOctave=-3, amplitudes=[1.0, 1.0, 1.0, 0.0]]}, noise=net.minecraft.util.math.noise.DoublePerlinNoiseSampler@7977c5ae]]}]]}]]}], xzScale=0.25, yScale=0.0, noise=Noise[noiseData=Reference{ResourceKey[minecraft:worldgen/noise / minecraft:ridge]=NoiseParameters[firstOctave=-7, amplitudes=[1.0, 2.0, 1.0, 0.0, 0.0, 0.0]]}, noise=net.minecraft.util.math.noise.DoublePerlinNoiseSampler@29ecbef]]}]]}], locations=[F@4cd60351, values=[FixedFloatFunction[value=6.3], FixedFloatFunction[value=4.69]], derivatives=[F@df11695, minValue=4.69, maxValue=6.3], FixedFloatFunction[value=1.56]], derivatives=[F@168c6f3a, minValue=1.56, maxValue=6.3], Implementation[coordinate=Coordinate[Direct{BinaryOperation[type=MUL, argument1=RegistryEntryHolder[function=Direct{Constant[value=-3.0]}], argument2=RegistryEntryHolder[function=Direct{BinaryOperation[type=ADD, argument1=RegistryEntryHolder[function=Direct{Constant[value=-0.3333333333333333]}], argument2=RegistryEntryHolder[function=Direct{UnaryOperation[type=ABS, input=RegistryEntryHolder[function=Direct{BinaryOperation[type=ADD, argument1=RegistryEntryHolder[function=Direct{Constant[value=-0.6666666666666666]}], argument2=RegistryEntryHolder[function=Direct{UnaryOperation[type=ABS, input=RegistryEntryHolder[function=Direct{Wrapping[type=FlatCache, wrapped=RegistryEntryHolder[function=Direct{ShiftedNoise[shiftX=RegistryEntryHolder[function=Direct{Wrapping[type=FlatCache, wrapped=RegistryEntryHolder[function=Direct{Wrapping[type=Cache2D, wrapped=RegistryEntryHolder[function=Direct{ShiftA[offsetNoise=Noise[noiseData=Reference{ResourceKey[minecraft:worldgen/noise / minecraft:offset]=NoiseParameters[firstOctave=-3, amplitudes=[1.0, 1.0, 1.0, 0.0]]}, noise=net.minecraft.util.math.noise.DoublePerlinNoiseSampler@7977c5ae]]}]]}]]}], shiftY=RegistryEntryHolder[function=Direct{Constant[value=0.0]}], shiftZ=RegistryEntryHolder[function=Direct{Wrapping[type=FlatCache, wrapped=RegistryEntryHolder[function=Direct{Wrapping[type=Cache2D, wrapped=RegistryEntryHolder[function=Direct{ShiftB[offsetNoise=Noise[noiseData=Reference{ResourceKey[minecraft:worldgen/noise / minecraft:offset]=NoiseParameters[firstOctave=-3, amplitudes=[1.0, 1.0, 1.0, 0.0]]}, noise=net.minecraft.util.math.noise.DoublePerlinNoiseSampler@7977c5ae]]}]]}]]}], xzScale=0.25, yScale=0.0, noise=Noise[noiseData=Reference{ResourceKey[minecraft:worldgen/noise / minecraft:ridge]=NoiseParameters[firstOctave=-7, amplitudes=[1.0, 2.0, 1.0, 0.0, 0.0, 0.0]]}, noise=net.minecraft.util.math.noise.DoublePerlinNoiseSampler@29ecbef]]}]]}], minValue=0.0, maxValue=5.7142857142857135]}], minValue=-0.6666666666666666, maxValue=5.047619047619047]}], minValue=0.0, maxValue=5.047619047619047]}], minValue=-0.3333333333333333, maxValue=4.7142857142857135]}], minValue=-14.14285714285714, maxValue=1.0]}], locations=[F@4fb9063a, values=[Implementation[coordinate=Coordinate[Direct{Wrapping[type=FlatCache, wrapped=RegistryEntryHolder[function=Direct{ShiftedNoise[shiftX=RegistryEntryHolder[function=Direct{Wrapping[type=FlatCache, wrapped=RegistryEntryHolder[function=Direct{Wrapping[type=Cache2D, wrapped=RegistryEntryHolder[function=Direct{ShiftA[offsetNoise=Noise[noiseData=Reference{ResourceKey[minecraft:worldgen/noise / minecraft:offset]=NoiseParameters[firstOctave=-3, amplitudes=[1.0, 1.0, 1.0, 0.0]]}, noise=net.minecraft.util.math.noise.DoublePerlinNoiseSampler@7977c5ae]]}]]}]]}], shiftY=RegistryEntryHolder[function=Direct{Constant[value=0.0]}], shiftZ=RegistryEntryHolder[function=Direct{Wrapping[type=FlatCache, wrapped=RegistryEntryHolder[function=Direct{Wrapping[type=Cache2D, wrapped=RegistryEntryHolder[function=Direct{ShiftB[offsetNoise=Noise[noiseData=Reference{ResourceKey[minecraft:worldgen/noise / minecraft:offset]=NoiseParameters[firstOctave=-3, amplitudes=[1.0, 1.0, 1.0, 0.0]]}, noise=net.minecraft.util.math.noise.DoublePerlinNoiseSampler@7977c5ae]]}]]}]]}], xzScale=0.25, yScale=0.0, noise=Noise[noiseData=Reference{ResourceKey[minecraft:worldgen/noise / minecraft:ridge]=NoiseParameters[firstOctave=-7, amplitudes=[1.0, 2.0, 1.0, 0.0, 0.0, 0.0]]}, noise=net.minecraft.util.math.noise.DoublePerlinNoiseSampler@29ecbef]]}]]}], locations=[F@33895817, values=[FixedFloatFunction[value=6.3], FixedFloatFunction[value=4.69]], derivatives=[F@36c9a54d, minValue=4.69, maxValue=6.3], FixedFloatFunction[value=1.56]], derivatives=[F@4349e911, minValue=1.56, maxValue=6.3], Implementation[coordinate=Coordinate[Direct{BinaryOperation[type=MUL, argument1=RegistryEntryHolder[function=Direct{Constant[value=-3.0]}], argument2=RegistryEntryHolder[function=Direct{BinaryOperation[type=ADD, argument1=RegistryEntryHolder[function=Direct{Constant[value=-0.3333333333333333]}], argument2=RegistryEntryHolder[function=Direct{UnaryOperation[type=ABS, input=RegistryEntryHolder[function=Direct{BinaryOperation[type=ADD, argument1=RegistryEntryHolder[function=Direct{Constant[value=-0.6666666666666666]}], argument2=RegistryEntryHolder[function=Direct{UnaryOperation[type=ABS, input=RegistryEntryHolder[function=Direct{Wrapping[type=FlatCache, wrapped=RegistryEntryHolder[function=Direct{ShiftedNoise[shiftX=RegistryEntryHolder[function=Direct{Wrapping[type=FlatCache, wrapped=RegistryEntryHolder[function=Direct{Wrapping[type=Cache2D, wrapped=RegistryEntryHolder[function=Direct{ShiftA[offsetNoise=Noise[noiseData=Reference{ResourceKey[minecraft:worldgen/noise / minecraft:offset]=NoiseParameters[firstOctave=-3, amplitudes=[1.0, 1.0, 1.0, 0.0]]}, noise=net.minecraft.util.math.noise.DoublePerlinNoiseSampler@7977c5ae]]}]]}]]}], shiftY=RegistryEntryHolder[function=Direct{Constant[value=0.0]}], shiftZ=RegistryEntryHolder[function=Direct{Wrapping[type=FlatCache, wrapped=RegistryEntryHolder[function=Direct{Wrapping[type=Cache2D, wrapped=RegistryEntryHolder[function=Direct{ShiftB[offsetNoise=Noise[noiseData=Reference{ResourceKey[minecraft:worldgen/noise / minecraft:offset]=NoiseParameters[firstOctave=-3, amplitudes=[1.0, 1.0, 1.0, 0.0]]}, noise=net.minecraft.util.math.noise.DoublePerlinNoiseSampler@7977c5ae]]}]]}]]}], xzScale=0.25, yScale=0.0, noise=Noise[noiseData=Reference{ResourceKey[minecraft:worldgen/noise / minecraft:ridge]=NoiseParameters[firstOctave=-7, amplitudes=[1.0, 2.0, 1.0, 0.0, 0.0, 0.0]]}, noise=net.minecraft.util.math.noise.DoublePerlinNoiseSampler@29ecbef]]}]]}], minValue=0.0, maxValue=5.7142857142857135]}], minValue=-0.6666666666666666, maxValue=5.047619047619047]}], minValue=0.0, maxValue=5.047619047619047]}], minValue=-0.3333333333333333, maxValue=4.7142857142857135]}], minValue=-14.14285714285714, maxValue=1.0]}], locations=[F@44c6bf94, values=[Implementation[coordinate=Coordinate[Direct{Wrapping[type=FlatCache, wrapped=RegistryEntryHolder[function=Direct{ShiftedNoise[shiftX=RegistryEntryHolder[function=Direct{Wrapping[type=FlatCache, wrapped=RegistryEntryHolder[function=Direct{Wrapping[type=Cache2D, wrapped=RegistryEntryHolder[function=Direct{ShiftA[offsetNoise=Noise[noiseData=Reference{ResourceKey[minecraft:worldgen/noise / minecraft:offset]=NoiseParameters[firstOctave=-3, amplitudes=[1.0, 1.0, 1.0, 0.0]]}, noise=net.minecraft.util.math.noise.DoublePerlinNoiseSampler@7977c5ae]]}]]}]]}], shiftY=RegistryEntryHolder[function=Direct{Constant[value=0.0]}], shiftZ=RegistryEntryHolder[function=Direct{Wrapping[type=FlatCache, wrapped=RegistryEntryHolder[function=Direct{Wrapping[type=Cache2D, wrapped=RegistryEntryHolder[function=Direct{ShiftB[offsetNoise=Noise[noiseData=Reference{ResourceKey[minecraft:worldgen/noise / minecraft:offset]=NoiseParameters[firstOctave=-3, amplitudes=[1.0, 1.0, 1.0, 0.0]]}, noise=net.minecraft.util.math.noise.DoublePerlinNoiseSampler@7977c5ae]]}]]}]]}], xzScale=0.25, yScale=0.0, noise=Noise[noiseData=Reference{ResourceKey[minecraft:worldgen/noise / minecraft:ridge]=NoiseParameters[firstOctave=-7, amplitudes=[1.0, 2.0, 1.0, 0.0, 0.0, 0.0]]}, noise=net.minecraft.util.math.noise.DoublePerlinNoiseSampler@29ecbef]]}]]}], locations=[F@3df61efb, values=[FixedFloatFunction[value=6.3], FixedFloatFunction[value=4.69]], derivatives=[F@466e37c5, minValue=4.69, maxValue=6.3], FixedFloatFunction[value=1.37]], derivatives=[F@4a635f78, minValue=1.37, maxValue=6.3], Implementation[coordinate=Coordinate[Direct{BinaryOperation[type=MUL, argument1=RegistryEntryHolder[function=Direct{Constant[value=-3.0]}], argument2=RegistryEntryHolder[function=Direct{BinaryOperation[type=ADD, argument1=RegistryEntryHolder[function=Direct{Constant[value=-0.3333333333333333]}], argument2=RegistryEntryHolder[function=Direct{UnaryOperation[type=ABS, input=RegistryEntryHolder[function=Direct{BinaryOperation[type=ADD, argument1=RegistryEntryHolder[function=Direct{Constant[value=-0.6666666666666666]}], argument2=RegistryEntryHolder[function=Direct{UnaryOperation[type=ABS, input=RegistryEntryHolder[function=Direct{Wrapping[type=FlatCache, wrapped=RegistryEntryHolder[function=Direct{ShiftedNoise[shiftX=RegistryEntryHolder[function=Direct{Wrapping[type=FlatCache, wrapped=RegistryEntryHolder[function=Direct{Wrapping[type=Cache2D, wrapped=RegistryEntryHolder[function=Direct{ShiftA[offsetNoise=Noise[noiseData=Reference{ResourceKey[minecraft:worldgen/noise / minecraft:offset]=NoiseParameters[firstOctave=-3, amplitudes=[1.0, 1.0, 1.0, 0.0]]}, noise=net.minecraft.util.math.noise.DoublePerlinNoiseSampler@7977c5ae]]}]]}]]}], shiftY=RegistryEntryHolder[function=Direct{Constant[value=0.0]}], shiftZ=RegistryEntryHolder[function=Direct{Wrapping[type=FlatCache, wrapped=RegistryEntryHolder[function=Direct{Wrapping[type=Cache2D, wrapped=RegistryEntryHolder[function=Direct{ShiftB[offsetNoise=Noise[noiseData=Reference{ResourceKey[minecraft:worldgen/noise / minecraft:offset]=NoiseParameters[firstOctave=-3, amplitudes=[1.0, 1.0, 1.0, 0.0]]}, noise=net.minecraft.util.math.noise.DoublePerlinNoiseSampler@7977c5ae]]}]]}]]}], xzScale=0.25, yScale=0.0, noise=Noise[noiseData=Reference{ResourceKey[minecraft:worldgen/noise / minecraft:ridge]=NoiseParameters[firstOctave=-7, amplitudes=[1.0, 2.0, 1.0, 0.0, 0.0, 0.0]]}, noise=net.minecraft.util.math.noise.DoublePerlinNoiseSampler@29ecbef]]}]]}], minValue=0.0, maxValue=5.7142857142857135]}], minValue=-0.6666666666666666, maxValue=5.047619047619047]}], minValue=0.0, maxValue=5.047619047619047]}], minValue=-0.3333333333333333, maxValue=4.7142857142857135]}], minValue=-14.14285714285714, maxValue=1.0]}], locations=[F@3b2873bf, values=[Implementation[coordinate=Coordinate[Direct{Wrapping[type=FlatCache, wrapped=RegistryEntryHolder[function=Direct{ShiftedNoise[shiftX=RegistryEntryHolder[function=Direct{Wrapping[type=FlatCache, wrapped=RegistryEntryHolder[function=Direct{Wrapping[type=Cache2D, wrapped=RegistryEntryHolder[function=Direct{ShiftA[offsetNoise=Noise[noiseData=Reference{ResourceKey[minecraft:worldgen/noise / minecraft:offset]=NoiseParameters[firstOctave=-3, amplitudes=[1.0, 1.0, 1.0, 0.0]]}, noise=net.minecraft.util.math.noise.DoublePerlinNoiseSampler@7977c5ae]]}]]}]]}], shiftY=RegistryEntryHolder[function=Direct{Constant[value=0.0]}], shiftZ=RegistryEntryHolder[function=Direct{Wrapping[type=FlatCache, wrapped=RegistryEntryHolder[function=Direct{Wrapping[type=Cache2D, wrapped=RegistryEntryHolder[function=Direct{ShiftB[offsetNoise=Noise[noiseData=Reference{ResourceKey[minecraft:worldgen/noise / minecraft:offset]=NoiseParameters[firstOctave=-3, amplitudes=[1.0, 1.0, 1.0, 0.0]]}, noise=net.minecraft.util.math.noise.DoublePerlinNoiseSampler@7977c5ae]]}]]}]]}], xzScale=0.25, yScale=0.0, noise=Noise[noiseData=Reference{ResourceKey[minecraft:worldgen/noise / minecraft:ridge]=NoiseParameters[firstOctave=-7, amplitudes=[1.0, 2.0, 1.0, 0.0, 0.0, 0.0]]}, noise=net.minecraft.util.math.noise.DoublePerlinNoiseSampler@29ecbef]]}]]}], locations=[F@36a4b3e7, values=[FixedFloatFunction[value=6.3], FixedFloatFunction[value=4.69]], derivatives=[F@1436ae9, minValue=4.69, maxValue=6.3], FixedFloatFunction[value=1.37]], derivatives=[F@518b7d26, minValue=1.37, maxValue=6.3], FixedFloatFunction[value=4.69]], derivatives=[F@29465923, minValue=1.37, maxValue=6.3]], derivatives=[F@3aeefc67, minValue=0.625, maxValue=6.3]]}], minValue=-9.375, maxValue=-3.6999998092651367]}], minValue=-9.375, maxValue=-3.6999998092651367]}], minValue=0.625, maxValue=6.300000190734863]}]]}]]}], minValue=-68.36539433573883, maxValue=40.62990528813529]}], minValue=-17.091348583934707, maxValue=40.62990528813529]}], minValue=-68.36539433573883, maxValue=162.51962115254116]}], argument2=RegistryEntryHolder[function=Direct{net.minecraft.util.math.noise.InterpolatedNoiseSampler@1b54bad6}], minValue=-155.91689433573885, maxValue=250.0711211525412]}], argument2=RegistryEntryHolder[function=Direct{BinaryOperation[type=MUL, argument1=RegistryEntryHolder[function=Direct{Constant[value=5.0]}], argument2=RegistryEntryHolder[function=Direct{BlendDensity[input=RegistryEntryHolder[function=Direct{Constant[value=6.0]}]]}], minValue=-Infinity, maxValue=Infinity]}], minValue=-Infinity, maxValue=250.0711211525412]}], whenOutOfRange=RegistryEntryHolder[function=Direct{BinaryOperation[type=MAX, argument1=RegistryEntryHolder[function=Direct{BinaryOperation[type=MIN, argument1=RegistryEntryHolder[function=Direct{BinaryOperation[type=MIN, argument1=RegistryEntryHolder[function=Direct{BinaryOperation[type=ADD, argument1=RegistryEntryHolder[function=Direct{BinaryOperation[type=MUL, argument1=RegistryEntryHolder[function=Direct{Constant[value=4.0]}], argument2=RegistryEntryHolder[function=Direct{UnaryOperation[type=SQUARE, input=RegistryEntryHolder[function=Direct{Constant[value=6.0]}], minValue=6.0, maxValue=36.0]}], minValue=24.0, maxValue=144.0]}], argument2=RegistryEntryHolder[function=Direct{BinaryOperation[type=ADD, argument1=RegistryEntryHolder[function=Direct{Clamp[input=BinaryOperation[type=ADD, argument1=RegistryEntryHolder[function=Direct{Constant[value=0.27]}], argument2=RegistryEntryHolder[function=Direct{UnaryOperation[type=CUBE, input=RegistryEntryHolder[function=Direct{Constant[value=5.0]}], minValue=125.0, maxValue=125.0]}], minValue=125.27, maxValue=125.27], minValue=-1.0, maxValue=1.0]}], argument2=RegistryEntryHolder[function=Direct{Clamp[input=BinaryOperation[type=ADD, argument1=RegistryEntryHolder[function=Direct{Constant[value=1.5]}], argument2=RegistryEntryHolder[function=Direct{BinaryOperation[type=MUL, argument1=RegistryEntryHolder[function=Direct{Constant[value=-0.64]}], argument2=RegistryEntryHolder[function=Direct{UnaryOperation[type=CUBE, input=RegistryEntryHolder[function=Direct{Constant[value=1.0]}], minValue=1.0, maxValue=1.0]}], minValue=-0.64, maxValue=-0.64]}], minValue=0.86, maxValue=0.86], minValue=0.0, maxValue=0.5]}], minValue=-1.0, maxValue=1.5]}], minValue=23.0, maxValue=145.5]}], argument2=RegistryEntryHolder[function=Direct{Constant[value=3.0]}], minValue=3.0, maxValue=3.0]}], argument2=RegistryEntryHolder[function=Direct{BinaryOperation[type=ADD, argument1=RegistryEntryHolder[function=Direct{UnaryOperation[type=CUBE, input=RegistryEntryHolder[function=Direct{Constant[value=2.0]}], minValue=8.0, maxValue=8.0]}], argument2=RegistryEntryHolder[function=Direct{UnaryOperation[type=CUBE, input=RegistryEntryHolder[function=Direct{Constant[value=1.0]}], minValue=1.0, maxValue=1.0]}], minValue=9.0, maxValue=9.0]}], minValue=3.0, maxValue=3.0]}], argument2=RegistryEntryHolder[function=Direct{RangeChoice[input=RegistryEntryHolder[function=Direct{Constant[value=1.0]}], minInclusive=-1000000.0, maxExclusive=0.03, whenInRange=RegistryEntryHolder[function=Direct{Constant[value=-1000000.0]}], whenOutOfRange=RegistryEntryHolder[function=Direct{Constant[value=1.0]}]]}], minValue=3.0, maxValue=3.0]}]]}], minValue=-Infinity, maxValue=250.1492461525412]}], minValue=-Infinity, maxValue=NaN]}], minValue=-Infinity, maxValue=NaN]}], minValue=-Infinity, maxValue=NaN]}], minValue=NaN, maxValue=NaN]}], minValue=NaN, maxValue=NaN]}]]}]]}], minValue=-Infinity, maxValue=Infinity]}], minValue=-0.4583333333333333, maxValue=0.4583333333333333]}] and RegistryEntryHolder[function=Direct{UnaryOperation[type=CUBE, input=RegistryEntryHolder[function=Direct{Constant[value=3.0]}], minValue=27.0, maxValue=27.0]}]
[14:23:39] [Server thread/INFO] (net.minecraft.server.MinecraftServer) Preparing start region for dimension minecraft:overworld
[14:23:40] [Netty Server IO #1/DEBUG] (FabricLoader/Mixin) Mixing ingredient.EncoderHandlerMixin from fabric-recipe-api-v1.mixins.json into net.minecraft.network.handler.EncoderHandler
[14:23:40] [Netty Server IO #1/DEBUG] (FabricLoader/Mixin) fabric-recipe-api-v1.mixins.json:ingredient.EncoderHandlerMixin from mod fabric-recipe-api-v1->@Inject::capturePacketEncoder(Lio/netty/channel/ChannelHandlerContext;Lnet/minecraft/network/packet/Packet;Lio/netty/buffer/ByteBuf;Lorg/spongepowered/asm/mixin/injection/callback/CallbackInfo;)V doesn't use it's CallbackInfo
[14:23:40] [Netty Server IO #1/DEBUG] (FabricLoader/Mixin) fabric-recipe-api-v1.mixins.json:ingredient.EncoderHandlerMixin from mod fabric-recipe-api-v1->@Inject::capturePacketEncoder(Lio/netty/channel/ChannelHandlerContext;Lnet/minecraft/network/packet/Packet;Lio/netty/buffer/ByteBuf;Lorg/spongepowered/asm/mixin/injection/callback/CallbackInfo;)V has 0 override(s) in child classes
[14:23:40] [Netty Server IO #1/DEBUG] (FabricLoader/Mixin) fabric-recipe-api-v1.mixins.json:ingredient.EncoderHandlerMixin from mod fabric-recipe-api-v1->@Inject::capturePacketEncoder(Lio/netty/channel/ChannelHandlerContext;Lnet/minecraft/network/packet/Packet;Lio/netty/buffer/ByteBuf;Lorg/spongepowered/asm/mixin/injection/callback/CallbackInfo;)V won't be passed a CallbackInfo as a result
[14:23:40] [Netty Server IO #1/DEBUG] (FabricLoader/Mixin) fabric-recipe-api-v1.mixins.json:ingredient.EncoderHandlerMixin from mod fabric-recipe-api-v1->@Inject::releasePacketEncoder(Lio/netty/channel/ChannelHandlerContext;Lnet/minecraft/network/packet/Packet;Lio/netty/buffer/ByteBuf;Lorg/spongepowered/asm/mixin/injection/callback/CallbackInfo;)V doesn't use it's CallbackInfo
[14:23:40] [Netty Server IO #1/DEBUG] (FabricLoader/Mixin) fabric-recipe-api-v1.mixins.json:ingredient.EncoderHandlerMixin from mod fabric-recipe-api-v1->@Inject::releasePacketEncoder(Lio/netty/channel/ChannelHandlerContext;Lnet/minecraft/network/packet/Packet;Lio/netty/buffer/ByteBuf;Lorg/spongepowered/asm/mixin/injection/callback/CallbackInfo;)V has 0 override(s) in child classes
[14:23:40] [Netty Server IO #1/DEBUG] (FabricLoader/Mixin) fabric-recipe-api-v1.mixins.json:ingredient.EncoderHandlerMixin from mod fabric-recipe-api-v1->@Inject::releasePacketEncoder(Lio/netty/channel/ChannelHandlerContext;Lnet/minecraft/network/packet/Packet;Lio/netty/buffer/ByteBuf;Lorg/spongepowered/asm/mixin/injection/callback/CallbackInfo;)V won't be passed a CallbackInfo as a result
[14:23:40] [Netty Server IO #1/DEBUG] (FabricLoader/Mixin) fabric-recipe-api-v1.mixins.json:ingredient.EncoderHandlerMixin from mod fabric-recipe-api-v1->@Inject::releasePacketEncoder(Lio/netty/channel/ChannelHandlerContext;Lnet/minecraft/network/packet/Packet;Lio/netty/buffer/ByteBuf;Lorg/spongepowered/asm/mixin/injection/callback/CallbackInfo;)V doesn't use it's CallbackInfo
[14:23:40] [Netty Server IO #1/DEBUG] (FabricLoader/Mixin) fabric-recipe-api-v1.mixins.json:ingredient.EncoderHandlerMixin from mod fabric-recipe-api-v1->@Inject::releasePacketEncoder(Lio/netty/channel/ChannelHandlerContext;Lnet/minecraft/network/packet/Packet;Lio/netty/buffer/ByteBuf;Lorg/spongepowered/asm/mixin/injection/callback/CallbackInfo;)V has 0 override(s) in child classes
[14:23:40] [Netty Server IO #1/DEBUG] (FabricLoader/Mixin) fabric-recipe-api-v1.mixins.json:ingredient.EncoderHandlerMixin from mod fabric-recipe-api-v1->@Inject::releasePacketEncoder(Lio/netty/channel/ChannelHandlerContext;Lnet/minecraft/network/packet/Packet;Lio/netty/buffer/ByteBuf;Lorg/spongepowered/asm/mixin/injection/callback/CallbackInfo;)V won't be passed a CallbackInfo as a result
[14:23:40] [Netty Server IO #1/DEBUG] (FabricLoader/Mixin) Mixing PacketCodecDispatcherMixin from fabric-networking-api-v1.mixins.json into net.minecraft.network.handler.PacketCodecDispatcher
[14:23:40] [Netty Server IO #1/DEBUG] (FabricLoader/Mixin) fabric-networking-api-v1.mixins.json:PacketCodecDispatcherMixin from mod fabric-networking-api-v1->@Inject::encode(Lio/netty/buffer/ByteBuf;Ljava/lang/Object;Lorg/spongepowered/asm/mixin/injection/callback/CallbackInfo;)V doesn't use it's CallbackInfo
[14:23:40] [Netty Server IO #1/DEBUG] (FabricLoader/Mixin) fabric-networking-api-v1.mixins.json:PacketCodecDispatcherMixin from mod fabric-networking-api-v1->@Inject::encode(Lio/netty/buffer/ByteBuf;Ljava/lang/Object;Lorg/spongepowered/asm/mixin/injection/callback/CallbackInfo;)V has 0 override(s) in child classes
[14:23:40] [Netty Server IO #1/DEBUG] (FabricLoader/Mixin) fabric-networking-api-v1.mixins.json:PacketCodecDispatcherMixin from mod fabric-networking-api-v1->@Inject::encode(Lio/netty/buffer/ByteBuf;Ljava/lang/Object;Lorg/spongepowered/asm/mixin/injection/callback/CallbackInfo;)V won't be passed a CallbackInfo as a result
[14:23:40] [Netty Server IO #1/DEBUG] (io.netty.buffer.AbstractByteBuf) -Dio.netty.buffer.checkAccessible: true
[14:23:40] [Netty Server IO #1/DEBUG] (io.netty.buffer.AbstractByteBuf) -Dio.netty.buffer.checkBounds: true
[14:23:40] [Netty Server IO #1/DEBUG] (io.netty.util.ResourceLeakDetectorFactory) Loaded default ResourceLeakDetector: io.netty.util.ResourceLeakDetector@38482909
[14:23:40] [Netty Server IO #1/DEBUG] (io.netty.util.Recycler) -Dio.netty.recycler.maxCapacityPerThread: 4096
[14:23:40] [Netty Server IO #1/DEBUG] (io.netty.util.Recycler) -Dio.netty.recycler.ratio: 8
[14:23:40] [Netty Server IO #1/DEBUG] (io.netty.util.Recycler) -Dio.netty.recycler.chunkSize: 32
[14:23:40] [Netty Server IO #1/DEBUG] (io.netty.util.Recycler) -Dio.netty.recycler.blocking: false
[14:23:40] [Netty Server IO #1/DEBUG] (io.netty.util.Recycler) -Dio.netty.recycler.batchFastThreadLocalOnly: true
[14:23:40] [Netty Server IO #1/DEBUG] (FabricLoader/Mixin) Mixing VarIntsAccessor from fabric-data-attachment-api-v1.mixins.json into net.minecraft.network.encoding.VarInts
[14:23:40] [Netty Server IO #1/DEBUG] (FabricLoader/Mixin) Renaming @Accessor method getMaxByteSize()I to getMaxByteSize$fabric-data-attachment-api-v1_$md$0fa23f$0 in fabric-data-attachment-api-v1.mixins.json:VarIntsAccessor from mod fabric-data-attachment-api-v1
[14:23:40] [Netty Server IO #1/DEBUG] (FabricLoader/Mixin) Mixing LoginQueryResponseC2SPacketMixin from fabric-networking-api-v1.mixins.json into net.minecraft.network.packet.c2s.login.LoginQueryResponseC2SPacket
[14:23:40] [Netty Server IO #1/DEBUG] (FabricLoader/Mixin) fabric-networking-api-v1.mixins.json:LoginQueryResponseC2SPacketMixin from mod fabric-networking-api-v1->@Inject::readResponse(ILnet/minecraft/network/PacketByteBuf;Lorg/spongepowered/asm/mixin/injection/callback/CallbackInfoReturnable;)V does use it's CallbackInfoReturnable
[14:23:40] [Netty Server IO #1/DEBUG] (FabricLoader/Mixin) Mixing LoginQueryRequestS2CPacketMixin from fabric-networking-api-v1.mixins.json into net.minecraft.network.packet.s2c.login.LoginQueryRequestS2CPacket
[14:23:40] [Netty Server IO #1/DEBUG] (FabricLoader/Mixin) fabric-networking-api-v1.mixins.json:LoginQueryRequestS2CPacketMixin from mod fabric-networking-api-v1->@Inject::readPayload(Lnet/minecraft/util/Identifier;Lnet/minecraft/network/PacketByteBuf;Lorg/spongepowered/asm/mixin/injection/callback/CallbackInfoReturnable;)V does use it's CallbackInfoReturnable
[14:23:40] [Netty Server IO #1/DEBUG] (FabricLoader/Mixin) Mixing ServerLoginNetworkHandlerMixin from fabric-networking-api-v1.mixins.json into net.minecraft.server.network.ServerLoginNetworkHandler
[14:23:40] [Netty Server IO #1/DEBUG] (FabricLoader/Mixin) Mixing accessor.ServerLoginNetworkHandlerAccessor from fabric-networking-api-v1.mixins.json into net.minecraft.server.network.ServerLoginNetworkHandler
[14:23:40] [Netty Server IO #1/DEBUG] (FabricLoader/Mixin) fabric-networking-api-v1.mixins.json:ServerLoginNetworkHandlerMixin from mod fabric-networking-api-v1->@Inject::initAddon(Lorg/spongepowered/asm/mixin/injection/callback/CallbackInfo;)V doesn't use it's CallbackInfo
[14:23:40] [Netty Server IO #1/DEBUG] (FabricLoader/Mixin) fabric-networking-api-v1.mixins.json:ServerLoginNetworkHandlerMixin from mod fabric-networking-api-v1->@Inject::initAddon(Lorg/spongepowered/asm/mixin/injection/callback/CallbackInfo;)V has 0 override(s) in child classes
[14:23:40] [Netty Server IO #1/DEBUG] (FabricLoader/Mixin) fabric-networking-api-v1.mixins.json:ServerLoginNetworkHandlerMixin from mod fabric-networking-api-v1->@Inject::initAddon(Lorg/spongepowered/asm/mixin/injection/callback/CallbackInfo;)V won't be passed a CallbackInfo as a result
[14:23:40] [Netty Server IO #1/DEBUG] (FabricLoader/Mixin) fabric-networking-api-v1.mixins.json:ServerLoginNetworkHandlerMixin from mod fabric-networking-api-v1->@Inject::handleCustomPayloadReceivedAsync(Lnet/minecraft/network/packet/c2s/login/LoginQueryResponseC2SPacket;Lorg/spongepowered/asm/mixin/injection/callback/CallbackInfo;)V does use it's CallbackInfo
[14:23:40] [User Authenticator #1/DEBUG] (com.mojang.authlib.minecraft.client.MinecraftClient) Connecting to https://sessionserver.mojang.com/session/minecraft/hasJoined?serverId=6216a71a4953877bdf636fc85a13b5ea5b76c348&username=Sansrus
[14:23:41] [Worker-Main-2/DEBUG] (FabricLoader/Mixin) Mixing SerializedChunkMixin from fabric-data-attachment-api-v1.mixins.json into net.minecraft.world.chunk.SerializedChunk
[14:23:41] [Worker-Main-2/DEBUG] (FabricLoader/Mixin) Renaming @Unique field LOGGERLorg/slf4j/Logger; to fd0fa23f$fabric-data-attachment-api-v1$LOGGER$0 in fabric-data-attachment-api-v1.mixins.json:SerializedChunkMixin from mod fabric-data-attachment-api-v1
[14:23:41] [Worker-Main-2/DEBUG] (FabricLoader/Mixin) Mixing SerializedChunkMixin from fabric-registry-sync-v0.mixins.json into net.minecraft.world.chunk.SerializedChunk
[14:23:41] [Worker-Main-2/DEBUG] (FabricLoader/Mixin) fabric-data-attachment-api-v1.mixins.json:SerializedChunkMixin from mod fabric-data-attachment-api-v1->@Inject::storeAttachmentNbtData(Lnet/minecraft/world/HeightLimitView;Lnet/minecraft/registry/DynamicRegistryManager;Lnet/minecraft/nbt/NbtCompound;Lorg/spongepowered/asm/mixin/injection/callback/CallbackInfoReturnable;)V does use it's CallbackInfoReturnable
[14:23:41] [Worker-Main-2/DEBUG] (FabricLoader/Mixin) fabric-data-attachment-api-v1.mixins.json:SerializedChunkMixin from mod fabric-data-attachment-api-v1->@Inject::storeAttachmentNbtData(Lnet/minecraft/world/HeightLimitView;Lnet/minecraft/registry/DynamicRegistryManager;Lnet/minecraft/nbt/NbtCompound;Lorg/spongepowered/asm/mixin/injection/callback/CallbackInfoReturnable;)V does use it's CallbackInfoReturnable
[14:23:41] [Worker-Main-2/DEBUG] (FabricLoader/Mixin) fabric-data-attachment-api-v1.mixins.json:SerializedChunkMixin from mod fabric-data-attachment-api-v1->@Inject::setAttachmentDataInChunk(Lnet/minecraft/server/world/ServerWorld;Lnet/minecraft/world/poi/PointOfInterestStorage;Lnet/minecraft/world/storage/StorageKey;Lnet/minecraft/util/math/ChunkPos;Lorg/spongepowered/asm/mixin/injection/callback/CallbackInfoReturnable;)V does use it's CallbackInfoReturnable
[14:23:41] [Worker-Main-2/DEBUG] (FabricLoader/Mixin) fabric-data-attachment-api-v1.mixins.json:SerializedChunkMixin from mod fabric-data-attachment-api-v1->@Inject::setAttachmentDataInChunk(Lnet/minecraft/server/world/ServerWorld;Lnet/minecraft/world/poi/PointOfInterestStorage;Lnet/minecraft/world/storage/StorageKey;Lnet/minecraft/util/math/ChunkPos;Lorg/spongepowered/asm/mixin/injection/callback/CallbackInfoReturnable;)V does use it's CallbackInfoReturnable
[14:23:41] [Worker-Main-2/DEBUG] (FabricLoader/Mixin) fabric-data-attachment-api-v1.mixins.json:SerializedChunkMixin from mod fabric-data-attachment-api-v1->@Inject::storeAttachmentNbtData(Lnet/minecraft/server/world/ServerWorld;Lnet/minecraft/world/chunk/Chunk;Lorg/spongepowered/asm/mixin/injection/callback/CallbackInfoReturnable;)V does use it's CallbackInfoReturnable
[14:23:41] [Worker-Main-2/DEBUG] (FabricLoader/Mixin) fabric-data-attachment-api-v1.mixins.json:SerializedChunkMixin from mod fabric-data-attachment-api-v1->@Inject::writeChunkAttachments(Lorg/spongepowered/asm/mixin/injection/callback/CallbackInfoReturnable;)V does use it's CallbackInfoReturnable
[14:23:41] [Worker-Main-2/DEBUG] (FabricLoader/Mixin) Mixing WrapperProtoChunkMixin from fabric-data-attachment-api-v1.mixins.json into net.minecraft.world.chunk.WrapperProtoChunk
[14:23:41] [Worker-Main-1/DEBUG] (FabricLoader/Mixin) Mixing ChunkSectionMixin from fabric-block-api-v1.mixins.json into net.minecraft.world.chunk.ChunkSection
[14:23:41] [Worker-Main-9/DEBUG] (FabricLoader/Mixin) Mixing ChunkSectionBlockStateCounterMixin from fabric-block-api-v1.mixins.json into net.minecraft.world.chunk.ChunkSection$BlockStateCounter
[14:23:41] [User Authenticator #1/INFO] (net.minecraft.server.network.ServerLoginNetworkHandler) UUID of player Sansrus is 989a5a2e-2225-40e0-9db8-8092f70cd264
[14:23:41] [Worker-Main-2/DEBUG] (FabricLoader/Mixin) Mixing server.LanguageMixin from fabric-resource-loader-v0.mixins.json into net.minecraft.util.Language
[14:23:41] [Worker-Main-2/INFO] (net.minecraft.server.WorldGenerationProgressLogger) Preparing spawn area: 0%
[14:23:41] [Worker-Main-2/INFO] (net.minecraft.server.WorldGenerationProgressLogger) Preparing spawn area: 0%
[14:23:41] [Worker-Main-2/INFO] (net.minecraft.server.WorldGenerationProgressLogger) Preparing spawn area: 0%
[14:23:41] [Worker-Main-2/INFO] (net.minecraft.server.WorldGenerationProgressLogger) Preparing spawn area: 0%
[14:23:41] [Worker-Main-2/INFO] (net.minecraft.server.WorldGenerationProgressLogger) Preparing spawn area: 0%
[14:23:41] [Server thread/DEBUG] (FabricLoader/Mixin) Mixing LandPathNodeMakerMixin from fabric-content-registries-v0.mixins.json into net.minecraft.entity.ai.pathing.LandPathNodeMaker
[14:23:41] [Server thread/DEBUG] (FabricLoader/Mixin) fabric-content-registries-v0.mixins.json:LandPathNodeMakerMixin from mod fabric-content-registries-v0->@Inject::getCommonNodeType(Lnet/minecraft/world/BlockView;Lnet/minecraft/util/math/BlockPos;Lorg/spongepowered/asm/mixin/injection/callback/CallbackInfoReturnable;)V does use it's CallbackInfoReturnable
[14:23:41] [Server thread/INFO] (net.minecraft.server.WorldGenerationProgressLogger) Time elapsed: 2409 ms
[14:23:41] [Server thread/INFO] (net.minecraft.server.dedicated.MinecraftDedicatedServer) Done (2.912s)! For help, type "help"
[14:23:41] [Server thread/DEBUG] (FabricLoader/Mixin) Mixing DedicatedServerWatchdogMixin from fabric-crash-report-info-v1.mixins.json into net.minecraft.server.dedicated.DedicatedServerWatchdog
[14:23:41] [Server thread/DEBUG] (FabricLoader/Mixin) Mixing accessor.EntityTrackerAccessor from fabric-networking-api-v1.mixins.json into net.minecraft.server.world.ServerChunkLoadingManager$EntityTracker
[14:23:41] [Server thread/DEBUG] (FabricLoader/Mixin) Mixing EntityTrackerEntryMixin from fabric-networking-api-v1.mixins.json into net.minecraft.server.network.EntityTrackerEntry
[14:23:41] [Server thread/DEBUG] (FabricLoader/Mixin) fabric-networking-api-v1.mixins.json:EntityTrackerEntryMixin from mod fabric-networking-api-v1->@Inject::onStartTracking(Lnet/minecraft/server/network/ServerPlayerEntity;Lorg/spongepowered/asm/mixin/injection/callback/CallbackInfo;)V doesn't use it's CallbackInfo
[14:23:41] [Server thread/DEBUG] (FabricLoader/Mixin) fabric-networking-api-v1.mixins.json:EntityTrackerEntryMixin from mod fabric-networking-api-v1->@Inject::onStartTracking(Lnet/minecraft/server/network/ServerPlayerEntity;Lorg/spongepowered/asm/mixin/injection/callback/CallbackInfo;)V has 0 override(s) in child classes
[14:23:41] [Server thread/DEBUG] (FabricLoader/Mixin) fabric-networking-api-v1.mixins.json:EntityTrackerEntryMixin from mod fabric-networking-api-v1->@Inject::onStartTracking(Lnet/minecraft/server/network/ServerPlayerEntity;Lorg/spongepowered/asm/mixin/injection/callback/CallbackInfo;)V won't be passed a CallbackInfo as a result
[14:23:41] [Server thread/DEBUG] (FabricLoader/Mixin) fabric-networking-api-v1.mixins.json:EntityTrackerEntryMixin from mod fabric-networking-api-v1->@Inject::onStopTracking(Lnet/minecraft/server/network/ServerPlayerEntity;Lorg/spongepowered/asm/mixin/injection/callback/CallbackInfo;)V doesn't use it's CallbackInfo
[14:23:41] [Server thread/DEBUG] (FabricLoader/Mixin) fabric-networking-api-v1.mixins.json:EntityTrackerEntryMixin from mod fabric-networking-api-v1->@Inject::onStopTracking(Lnet/minecraft/server/network/ServerPlayerEntity;Lorg/spongepowered/asm/mixin/injection/callback/CallbackInfo;)V has 0 override(s) in child classes
[14:23:41] [Server thread/DEBUG] (FabricLoader/Mixin) fabric-networking-api-v1.mixins.json:EntityTrackerEntryMixin from mod fabric-networking-api-v1->@Inject::onStopTracking(Lnet/minecraft/server/network/ServerPlayerEntity;Lorg/spongepowered/asm/mixin/injection/callback/CallbackInfo;)V won't be passed a CallbackInfo as a result
[14:23:41] [Netty Server IO #1/DEBUG] (FabricLoader/Mixin) Mixing SelectKnownPacksC2SPacketMixin from fabric-resource-loader-v0.mixins.json into net.minecraft.network.packet.c2s.config.SelectKnownPacksC2SPacket
[14:23:41] [Netty Server IO #1/DEBUG] (FabricLoader/Mixin) Mixing CustomPayloadS2CPacketMixin from fabric-networking-api-v1.mixins.json into net.minecraft.network.packet.s2c.common.CustomPayloadS2CPacket
[14:23:41] [Netty Server IO #1/DEBUG] (FabricLoader/Mixin) Renaming synthetic method lambda$wrapConfigCodec$1(Lnet/minecraft/network/PacketByteBuf;Lnet/minecraft/util/Identifier;)Lnet/minecraft/network/packet/CustomPayload$Type; to md0fa23f$fabric-networking-api-v1$lambda$wrapConfigCodec$1$0 in fabric-networking-api-v1.mixins.json:CustomPayloadS2CPacketMixin from mod fabric-networking-api-v1
[14:23:41] [Netty Server IO #1/DEBUG] (FabricLoader/Mixin) Renaming synthetic method lambda$wrapPlayCodec$0(Lnet/minecraft/network/RegistryByteBuf;Lnet/minecraft/util/Identifier;)Lnet/minecraft/network/packet/CustomPayload$Type; to md0fa23f$fabric-networking-api-v1$lambda$wrapPlayCodec$0$1 in fabric-networking-api-v1.mixins.json:CustomPayloadS2CPacketMixin from mod fabric-networking-api-v1
[14:23:41] [Server thread/DEBUG] (FabricLoader/Mixin) Mixing EnchantmentHelperMixin from fabric-item-api-v1.mixins.json into net.minecraft.enchantment.EnchantmentHelper
[14:23:41] [Netty Server IO #1/DEBUG] (FabricLoader/Mixin) Mixing SerializableRegistriesMixin from fabric-registry-sync-v0.mixins.json into net.minecraft.registry.SerializableRegistries
[14:23:41] [Netty Server IO #1/DEBUG] (FabricLoader/Mixin) fabric-registry-sync-v0.mixins.json:SerializableRegistriesMixin from mod fabric-registry-sync-v0->@Inject::filterNonSyncedEntries(Lnet/minecraft/registry/DynamicRegistryManager$Entry;Lorg/spongepowered/asm/mixin/injection/callback/CallbackInfoReturnable;)V does use it's CallbackInfoReturnable
[14:23:41] [Netty Server IO #1/DEBUG] (FabricLoader/Mixin) fabric-registry-sync-v0.mixins.json:SerializableRegistriesMixin from mod fabric-registry-sync-v0->@Inject::filterNonSyncedEntriesAgain(Ljava/util/Set;Lnet/minecraft/registry/RegistryLoader$Entry;Lcom/mojang/serialization/DynamicOps;Ljava/util/function/BiConsumer;Lnet/minecraft/registry/Registry;Lorg/spongepowered/asm/mixin/injection/callback/CallbackInfo;)V does use it's CallbackInfo
[14:23:41] [Netty Server IO #1/DEBUG] (ServerConfigurationNetworkAddon for Sansrus) Handling inbound packet from channel with name "minecraft:register"
[14:23:41] [Netty Server IO #1/DEBUG] (FabricRegistrySync) Skipping un-modded registry: minecraft:command_argument_type
[14:23:41] [Netty Server IO #1/DEBUG] (FabricRegistrySync) Not syncing registry: minecraft:decorated_pot_pattern
[14:23:41] [Netty Server IO #1/DEBUG] (FabricRegistrySync) Skipping un-modded registry: minecraft:item
[14:23:41] [Netty Server IO #1/DEBUG] (FabricRegistrySync) Skipping un-modded registry: minecraft:block_entity_type
[14:23:41] [Netty Server IO #1/DEBUG] (FabricRegistrySync) Skipping un-modded registry: minecraft:custom_stat
[14:23:41] [Netty Server IO #1/DEBUG] (FabricRegistrySync) Not syncing registry: minecraft:spawn_condition_type
[14:23:41] [Netty Server IO #1/DEBUG] (FabricRegistrySync) Skipping un-modded registry: minecraft:consume_effect_type
[14:23:41] [Netty Server IO #1/DEBUG] (FabricRegistrySync) Not syncing registry: minecraft:worldgen/foliage_placer_type
[14:23:41] [Netty Server IO #1/DEBUG] (FabricRegistrySync) Skipping un-modded registry: minecraft:number_format_type
[14:23:41] [Netty Server IO #1/DEBUG] (FabricRegistrySync) Skipping un-modded registry: minecraft:stat_type
[14:23:41] [Netty Server IO #1/DEBUG] (FabricRegistrySync) Not syncing registry: minecraft:worldgen/material_rule
[14:23:41] [Netty Server IO #1/DEBUG] (FabricRegistrySync) Not syncing registry: minecraft:worldgen/structure_type
[14:23:41] [Netty Server IO #1/DEBUG] (FabricRegistrySync) Skipping un-modded registry: minecraft:attribute
[14:23:41] [Netty Server IO #1/DEBUG] (FabricRegistrySync) Skipping un-modded registry: minecraft:position_source_type
[14:23:41] [Netty Server IO #1/DEBUG] (FabricRegistrySync) Not syncing registry: minecraft:height_provider_type
[14:23:41] [Netty Server IO #1/DEBUG] (FabricRegistrySync) Skipping un-modded registry: minecraft:recipe_display
[14:23:41] [Netty Server IO #1/DEBUG] (FabricRegistrySync) Not syncing registry: minecraft:test_environment_definition_type
[14:23:41] [Netty Server IO #1/DEBUG] (FabricRegistrySync) Skipping un-modded registry: minecraft:data_component_type
[14:23:41] [Netty Server IO #1/DEBUG] (FabricRegistrySync) Not syncing registry: minecraft:rule_block_entity_modifier
[14:23:41] [Netty Server IO #1/DEBUG] (FabricRegistrySync) Not syncing registry: minecraft:worldgen/density_function_type
[14:23:41] [Netty Server IO #1/DEBUG] (FabricRegistrySync) Not syncing registry: minecraft:dialog_action_type
[14:23:41] [Netty Server IO #1/DEBUG] (FabricRegistrySync) Skipping un-modded registry: minecraft:fluid
[14:23:41] [Netty Server IO #1/DEBUG] (FabricRegistrySync) Not syncing registry: minecraft:loot_condition_type
[14:23:41] [Netty Server IO #1/DEBUG] (FabricRegistrySync) Not syncing registry: minecraft:worldgen/structure_pool_element
[14:23:41] [Netty Server IO #1/DEBUG] (FabricRegistrySync) Not syncing registry: minecraft:activity
[14:23:41] [Netty Server IO #1/DEBUG] (FabricRegistrySync) Not syncing registry: minecraft:block_type
[14:23:41] [Netty Server IO #1/DEBUG] (FabricRegistrySync) Not syncing registry: minecraft:recipe_serializer
[14:23:41] [Netty Server IO #1/DEBUG] (FabricRegistrySync) Not syncing registry: minecraft:enchantment_provider_type
[14:23:41] [Netty Server IO #1/DEBUG] (FabricRegistrySync) Not syncing registry: minecraft:test_function
[14:23:41] [Netty Server IO #1/DEBUG] (FabricRegistrySync) Not syncing registry: minecraft:worldgen/feature_size_type
[14:23:41] [Netty Server IO #1/DEBUG] (FabricRegistrySync) Not syncing registry: minecraft:point_of_interest_type
[14:23:41] [Netty Server IO #1/DEBUG] (FabricRegistrySync) Skipping un-modded registry: minecraft:mob_effect
[14:23:41] [Netty Server IO #1/DEBUG] (FabricRegistrySync) Not syncing registry: minecraft:loot_pool_entry_type
[14:23:41] [Netty Server IO #1/DEBUG] (FabricRegistrySync) Not syncing registry: minecraft:worldgen/block_state_provider_type
[14:23:41] [Netty Server IO #1/DEBUG] (FabricRegistrySync) Not syncing registry: minecraft:worldgen/chunk_generator
[14:23:41] [Netty Server IO #1/DEBUG] (FabricRegistrySync) Not syncing registry: minecraft:float_provider_type
[14:23:41] [Netty Server IO #1/DEBUG] (FabricRegistrySync) Not syncing registry: minecraft:chunk_status
[14:23:41] [Netty Server IO #1/DEBUG] (FabricRegistrySync) Not syncing registry: minecraft:loot_function_type
[14:23:41] [Netty Server IO #1/DEBUG] (FabricRegistrySync) Not syncing registry: minecraft:worldgen/structure_processor
[14:23:41] [Netty Server IO #1/DEBUG] (FabricRegistrySync) Not syncing registry: minecraft:enchantment_effect_component_type
[14:23:41] [Netty Server IO #1/DEBUG] (FabricRegistrySync) Not syncing registry: minecraft:loot_score_provider_type
[14:23:41] [Netty Server IO #1/DEBUG] (FabricRegistrySync) Not syncing registry: minecraft:input_control_type
[14:23:41] [Netty Server IO #1/DEBUG] (FabricRegistrySync) Not syncing registry: minecraft:worldgen/tree_decorator_type
[14:23:41] [Netty Server IO #1/DEBUG] (FabricRegistrySync) Not syncing registry: minecraft:schedule
[14:23:41] [Netty Server IO #1/DEBUG] (FabricRegistrySync) Not syncing registry: minecraft:worldgen/material_condition
[14:23:41] [Netty Server IO #1/DEBUG] (FabricRegistrySync) Not syncing registry: minecraft:worldgen/pool_alias_binding
[14:23:41] [Netty Server IO #1/DEBUG] (FabricRegistrySync) Skipping un-modded registry: minecraft:entity_type
[14:23:41] [Netty Server IO #1/DEBUG] (FabricRegistrySync) Skipping un-modded registry: minecraft:recipe_book_category
[14:23:41] [Netty Server IO #1/DEBUG] (FabricRegistrySync) Skipping un-modded registry: minecraft:villager_profession
[14:23:41] [Netty Server IO #1/DEBUG] (FabricRegistrySync) Skipping un-modded registry: minecraft:potion
[14:23:41] [Netty Server IO #1/DEBUG] (FabricRegistrySync) Not syncing registry: minecraft:enchantment_entity_effect_type
[14:23:41] [Netty Server IO #1/DEBUG] (FabricRegistrySync) Not syncing registry: minecraft:recipe_type
[14:23:41] [Netty Server IO #1/DEBUG] (FabricRegistrySync) Not syncing registry: minecraft:int_provider_type
[14:23:41] [Netty Server IO #1/DEBUG] (FabricRegistrySync) Not syncing registry: minecraft:worldgen/feature
[14:23:41] [Netty Server IO #1/DEBUG] (FabricRegistrySync) Not syncing registry: minecraft:enchantment_level_based_value_type
[14:23:41] [Netty Server IO #1/DEBUG] (FabricRegistrySync) Not syncing registry: minecraft:pos_rule_test
[14:23:41] [Netty Server IO #1/DEBUG] (FabricRegistrySync) Not syncing registry: minecraft:worldgen/structure_placement
[14:23:41] [Netty Server IO #1/DEBUG] (FabricRegistrySync) Not syncing registry: minecraft:enchantment_value_effect_type
[14:23:41] [Netty Server IO #1/DEBUG] (FabricRegistrySync) Not syncing registry: minecraft:loot_nbt_provider_type
[14:23:41] [Netty Server IO #1/DEBUG] (FabricRegistrySync) Skipping un-modded registry: minecraft:data_component_predicate_type
[14:23:41] [Netty Server IO #1/DEBUG] (FabricRegistrySync) Skipping un-modded registry: minecraft:menu
[14:23:41] [Netty Server IO #1/DEBUG] (FabricRegistrySync) Not syncing registry: minecraft:worldgen/trunk_placer_type
[14:23:41] [Netty Server IO #1/DEBUG] (FabricRegistrySync) Not syncing registry: minecraft:creative_mode_tab
[14:23:41] [Netty Server IO #1/DEBUG] (FabricRegistrySync) Not syncing registry: minecraft:entity_sub_predicate_type
[14:23:41] [Netty Server IO #1/DEBUG] (FabricRegistrySync) Not syncing registry: minecraft:enchantment_location_based_effect_type
[14:23:41] [Netty Server IO #1/DEBUG] (FabricRegistrySync) Not syncing registry: minecraft:worldgen/placement_modifier_type
[14:23:41] [Netty Server IO #1/DEBUG] (FabricRegistrySync) Not syncing registry: minecraft:worldgen/carver
[14:23:41] [Netty Server IO #1/DEBUG] (FabricRegistrySync) Not syncing registry: minecraft:loot_number_provider_type
[14:23:41] [Netty Server IO #1/DEBUG] (FabricRegistrySync) Skipping un-modded registry: minecraft:slot_display
[14:23:41] [Netty Server IO #1/DEBUG] (FabricRegistrySync) Not syncing registry: minecraft:ticket_type
[14:23:41] [Netty Server IO #1/DEBUG] (FabricRegistrySync) Not syncing registry: minecraft:test_instance_type
[14:23:41] [Netty Server IO #1/DEBUG] (FabricRegistrySync) Not syncing registry: minecraft:worldgen/structure_piece
[14:23:41] [Netty Server IO #1/DEBUG] (FabricRegistrySync) Skipping un-modded registry: minecraft:sound_event
[14:23:41] [Netty Server IO #1/DEBUG] (FabricRegistrySync) Skipping un-modded registry: minecraft:particle_type
[14:23:41] [Netty Server IO #1/DEBUG] (FabricRegistrySync) Skipping un-modded registry: minecraft:game_event
[14:23:41] [Netty Server IO #1/DEBUG] (FabricRegistrySync) Not syncing registry: minecraft:worldgen/biome_source
[14:23:41] [Netty Server IO #1/DEBUG] (FabricRegistrySync) Not syncing registry: minecraft:worldgen/root_placer_type
[14:23:41] [Netty Server IO #1/DEBUG] (FabricRegistrySync) Skipping un-modded registry: minecraft:villager_type
[14:23:41] [Netty Server IO #1/DEBUG] (FabricRegistrySync) Not syncing registry: minecraft:dialog_body_type
[14:23:41] [Netty Server IO #1/DEBUG] (FabricRegistrySync) Not syncing registry: minecraft:block_predicate_type
[14:23:41] [Netty Server IO #1/DEBUG] (FabricRegistrySync) Skipping un-modded registry: minecraft:block
[14:23:41] [Netty Server IO #1/DEBUG] (FabricRegistrySync) Not syncing registry: minecraft:trigger_type
[14:23:41] [Netty Server IO #1/DEBUG] (FabricRegistrySync) Not syncing registry: minecraft:sensor_type
[14:23:41] [Netty Server IO #1/DEBUG] (FabricRegistrySync) Not syncing registry: minecraft:rule_test
[14:23:41] [Netty Server IO #1/DEBUG] (FabricRegistrySync) Skipping un-modded registry: minecraft:map_decoration_type
[14:23:41] [Netty Server IO #1/DEBUG] (FabricRegistrySync) Not syncing registry: minecraft:memory_module_type
[14:23:41] [Netty Server IO #1/DEBUG] (FabricRegistrySync) Not syncing registry: minecraft:dialog_type
[14:23:41] [Netty Server IO #1/DEBUG] (FabricLoader/Mixin) Mixing SynchronizeRegistriesTaskMixin from fabric-resource-loader-v0.mixins.json into net.minecraft.server.network.SynchronizeRegistriesTask
[14:23:41] [Netty Server IO #1/DEBUG] (FabricLoader/Mixin) fabric-resource-loader-v0.mixins.json:SynchronizeRegistriesTaskMixin from mod fabric-resource-loader-v0->@Inject::onSelectKnownPacks(Ljava/util/List;Ljava/util/function/Consumer;Lorg/spongepowered/asm/mixin/injection/callback/CallbackInfo;)V does use it's CallbackInfo
[14:23:41] [Netty Server IO #1/DEBUG] (FabricLoader/Mixin) fabric-resource-loader-v0.mixins.json:SynchronizeRegistriesTaskMixin from mod fabric-resource-loader-v0->@Inject::syncRegistryAndTags(Ljava/util/function/Consumer;Ljava/util/Set;Lorg/spongepowered/asm/mixin/injection/callback/CallbackInfo;)V doesn't use it's CallbackInfo
[14:23:41] [Netty Server IO #1/DEBUG] (FabricLoader/Mixin) fabric-resource-loader-v0.mixins.json:SynchronizeRegistriesTaskMixin from mod fabric-resource-loader-v0->@Inject::syncRegistryAndTags(Ljava/util/function/Consumer;Ljava/util/Set;Lorg/spongepowered/asm/mixin/injection/callback/CallbackInfo;)V has 0 override(s) in child classes
[14:23:41] [Netty Server IO #1/DEBUG] (FabricLoader/Mixin) fabric-resource-loader-v0.mixins.json:SynchronizeRegistriesTaskMixin from mod fabric-resource-loader-v0->@Inject::syncRegistryAndTags(Ljava/util/function/Consumer;Ljava/util/Set;Lorg/spongepowered/asm/mixin/injection/callback/CallbackInfo;)V won't be passed a CallbackInfo as a result
[14:23:41] [Netty Server IO #1/DEBUG] (FabricLoader/Mixin) fabric-resource-loader-v0.mixins.json:SynchronizeRegistriesTaskMixin from mod fabric-resource-loader-v0->@Inject::sendPacket(Ljava/util/function/Consumer;Lorg/spongepowered/asm/mixin/injection/callback/CallbackInfo;)V does use it's CallbackInfo
[14:23:41] [Netty Server IO #1/DEBUG] (ServerConfigurationNetworkAddon for Sansrus) Handling inbound packet from channel with name "fabric:custom_ingredient_sync"
[14:23:41] [Netty Server IO #1/DEBUG] (ServerConfigurationNetworkAddon for Sansrus) Handling inbound packet from channel with name "fabric:accepted_attachments_v1"
[14:23:41] [Netty Server IO #1/DEBUG] (ServerConfigurationNetworkAddon for Sansrus) Handling inbound packet from channel with name "c:version"
[14:23:41] [Netty Server IO #1/DEBUG] (ServerConfigurationNetworkAddon for Sansrus) Negotiated common packet version 1
[14:23:41] [Server thread/DEBUG] (FabricLoader/Mixin) Mixing PathContextMixin from fabric-content-registries-v0.mixins.json into net.minecraft.entity.ai.pathing.PathContext
[14:23:41] [Netty Server IO #1/DEBUG] (ServerConfigurationNetworkAddon for Sansrus) Handling inbound packet from channel with name "c:register"
[14:23:41] [Netty Server IO #1/DEBUG] (fabric-networking-api-v1) Received accepted channels from the client for play phase
[14:23:41] [Server thread/DEBUG] (FabricLoader/Mixin) fabric-content-registries-v0.mixins.json:PathContextMixin from mod fabric-content-registries-v0->@Inject::onGetNodeType(IIILorg/spongepowered/asm/mixin/injection/callback/CallbackInfoReturnable;)V does use it's CallbackInfoReturnable
[14:23:41] [Server thread/DEBUG] (SynchronizeRegistriesTaskMixin) Synchronizing registries with common known packs: [minecraft:core:1.21.7]
[14:23:42] [Server thread/DEBUG] (FabricLoader/Mixin) Mixing PlayerAdvancementTrackerMixin from fabric-events-interaction-v0.mixins.json into net.minecraft.advancement.PlayerAdvancementTracker
[14:23:42] [Server thread/DEBUG] (FabricLoader/Mixin) fabric-events-interaction-v0.mixins.json:PlayerAdvancementTrackerMixin from mod fabric-events-interaction-v0->@Inject::preventOwnerOverride(Lnet/minecraft/server/network/ServerPlayerEntity;Lorg/spongepowered/asm/mixin/injection/callback/CallbackInfo;)V does use it's CallbackInfo
[14:23:42] [Server thread/DEBUG] (FabricLoader/Mixin) fabric-events-interaction-v0.mixins.json:PlayerAdvancementTrackerMixin from mod fabric-events-interaction-v0->@Inject::preventGrantCriterion(Lnet/minecraft/advancement/AdvancementEntry;Ljava/lang/String;Lorg/spongepowered/asm/mixin/injection/callback/CallbackInfoReturnable;)V does use it's CallbackInfoReturnable
[14:23:42] [Server thread/INFO] (net.minecraft.server.PlayerManager) Sansrus[/127.0.0.1:56919] logged in with entity id 52 at (-19.66327980304864, 74.0, 20.176179880099742)
[14:23:42] [Server thread/DEBUG] (FabricLoader/Mixin) Mixing ChunkDataSenderMixin from fabric-data-attachment-api-v1.mixins.json into net.minecraft.server.network.ChunkDataSender
[14:23:42] [Server thread/INFO] (net.minecraft.server.MinecraftServer) Sansrus joined the game
[14:23:42] [Netty Server IO #1/DEBUG] (ServerPlayNetworkAddon for empty[style={color=dark_green,clickEvent=SuggestCommand[command=/tell Sansrus ],hoverEvent=ShowEntity[entity=net.minecraft.text.HoverEvent$EntityContent@6057850],insertion=Sansrus}, siblings=[empty, literal{Sansrus}, empty]]) Handling inbound packet from channel with name "voicechat:request_secret"
[14:23:42] [Netty Server IO #1/DEBUG] (ServerPlayNetworkAddon for empty[style={color=dark_green,clickEvent=SuggestCommand[command=/tell Sansrus ],hoverEvent=ShowEntity[entity=net.minecraft.text.HoverEvent$EntityContent@6057850],insertion=Sansrus}, siblings=[empty, literal{Sansrus}, empty]]) Handling inbound packet from channel with name "minecraft:register"
[14:23:42] [Netty Server IO #1/DEBUG] (ServerPlayNetworkAddon for empty[style={color=dark_green,clickEvent=SuggestCommand[command=/tell Sansrus ],hoverEvent=ShowEntity[entity=net.minecraft.text.HoverEvent$EntityContent@6057850],insertion=Sansrus}, siblings=[empty, literal{Sansrus}, empty]]) Handling inbound packet from channel with name "tiscm:network/v1"
[14:23:43] [Netty Server IO #1/DEBUG] (ServerPlayNetworkAddon for empty[style={color=dark_green,clickEvent=SuggestCommand[command=/tell Sansrus ],hoverEvent=ShowEntity[entity=net.minecraft.text.HoverEvent$EntityContent@6057850],insertion=Sansrus}, siblings=[empty, literal{Sansrus}, empty]]) Handling inbound packet from channel with name "minecraft:unregister"
[14:24:35] [Server thread/INFO] (net.minecraft.util.logging.LoggerPrintStream) [STDOUT]: [PVDtime] Добавлен тег PVD для Sansrus
